ISO-10303-21;
HEADER;
/* Generated by software containing ST-Developer
 * from STEP Tools, Inc. (www.steptools.com) 
 */

FILE_DESCRIPTION(
/* description */ (''),
/* implementation_level */ '2;1');

FILE_NAME(
/* name */ 'Top.step',
/* time_stamp */ '2026-09-08T21:21:05+02:00',
/* author */ (''),
/* organization */ (''),
/* preprocessor_version */ 'ST-DEVELOPER v20.1',
/* originating_system */ 'Autodesk Translation Framework v15.8.0.0',
/* authorisation */ '');

FILE_SCHEMA (('AUTOMOTIVE_DESIGN { 1 0 10303 214 3 1 1 }'));
ENDSEC;

DATA;
#10=MECHANICAL_DESIGN_GEOMETRIC_PRESENTATION_REPRESENTATION('',(#25,#26,
#27,#28,#29,#30),#3059);
#11=SHAPE_REPRESENTATION_RELATIONSHIP('SRR','None',#3066,#12);
#12=ADVANCED_BREP_SHAPE_REPRESENTATION('',(#31,#32,#33,#34,#35,#36),#3058);
#13=B_SPLINE_SURFACE_WITH_KNOTS('',3,3,((#2735,#2736,#2737,#2738,#2739,
#2740,#2741,#2742,#2743,#2744,#2745,#2746,#2747,#2748,#2749,#2750,#2751,
#2752,#2753,#2754,#2755),(#2756,#2757,#2758,#2759,#2760,#2761,#2762,#2763,
#2764,#2765,#2766,#2767,#2768,#2769,#2770,#2771,#2772,#2773,#2774,#2775,
#2776),(#2777,#2778,#2779,#2780,#2781,#2782,#2783,#2784,#2785,#2786,#2787,
#2788,#2789,#2790,#2791,#2792,#2793,#2794,#2795,#2796,#2797),(#2798,#2799,
#2800,#2801,#2802,#2803,#2804,#2805,#2806,#2807,#2808,#2809,#2810,#2811,
#2812,#2813,#2814,#2815,#2816,#2817,#2818),(#2819,#2820,#2821,#2822,#2823,
#2824,#2825,#2826,#2827,#2828,#2829,#2830,#2831,#2832,#2833,#2834,#2835,
#2836,#2837,#2838,#2839),(#2840,#2841,#2842,#2843,#2844,#2845,#2846,#2847,
#2848,#2849,#2850,#2851,#2852,#2853,#2854,#2855,#2856,#2857,#2858,#2859,
#2860)),.UNSPECIFIED.,.F.,.F.,.F.,(4,1,1,4),(4,1,1,1,1,1,1,1,1,1,1,1,1,
1,1,1,1,1,4),(0.,0.285714285714286,0.571428571428571,1.00005550569381),
(-0.101480692416487,-0.0686653558405217,-0.035905524958364,0.0296141368059517,
0.0951337985702673,0.160653460334583,0.193413291216741,0.226173122098898,
0.291692783863214,0.35721244562753,0.422732107391845,0.521011600038319,
0.537391515479398,0.553771430920477,0.619291092684792,0.684810754449108,
0.750330416213423,0.783090247095581,0.815905583671546),.UNSPECIFIED.);
#14=B_SPLINE_SURFACE_WITH_KNOTS('',3,1,((#2974,#2975),(#2976,#2977),(#2978,
#2979),(#2980,#2981),(#2982,#2983)),.UNSPECIFIED.,.F.,.F.,.F.,(4,1,4),(2,
2),(0.414668949118475,0.665525113781986,1.),(0.,0.0240000014852392),
 .UNSPECIFIED.);
#15=B_SPLINE_SURFACE_WITH_KNOTS('',3,1,((#2991,#2992),(#2993,#2994),(#2995,
#2996),(#2997,#2998),(#2999,#3000)),.UNSPECIFIED.,.F.,.F.,.F.,(4,1,4),(2,
2),(0.414668966918203,0.665525123953259,1.),(0.,0.0240009858475183),
 .UNSPECIFIED.);
#16=B_SPLINE_SURFACE_WITH_KNOTS('',3,3,((#3008,#3009,#3010,#3011,#3012),
(#3013,#3014,#3015,#3016,#3017),(#3018,#3019,#3020,#3021,#3022),(#3023,
#3024,#3025,#3026,#3027),(#3028,#3029,#3030,#3031,#3032),(#3033,#3034,#3035,
#3036,#3037)),.UNSPECIFIED.,.F.,.F.,.F.,(4,1,1,4),(4,1,4),(0.,0.285714285714286,
0.571428571428571,1.),(0.0199999608206425,0.208380184327905,0.459553815670921),
 .UNSPECIFIED.);
#17=TOROIDAL_SURFACE('',#1664,2.5,0.5);
#18=TOROIDAL_SURFACE('',#1670,2.5,0.5);
#19=TOROIDAL_SURFACE('',#1676,2.5,0.5);
#20=TOROIDAL_SURFACE('',#1682,2.5,0.5);
#21=TOROIDAL_SURFACE('',#1705,8.74999999999998,1.);
#22=TOROIDAL_SURFACE('',#1716,8.74999999999999,1.);
#23=TOROIDAL_SURFACE('',#1727,2.,0.5);
#24=TOROIDAL_SURFACE('',#1736,2.79999999999999,0.5);
#25=STYLED_ITEM('',(#3076),#31);
#26=STYLED_ITEM('',(#3077),#32);
#27=STYLED_ITEM('',(#3077),#33);
#28=STYLED_ITEM('',(#3077),#34);
#29=STYLED_ITEM('',(#3077),#35);
#30=STYLED_ITEM('',(#3077),#36);
#31=MANIFOLD_SOLID_BREP('K\X\F6rper2',#1559);
#32=MANIFOLD_SOLID_BREP('K\X\F6rper7',#1560);
#33=MANIFOLD_SOLID_BREP('K\X\F6rper8',#1561);
#34=MANIFOLD_SOLID_BREP('K\X\F6rper9',#1562);
#35=MANIFOLD_SOLID_BREP('K\X\F6rper10',#1563);
#36=MANIFOLD_SOLID_BREP('K\X\F6rper11',#1564);
#37=FACE_BOUND('',#269,.T.);
#38=FACE_BOUND('',#270,.T.);
#39=FACE_BOUND('',#271,.T.);
#40=FACE_BOUND('',#272,.T.);
#41=FACE_BOUND('',#273,.T.);
#42=FACE_BOUND('',#274,.T.);
#43=FACE_BOUND('',#284,.T.);
#44=FACE_BOUND('',#285,.T.);
#45=FACE_BOUND('',#286,.T.);
#46=FACE_BOUND('',#287,.T.);
#47=FACE_BOUND('',#288,.T.);
#48=FACE_BOUND('',#289,.T.);
#49=FACE_BOUND('',#341,.T.);
#50=FACE_BOUND('',#346,.T.);
#51=FACE_BOUND('',#351,.T.);
#52=PLANE('',#1582);
#53=PLANE('',#1602);
#54=PLANE('',#1606);
#55=PLANE('',#1609);
#56=PLANE('',#1622);
#57=PLANE('',#1624);
#58=PLANE('',#1626);
#59=PLANE('',#1628);
#60=PLANE('',#1630);
#61=PLANE('',#1635);
#62=PLANE('',#1637);
#63=PLANE('',#1639);
#64=PLANE('',#1641);
#65=PLANE('',#1643);
#66=PLANE('',#1656);
#67=PLANE('',#1660);
#68=PLANE('',#1686);
#69=PLANE('',#1689);
#70=PLANE('',#1692);
#71=PLANE('',#1695);
#72=PLANE('',#1698);
#73=PLANE('',#1701);
#74=PLANE('',#1704);
#75=PLANE('',#1715);
#76=PLANE('',#1726);
#77=PLANE('',#1739);
#78=PLANE('',#1742);
#79=PLANE('',#1743);
#80=PLANE('',#1744);
#81=PLANE('',#1749);
#82=PLANE('',#1752);
#83=PLANE('',#1753);
#84=PLANE('',#1754);
#85=CIRCLE('',#1580,9.5);
#86=CIRCLE('',#1581,9.5);
#87=CIRCLE('',#1583,4.99999999999999);
#88=CIRCLE('',#1584,5.);
#89=CIRCLE('',#1585,4.99999999999999);
#90=CIRCLE('',#1586,5.00000000000002);
#91=CIRCLE('',#1587,2.5);
#92=CIRCLE('',#1588,2.5);
#93=CIRCLE('',#1589,9.5);
#94=CIRCLE('',#1590,2.5);
#95=CIRCLE('',#1591,2.5);
#96=CIRCLE('',#1592,2.5);
#97=CIRCLE('',#1593,2.5);
#98=CIRCLE('',#1594,2.);
#99=CIRCLE('',#1595,2.);
#100=CIRCLE('',#1596,2.);
#101=CIRCLE('',#1597,2.);
#102=CIRCLE('',#1600,9.5);
#103=CIRCLE('',#1604,2.5);
#104=CIRCLE('',#1608,2.5);
#105=CIRCLE('',#1610,4.99999999999999);
#106=CIRCLE('',#1611,5.00000000000002);
#107=CIRCLE('',#1612,4.99999999999999);
#108=CIRCLE('',#1613,5.);
#109=CIRCLE('',#1614,2.);
#110=CIRCLE('',#1615,2.);
#111=CIRCLE('',#1616,2.);
#112=CIRCLE('',#1617,2.);
#113=CIRCLE('',#1618,2.5);
#114=CIRCLE('',#1619,2.5);
#115=CIRCLE('',#1620,2.5);
#116=CIRCLE('',#1621,2.5);
#117=CIRCLE('',#1645,0.499999999999989);
#118=CIRCLE('',#1646,0.500000000000007);
#119=CIRCLE('',#1648,0.499999999999998);
#120=CIRCLE('',#1649,0.499999999999998);
#121=CIRCLE('',#1651,0.500000000000007);
#122=CIRCLE('',#1652,0.500000000000007);
#123=CIRCLE('',#1654,0.499999999999998);
#124=CIRCLE('',#1655,0.500000000000027);
#125=CIRCLE('',#1658,3.);
#126=CIRCLE('',#1659,3.);
#127=CIRCLE('',#1662,3.);
#128=CIRCLE('',#1663,3.);
#129=CIRCLE('',#1665,0.5);
#130=CIRCLE('',#1666,2.);
#131=CIRCLE('',#1667,0.500000000000007);
#132=CIRCLE('',#1669,0.499999999999989);
#133=CIRCLE('',#1671,0.499999999999972);
#134=CIRCLE('',#1672,3.);
#135=CIRCLE('',#1673,2.);
#136=CIRCLE('',#1675,0.500000000000007);
#137=CIRCLE('',#1677,0.499999999999998);
#138=CIRCLE('',#1678,3.);
#139=CIRCLE('',#1679,2.);
#140=CIRCLE('',#1681,0.499999999999998);
#141=CIRCLE('',#1683,0.499999999999989);
#142=CIRCLE('',#1684,2.);
#143=CIRCLE('',#1688,2.);
#144=CIRCLE('',#1691,2.);
#145=CIRCLE('',#1694,2.);
#146=CIRCLE('',#1697,2.);
#147=CIRCLE('',#1700,3.);
#148=CIRCLE('',#1703,3.);
#149=CIRCLE('',#1706,9.74999999999999);
#150=CIRCLE('',#1707,1.);
#151=CIRCLE('',#1708,9.25);
#152=CIRCLE('',#1709,9.25);
#153=CIRCLE('',#1710,9.74999999999999);
#154=CIRCLE('',#1712,9.75000000000001);
#155=CIRCLE('',#1714,9.25);
#156=CIRCLE('',#1717,9.74999999999999);
#157=CIRCLE('',#1718,1.);
#158=CIRCLE('',#1719,9.25);
#159=CIRCLE('',#1720,9.25);
#160=CIRCLE('',#1721,9.74999999999999);
#161=CIRCLE('',#1723,9.75);
#162=CIRCLE('',#1725,9.25);
#163=CIRCLE('',#1728,2.);
#164=CIRCLE('',#1729,2.5);
#165=CIRCLE('',#1731,2.5);
#166=CIRCLE('',#1733,0.500000000000007);
#167=CIRCLE('',#1735,0.5);
#168=CIRCLE('',#1737,2.29999999999999);
#169=CIRCLE('',#1738,2.79999999999999);
#170=CIRCLE('',#1741,2.29999999999999);
#171=CIRCLE('',#1745,2.5);
#172=CIRCLE('',#1747,2.5);
#173=CIRCLE('',#1748,2.29999999999997);
#174=CIRCLE('',#1751,2.29999999999999);
#175=FACE_OUTER_BOUND('',#266,.T.);
#176=FACE_OUTER_BOUND('',#267,.T.);
#177=FACE_OUTER_BOUND('',#268,.T.);
#178=FACE_OUTER_BOUND('',#275,.T.);
#179=FACE_OUTER_BOUND('',#276,.T.);
#180=FACE_OUTER_BOUND('',#277,.T.);
#181=FACE_OUTER_BOUND('',#278,.T.);
#182=FACE_OUTER_BOUND('',#279,.T.);
#183=FACE_OUTER_BOUND('',#280,.T.);
#184=FACE_OUTER_BOUND('',#281,.T.);
#185=FACE_OUTER_BOUND('',#282,.T.);
#186=FACE_OUTER_BOUND('',#283,.T.);
#187=FACE_OUTER_BOUND('',#290,.T.);
#188=FACE_OUTER_BOUND('',#291,.T.);
#189=FACE_OUTER_BOUND('',#292,.T.);
#190=FACE_OUTER_BOUND('',#293,.T.);
#191=FACE_OUTER_BOUND('',#294,.T.);
#192=FACE_OUTER_BOUND('',#295,.T.);
#193=FACE_OUTER_BOUND('',#296,.T.);
#194=FACE_OUTER_BOUND('',#297,.T.);
#195=FACE_OUTER_BOUND('',#298,.T.);
#196=FACE_OUTER_BOUND('',#299,.T.);
#197=FACE_OUTER_BOUND('',#300,.T.);
#198=FACE_OUTER_BOUND('',#301,.T.);
#199=FACE_OUTER_BOUND('',#302,.T.);
#200=FACE_OUTER_BOUND('',#303,.T.);
#201=FACE_OUTER_BOUND('',#304,.T.);
#202=FACE_OUTER_BOUND('',#305,.T.);
#203=FACE_OUTER_BOUND('',#306,.T.);
#204=FACE_OUTER_BOUND('',#307,.T.);
#205=FACE_OUTER_BOUND('',#308,.T.);
#206=FACE_OUTER_BOUND('',#309,.T.);
#207=FACE_OUTER_BOUND('',#310,.T.);
#208=FACE_OUTER_BOUND('',#311,.T.);
#209=FACE_OUTER_BOUND('',#312,.T.);
#210=FACE_OUTER_BOUND('',#313,.T.);
#211=FACE_OUTER_BOUND('',#314,.T.);
#212=FACE_OUTER_BOUND('',#315,.T.);
#213=FACE_OUTER_BOUND('',#316,.T.);
#214=FACE_OUTER_BOUND('',#317,.T.);
#215=FACE_OUTER_BOUND('',#318,.T.);
#216=FACE_OUTER_BOUND('',#319,.T.);
#217=FACE_OUTER_BOUND('',#320,.T.);
#218=FACE_OUTER_BOUND('',#321,.T.);
#219=FACE_OUTER_BOUND('',#322,.T.);
#220=FACE_OUTER_BOUND('',#323,.T.);
#221=FACE_OUTER_BOUND('',#324,.T.);
#222=FACE_OUTER_BOUND('',#325,.T.);
#223=FACE_OUTER_BOUND('',#326,.T.);
#224=FACE_OUTER_BOUND('',#327,.T.);
#225=FACE_OUTER_BOUND('',#328,.T.);
#226=FACE_OUTER_BOUND('',#329,.T.);
#227=FACE_OUTER_BOUND('',#330,.T.);
#228=FACE_OUTER_BOUND('',#331,.T.);
#229=FACE_OUTER_BOUND('',#332,.T.);
#230=FACE_OUTER_BOUND('',#333,.T.);
#231=FACE_OUTER_BOUND('',#334,.T.);
#232=FACE_OUTER_BOUND('',#335,.T.);
#233=FACE_OUTER_BOUND('',#336,.T.);
#234=FACE_OUTER_BOUND('',#337,.T.);
#235=FACE_OUTER_BOUND('',#338,.T.);
#236=FACE_OUTER_BOUND('',#339,.T.);
#237=FACE_OUTER_BOUND('',#340,.T.);
#238=FACE_OUTER_BOUND('',#342,.T.);
#239=FACE_OUTER_BOUND('',#343,.T.);
#240=FACE_OUTER_BOUND('',#344,.T.);
#241=FACE_OUTER_BOUND('',#345,.T.);
#242=FACE_OUTER_BOUND('',#347,.T.);
#243=FACE_OUTER_BOUND('',#348,.T.);
#244=FACE_OUTER_BOUND('',#349,.T.);
#245=FACE_OUTER_BOUND('',#350,.T.);
#246=FACE_OUTER_BOUND('',#352,.T.);
#247=FACE_OUTER_BOUND('',#353,.T.);
#248=FACE_OUTER_BOUND('',#354,.T.);
#249=FACE_OUTER_BOUND('',#355,.T.);
#250=FACE_OUTER_BOUND('',#356,.T.);
#251=FACE_OUTER_BOUND('',#357,.T.);
#252=FACE_OUTER_BOUND('',#358,.T.);
#253=FACE_OUTER_BOUND('',#359,.T.);
#254=FACE_OUTER_BOUND('',#360,.T.);
#255=FACE_OUTER_BOUND('',#361,.T.);
#256=FACE_OUTER_BOUND('',#362,.T.);
#257=FACE_OUTER_BOUND('',#363,.T.);
#258=FACE_OUTER_BOUND('',#364,.T.);
#259=FACE_OUTER_BOUND('',#365,.T.);
#260=FACE_OUTER_BOUND('',#366,.T.);
#261=FACE_OUTER_BOUND('',#367,.T.);
#262=FACE_OUTER_BOUND('',#368,.T.);
#263=FACE_OUTER_BOUND('',#369,.T.);
#264=FACE_OUTER_BOUND('',#370,.T.);
#265=FACE_OUTER_BOUND('',#371,.T.);
#266=EDGE_LOOP('',(#978,#979,#980,#981));
#267=EDGE_LOOP('',(#982,#983,#984,#985,#986,#987));
#268=EDGE_LOOP('',(#988,#989,#990,#991,#992,#993,#994,#995));
#269=EDGE_LOOP('',(#996,#997,#998,#999,#1000,#1001,#1002,#1003));
#270=EDGE_LOOP('',(#1004));
#271=EDGE_LOOP('',(#1005));
#272=EDGE_LOOP('',(#1006));
#273=EDGE_LOOP('',(#1007));
#274=EDGE_LOOP('',(#1008,#1009,#1010,#1011,#1012,#1013,#1014,#1015));
#275=EDGE_LOOP('',(#1016,#1017,#1018,#1019));
#276=EDGE_LOOP('',(#1020,#1021,#1022,#1023,#1024,#1025));
#277=EDGE_LOOP('',(#1026,#1027,#1028,#1029));
#278=EDGE_LOOP('',(#1030,#1031,#1032,#1033));
#279=EDGE_LOOP('',(#1034,#1035,#1036,#1037,#1038,#1039));
#280=EDGE_LOOP('',(#1040,#1041,#1042,#1043));
#281=EDGE_LOOP('',(#1044,#1045,#1046,#1047));
#282=EDGE_LOOP('',(#1048,#1049,#1050,#1051,#1052,#1053));
#283=EDGE_LOOP('',(#1054,#1055,#1056,#1057,#1058,#1059,#1060,#1061));
#284=EDGE_LOOP('',(#1062,#1063,#1064,#1065,#1066,#1067,#1068,#1069));
#285=EDGE_LOOP('',(#1070));
#286=EDGE_LOOP('',(#1071));
#287=EDGE_LOOP('',(#1072));
#288=EDGE_LOOP('',(#1073));
#289=EDGE_LOOP('',(#1074,#1075,#1076,#1077,#1078,#1079,#1080,#1081));
#290=EDGE_LOOP('',(#1082,#1083,#1084,#1085));
#291=EDGE_LOOP('',(#1086,#1087,#1088,#1089));
#292=EDGE_LOOP('',(#1090,#1091,#1092,#1093));
#293=EDGE_LOOP('',(#1094,#1095,#1096,#1097));
#294=EDGE_LOOP('',(#1098,#1099,#1100,#1101));
#295=EDGE_LOOP('',(#1102,#1103,#1104,#1105));
#296=EDGE_LOOP('',(#1106,#1107,#1108,#1109));
#297=EDGE_LOOP('',(#1110,#1111,#1112,#1113));
#298=EDGE_LOOP('',(#1114,#1115,#1116,#1117));
#299=EDGE_LOOP('',(#1118,#1119,#1120,#1121));
#300=EDGE_LOOP('',(#1122,#1123,#1124,#1125));
#301=EDGE_LOOP('',(#1126,#1127,#1128,#1129));
#302=EDGE_LOOP('',(#1130,#1131,#1132,#1133));
#303=EDGE_LOOP('',(#1134,#1135,#1136,#1137));
#304=EDGE_LOOP('',(#1138,#1139,#1140,#1141));
#305=EDGE_LOOP('',(#1142,#1143,#1144,#1145));
#306=EDGE_LOOP('',(#1146,#1147,#1148,#1149));
#307=EDGE_LOOP('',(#1150,#1151,#1152,#1153));
#308=EDGE_LOOP('',(#1154,#1155,#1156,#1157));
#309=EDGE_LOOP('',(#1158,#1159,#1160,#1161));
#310=EDGE_LOOP('',(#1162,#1163,#1164,#1165));
#311=EDGE_LOOP('',(#1166,#1167,#1168,#1169));
#312=EDGE_LOOP('',(#1170,#1171,#1172,#1173));
#313=EDGE_LOOP('',(#1174,#1175,#1176,#1177));
#314=EDGE_LOOP('',(#1178,#1179,#1180,#1181));
#315=EDGE_LOOP('',(#1182,#1183,#1184,#1185));
#316=EDGE_LOOP('',(#1186,#1187,#1188,#1189));
#317=EDGE_LOOP('',(#1190,#1191,#1192,#1193));
#318=EDGE_LOOP('',(#1194,#1195,#1196,#1197));
#319=EDGE_LOOP('',(#1198,#1199,#1200,#1201));
#320=EDGE_LOOP('',(#1202,#1203,#1204,#1205,#1206,#1207));
#321=EDGE_LOOP('',(#1208,#1209,#1210,#1211));
#322=EDGE_LOOP('',(#1212,#1213,#1214,#1215,#1216,#1217));
#323=EDGE_LOOP('',(#1218,#1219,#1220,#1221));
#324=EDGE_LOOP('',(#1222,#1223,#1224,#1225,#1226,#1227));
#325=EDGE_LOOP('',(#1228,#1229,#1230,#1231));
#326=EDGE_LOOP('',(#1232,#1233,#1234,#1235,#1236,#1237));
#327=EDGE_LOOP('',(#1238,#1239,#1240,#1241));
#328=EDGE_LOOP('',(#1242,#1243,#1244,#1245));
#329=EDGE_LOOP('',(#1246,#1247,#1248,#1249));
#330=EDGE_LOOP('',(#1250,#1251,#1252,#1253));
#331=EDGE_LOOP('',(#1254,#1255,#1256,#1257));
#332=EDGE_LOOP('',(#1258,#1259,#1260,#1261));
#333=EDGE_LOOP('',(#1262,#1263,#1264,#1265));
#334=EDGE_LOOP('',(#1266,#1267,#1268,#1269));
#335=EDGE_LOOP('',(#1270,#1271,#1272,#1273));
#336=EDGE_LOOP('',(#1274,#1275,#1276,#1277));
#337=EDGE_LOOP('',(#1278,#1279,#1280,#1281));
#338=EDGE_LOOP('',(#1282,#1283,#1284,#1285));
#339=EDGE_LOOP('',(#1286,#1287,#1288,#1289));
#340=EDGE_LOOP('',(#1290,#1291,#1292,#1293,#1294,#1295,#1296,#1297));
#341=EDGE_LOOP('',(#1298,#1299,#1300,#1301,#1302,#1303,#1304,#1305));
#342=EDGE_LOOP('',(#1306,#1307,#1308,#1309,#1310,#1311));
#343=EDGE_LOOP('',(#1312,#1313,#1314,#1315,#1316));
#344=EDGE_LOOP('',(#1317,#1318,#1319,#1320,#1321));
#345=EDGE_LOOP('',(#1322));
#346=EDGE_LOOP('',(#1323));
#347=EDGE_LOOP('',(#1324,#1325,#1326,#1327,#1328,#1329));
#348=EDGE_LOOP('',(#1330,#1331,#1332,#1333,#1334));
#349=EDGE_LOOP('',(#1335,#1336,#1337,#1338,#1339));
#350=EDGE_LOOP('',(#1340));
#351=EDGE_LOOP('',(#1341));
#352=EDGE_LOOP('',(#1342,#1343,#1344,#1345,#1346,#1347));
#353=EDGE_LOOP('',(#1348,#1349,#1350,#1351));
#354=EDGE_LOOP('',(#1352,#1353,#1354));
#355=EDGE_LOOP('',(#1355,#1356,#1357));
#356=EDGE_LOOP('',(#1358,#1359,#1360,#1361,#1362,#1363));
#357=EDGE_LOOP('',(#1364,#1365,#1366,#1367));
#358=EDGE_LOOP('',(#1368,#1369,#1370,#1371));
#359=EDGE_LOOP('',(#1372,#1373,#1374,#1375));
#360=EDGE_LOOP('',(#1376,#1377));
#361=EDGE_LOOP('',(#1378,#1379,#1380,#1381));
#362=EDGE_LOOP('',(#1382,#1383,#1384,#1385,#1386,#1387));
#363=EDGE_LOOP('',(#1388,#1389,#1390,#1391));
#364=EDGE_LOOP('',(#1392,#1393,#1394));
#365=EDGE_LOOP('',(#1395,#1396,#1397));
#366=EDGE_LOOP('',(#1398,#1399,#1400,#1401,#1402,#1403));
#367=EDGE_LOOP('',(#1404,#1405,#1406,#1407));
#368=EDGE_LOOP('',(#1408,#1409,#1410,#1411));
#369=EDGE_LOOP('',(#1412,#1413,#1414,#1415));
#370=EDGE_LOOP('',(#1416,#1417));
#371=EDGE_LOOP('',(#1418,#1419,#1420,#1421));
#372=LINE('',#2238,#484);
#373=LINE('',#2250,#485);
#374=LINE('',#2266,#486);
#375=LINE('',#2269,#487);
#376=LINE('',#2275,#488);
#377=LINE('',#2279,#489);
#378=LINE('',#2283,#490);
#379=LINE('',#2286,#491);
#380=LINE('',#2290,#492);
#381=LINE('',#2294,#493);
#382=LINE('',#2297,#494);
#383=LINE('',#2308,#495);
#384=LINE('',#2312,#496);
#385=LINE('',#2316,#497);
#386=LINE('',#2320,#498);
#387=LINE('',#2334,#499);
#388=LINE('',#2348,#500);
#389=LINE('',#2351,#501);
#390=LINE('',#2375,#502);
#391=LINE('',#2378,#503);
#392=LINE('',#2380,#504);
#393=LINE('',#2381,#505);
#394=LINE('',#2384,#506);
#395=LINE('',#2398,#507);
#396=LINE('',#2401,#508);
#397=LINE('',#2402,#509);
#398=LINE('',#2410,#510);
#399=LINE('',#2414,#511);
#400=LINE('',#2418,#512);
#401=LINE('',#2421,#513);
#402=LINE('',#2424,#514);
#403=LINE('',#2428,#515);
#404=LINE('',#2432,#516);
#405=LINE('',#2436,#517);
#406=LINE('',#2446,#518);
#407=LINE('',#2447,#519);
#408=LINE('',#2450,#520);
#409=LINE('',#2451,#521);
#410=LINE('',#2453,#522);
#411=LINE('',#2455,#523);
#412=LINE('',#2457,#524);
#413=LINE('',#2459,#525);
#414=LINE('',#2460,#526);
#415=LINE('',#2462,#527);
#416=LINE('',#2466,#528);
#417=LINE('',#2468,#529);
#418=LINE('',#2470,#530);
#419=LINE('',#2472,#531);
#420=LINE('',#2474,#532);
#421=LINE('',#2475,#533);
#422=LINE('',#2477,#534);
#423=LINE('',#2479,#535);
#424=LINE('',#2481,#536);
#425=LINE('',#2483,#537);
#426=LINE('',#2485,#538);
#427=LINE('',#2487,#539);
#428=LINE('',#2495,#540);
#429=LINE('',#2498,#541);
#430=LINE('',#2504,#542);
#431=LINE('',#2507,#543);
#432=LINE('',#2513,#544);
#433=LINE('',#2516,#545);
#434=LINE('',#2522,#546);
#435=LINE('',#2525,#547);
#436=LINE('',#2528,#548);
#437=LINE('',#2530,#549);
#438=LINE('',#2531,#550);
#439=LINE('',#2535,#551);
#440=LINE('',#2539,#552);
#441=LINE('',#2540,#553);
#442=LINE('',#2544,#554);
#443=LINE('',#2555,#555);
#444=LINE('',#2564,#556);
#445=LINE('',#2573,#557);
#446=LINE('',#2579,#558);
#447=LINE('',#2582,#559);
#448=LINE('',#2584,#560);
#449=LINE('',#2585,#561);
#450=LINE('',#2588,#562);
#451=LINE('',#2592,#563);
#452=LINE('',#2593,#564);
#453=LINE('',#2596,#565);
#454=LINE('',#2600,#566);
#455=LINE('',#2601,#567);
#456=LINE('',#2604,#568);
#457=LINE('',#2608,#569);
#458=LINE('',#2609,#570);
#459=LINE('',#2614,#571);
#460=LINE('',#2615,#572);
#461=LINE('',#2618,#573);
#462=LINE('',#2622,#574);
#463=LINE('',#2623,#575);
#464=LINE('',#2639,#576);
#465=LINE('',#2644,#577);
#466=LINE('',#2658,#578);
#467=LINE('',#2663,#579);
#468=LINE('',#2708,#580);
#469=LINE('',#2711,#581);
#470=LINE('',#2715,#582);
#471=LINE('',#2718,#583);
#472=LINE('',#2725,#584);
#473=LINE('',#2726,#585);
#474=LINE('',#2729,#586);
#475=LINE('',#2732,#587);
#476=LINE('',#2970,#588);
#477=LINE('',#2973,#589);
#478=LINE('',#2990,#590);
#479=LINE('',#3002,#591);
#480=LINE('',#3046,#592);
#481=LINE('',#3047,#593);
#482=LINE('',#3050,#594);
#483=LINE('',#3053,#595);
#484=VECTOR('',#1759,10.);
#485=VECTOR('',#1760,10.);
#486=VECTOR('',#1765,10.);
#487=VECTOR('',#1768,10.);
#488=VECTOR('',#1773,10.);
#489=VECTOR('',#1776,10.);
#490=VECTOR('',#1779,10.);
#491=VECTOR('',#1782,10.);
#492=VECTOR('',#1785,10.);
#493=VECTOR('',#1788,10.);
#494=VECTOR('',#1791,10.);
#495=VECTOR('',#1800,10.);
#496=VECTOR('',#1803,10.);
#497=VECTOR('',#1806,10.);
#498=VECTOR('',#1809,10.);
#499=VECTOR('',#1814,10.);
#500=VECTOR('',#1817,10.);
#501=VECTOR('',#1820,10.);
#502=VECTOR('',#1823,10.);
#503=VECTOR('',#1826,10.);
#504=VECTOR('',#1827,10.);
#505=VECTOR('',#1828,10.);
#506=VECTOR('',#1831,10.);
#507=VECTOR('',#1836,10.);
#508=VECTOR('',#1839,10.);
#509=VECTOR('',#1840,10.);
#510=VECTOR('',#1849,10.);
#511=VECTOR('',#1852,10.);
#512=VECTOR('',#1855,10.);
#513=VECTOR('',#1858,10.);
#514=VECTOR('',#1859,10.);
#515=VECTOR('',#1862,10.);
#516=VECTOR('',#1865,10.);
#517=VECTOR('',#1868,10.);
#518=VECTOR('',#1879,10.);
#519=VECTOR('',#1880,10.);
#520=VECTOR('',#1885,10.);
#521=VECTOR('',#1886,10.);
#522=VECTOR('',#1889,10.);
#523=VECTOR('',#1892,10.);
#524=VECTOR('',#1895,10.);
#525=VECTOR('',#1898,10.);
#526=VECTOR('',#1899,10.);
#527=VECTOR('',#1902,10.);
#528=VECTOR('',#1909,2.5);
#529=VECTOR('',#1912,2.5);
#530=VECTOR('',#1915,2.5);
#531=VECTOR('',#1918,2.5);
#532=VECTOR('',#1921,10.);
#533=VECTOR('',#1922,10.);
#534=VECTOR('',#1925,10.);
#535=VECTOR('',#1928,10.);
#536=VECTOR('',#1931,10.);
#537=VECTOR('',#1934,10.);
#538=VECTOR('',#1937,10.);
#539=VECTOR('',#1940,10.);
#540=VECTOR('',#1949,10.);
#541=VECTOR('',#1952,10.);
#542=VECTOR('',#1957,10.);
#543=VECTOR('',#1960,10.);
#544=VECTOR('',#1965,10.);
#545=VECTOR('',#1968,10.);
#546=VECTOR('',#1973,10.);
#547=VECTOR('',#1976,10.);
#548=VECTOR('',#1979,10.);
#549=VECTOR('',#1980,10.);
#550=VECTOR('',#1981,10.);
#551=VECTOR('',#1986,10.);
#552=VECTOR('',#1991,10.);
#553=VECTOR('',#1992,10.);
#554=VECTOR('',#1997,10.);
#555=VECTOR('',#2012,10.);
#556=VECTOR('',#2025,10.);
#557=VECTOR('',#2038,10.);
#558=VECTOR('',#2047,10.);
#559=VECTOR('',#2050,10.);
#560=VECTOR('',#2051,10.);
#561=VECTOR('',#2052,10.);
#562=VECTOR('',#2055,10.);
#563=VECTOR('',#2060,10.);
#564=VECTOR('',#2061,10.);
#565=VECTOR('',#2064,10.);
#566=VECTOR('',#2069,10.);
#567=VECTOR('',#2070,10.);
#568=VECTOR('',#2073,10.);
#569=VECTOR('',#2078,10.);
#570=VECTOR('',#2079,10.);
#571=VECTOR('',#2086,10.);
#572=VECTOR('',#2087,10.);
#573=VECTOR('',#2090,10.);
#574=VECTOR('',#2095,10.);
#575=VECTOR('',#2096,10.);
#576=VECTOR('',#2117,9.75000000000001);
#577=VECTOR('',#2124,9.25);
#578=VECTOR('',#2141,9.75);
#579=VECTOR('',#2148,9.25);
#580=VECTOR('',#2159,10.);
#581=VECTOR('',#2162,10.);
#582=VECTOR('',#2167,10.);
#583=VECTOR('',#2170,10.);
#584=VECTOR('',#2181,10.);
#585=VECTOR('',#2182,10.);
#586=VECTOR('',#2185,10.);
#587=VECTOR('',#2190,10.);
#588=VECTOR('',#2199,10.);
#589=VECTOR('',#2202,10.);
#590=VECTOR('',#2203,10.);
#591=VECTOR('',#2204,10.);
#592=VECTOR('',#2209,10.);
#593=VECTOR('',#2210,10.);
#594=VECTOR('',#2213,10.);
#595=VECTOR('',#2218,10.);
#596=B_SPLINE_CURVE_WITH_KNOTS('',3,(#2227,#2228,#2229,#2230,#2231,#2232,
#2233,#2234,#2235,#2236),.UNSPECIFIED.,.F.,.F.,(4,2,2,2,4),(-0.305541720607857,
-0.286702339434347,-0.267862958260837,-0.248867475000863,-0.229871991740889),
 .UNSPECIFIED.);
#597=B_SPLINE_CURVE_WITH_KNOTS('',3,(#2240,#2241,#2242,#2243,#2244,#2245,
#2246,#2247,#2248,#2249),.UNSPECIFIED.,.F.,.F.,(4,2,2,2,4),(-0.075580578512742,
-0.0566142226143156,-0.0376478667158893,-0.0188239333579446,0.),
 .UNSPECIFIED.);
#598=B_SPLINE_CURVE_WITH_KNOTS('',3,(#2255,#2256,#2257,#2258,#2259,#2260,
#2261,#2262,#2263,#2264),.UNSPECIFIED.,.F.,.F.,(4,2,2,2,4),(0.,0.0187483939330728,
0.0374967878661457,0.0619934651624493,0.0864901424587529),.UNSPECIFIED.);
#599=B_SPLINE_CURVE_WITH_KNOTS('',3,(#2324,#2325,#2326,#2327,#2328,#2329,
#2330,#2331,#2332,#2333),.UNSPECIFIED.,.F.,.F.,(4,2,2,2,4),(-0.0864901424588135,
-0.0619934651624929,-0.0374967878661724,-0.0187483939330862,0.),
 .UNSPECIFIED.);
#600=B_SPLINE_CURVE_WITH_KNOTS('',3,(#2337,#2338,#2339,#2340,#2341,#2342,
#2343,#2344,#2345,#2346),.UNSPECIFIED.,.F.,.F.,(4,2,2,2,4),(0.,0.0188181722129423,
0.0376363444258845,0.0566828010385538,0.075729257651223),.UNSPECIFIED.);
#601=B_SPLINE_CURVE_WITH_KNOTS('',3,(#2354,#2355,#2356,#2357,#2358,#2359,
#2360,#2361,#2362,#2363),.UNSPECIFIED.,.F.,.F.,(4,2,2,2,4),(-0.305541720607858,
-0.286702339434343,-0.267862958260828,-0.248867475000849,-0.229871991740871),
 .UNSPECIFIED.);
#602=B_SPLINE_CURVE_WITH_KNOTS('',3,(#2365,#2366,#2367,#2368,#2369,#2370,
#2371,#2372,#2373,#2374),.UNSPECIFIED.,.F.,.F.,(4,2,2,2,4),(-0.0756697288669881,
-0.0566742456070091,-0.0376787623470301,-0.0188393811735151,0.),
 .UNSPECIFIED.);
#603=B_SPLINE_CURVE_WITH_KNOTS('',3,(#2388,#2389,#2390,#2391,#2392,#2393,
#2394,#2395,#2396,#2397),.UNSPECIFIED.,.F.,.F.,(4,2,2,2,4),(-0.0756697288669691,
-0.0566742456069945,-0.0376787623470199,-0.01883938117351,0.),
 .UNSPECIFIED.);
#604=B_SPLINE_CURVE_WITH_KNOTS('',3,(#2668,#2669,#2670,#2671,#2672,#2673,
#2674,#2675),.UNSPECIFIED.,.F.,.F.,(4,2,2,4),(0.161339719923783,0.183736551577329,
0.208338600216511,0.20879588477848),.UNSPECIFIED.);
#605=B_SPLINE_CURVE_WITH_KNOTS('',3,(#2679,#2680,#2681,#2682,#2683,#2684,
#2685,#2686),.UNSPECIFIED.,.F.,.F.,(4,2,2,4),(-0.000457284561533385,4.58485788397411E-14,
0.0246020486301704,0.0469988802741145),.UNSPECIFIED.);
#606=B_SPLINE_CURVE_WITH_KNOTS('',3,(#2688,#2689,#2690,#2691,#2692,#2693,
#2694,#2695),.UNSPECIFIED.,.F.,.F.,(4,2,2,4),(0.0488135122779792,0.0698077305959598,
0.0858863957499691,0.100083766988116),.UNSPECIFIED.);
#607=B_SPLINE_CURVE_WITH_KNOTS('',3,(#2698,#2699,#2700,#2701,#2702,#2703,
#2704,#2705),.UNSPECIFIED.,.F.,.F.,(4,2,2,4),(0.100083767000765,0.114281138240759,
0.130359803396806,0.151354021717492),.UNSPECIFIED.);
#608=B_SPLINE_CURVE_WITH_KNOTS('',3,(#2863,#2864,#2865,#2866,#2867,#2868,
#2869,#2870),.UNSPECIFIED.,.F.,.F.,(4,2,2,4),(3.41592313575829E-6,0.0160418728737422,
0.0277005614122249,0.0279614802220405),.UNSPECIFIED.);
#609=B_SPLINE_CURVE_WITH_KNOTS('',3,(#2872,#2873,#2874,#2875,#2876,#2877,
#2878,#2879,#2880,#2881,#2882,#2883,#2884,#2885,#2886,#2887,#2888,#2889,
#2890),.UNSPECIFIED.,.F.,.F.,(4,1,1,1,1,1,1,1,1,1,1,1,1,1,1,1,4),(-0.775212731923208,
-0.750330416213423,-0.684810754449108,-0.619291092684792,-0.553771430920477,
-0.537391515479398,-0.521011600038319,-0.422732107391845,-0.35721244562753,
-0.291692783863214,-0.226173122098898,-0.193413291216741,-0.160653460334583,
-0.0951337985702673,-0.0296141368059517,0.035905524958364,0.0607874783961992),
 .UNSPECIFIED.);
#610=B_SPLINE_CURVE_WITH_KNOTS('',3,(#2892,#2893,#2894,#2895,#2896,#2897,
#2898,#2899),.UNSPECIFIED.,.F.,.F.,(4,2,2,4),(-0.000512441756295022,0.,
0.0229020703062153,0.0544788166766064),.UNSPECIFIED.);
#611=B_SPLINE_CURVE_WITH_KNOTS('',3,(#2901,#2902,#2903,#2904,#2905,#2906,
#2907,#2908,#2909,#2910,#2911,#2912,#2913,#2914,#2915,#2916,#2917,#2918,
#2919,#2920,#2921,#2922,#2923,#2924,#2925,#2926,#2927,#2928,#2929,#2930,
#2931,#2932,#2933,#2934),.UNSPECIFIED.,.F.,.F.,(4,3,3,3,3,3,3,3,3,3,3,4),
(0.,0.00756245531012408,0.0087081196087684,0.0148858395489978,0.0156606591806918,
0.021529694025487,0.0243708553279241,0.0268625321585741,0.034132114090304,
0.039730656046917,0.0473497549813056,0.0519187927195503),.UNSPECIFIED.);
#612=B_SPLINE_CURVE_WITH_KNOTS('',3,(#2937,#2938,#2939,#2940,#2941,#2942,
#2943,#2944,#2945,#2946,#2947,#2948,#2949,#2950,#2951,#2952,#2953,#2954,
#2955,#2956,#2957,#2958,#2959,#2960,#2961,#2962,#2963,#2964,#2965,#2966,
#2967),.UNSPECIFIED.,.F.,.F.,(4,3,3,3,3,3,3,3,3,3,4),(0.,0.00758714799530468,
0.0125179970163858,0.0197558564015839,0.0257684962574064,0.0274473644283634,
0.0331817059578463,0.0360777243824852,0.0381324327455501,0.0454449472467987,
0.0515905580787251),.UNSPECIFIED.);
#613=B_SPLINE_CURVE_WITH_KNOTS('',3,(#2985,#2986,#2987,#2988,#2989),
 .UNSPECIFIED.,.F.,.F.,(4,1,4),(-1.,-0.571428571428571,-0.415067075353777),
 .UNSPECIFIED.);
#614=B_SPLINE_CURVE_WITH_KNOTS('',3,(#3003,#3004,#3005,#3006,#3007),
 .UNSPECIFIED.,.F.,.F.,(4,1,4),(-1.,-0.665525123953259,-0.414745899180951),
 .UNSPECIFIED.);
#615=B_SPLINE_CURVE_WITH_KNOTS('',3,(#3039,#3040,#3041,#3042,#3043),
 .UNSPECIFIED.,.F.,.F.,(4,1,4),(-0.423659792964332,-0.208380184327905,-0.0558469593545964),
 .UNSPECIFIED.);
#616=VERTEX_POINT('',#2225);
#617=VERTEX_POINT('',#2226);
#618=VERTEX_POINT('',#2237);
#619=VERTEX_POINT('',#2239);
#620=VERTEX_POINT('',#2252);
#621=VERTEX_POINT('',#2254);
#622=VERTEX_POINT('',#2265);
#623=VERTEX_POINT('',#2267);
#624=VERTEX_POINT('',#2271);
#625=VERTEX_POINT('',#2272);
#626=VERTEX_POINT('',#2274);
#627=VERTEX_POINT('',#2276);
#628=VERTEX_POINT('',#2278);
#629=VERTEX_POINT('',#2280);
#630=VERTEX_POINT('',#2282);
#631=VERTEX_POINT('',#2284);
#632=VERTEX_POINT('',#2287);
#633=VERTEX_POINT('',#2289);
#634=VERTEX_POINT('',#2291);
#635=VERTEX_POINT('',#2293);
#636=VERTEX_POINT('',#2295);
#637=VERTEX_POINT('',#2298);
#638=VERTEX_POINT('',#2300);
#639=VERTEX_POINT('',#2302);
#640=VERTEX_POINT('',#2304);
#641=VERTEX_POINT('',#2306);
#642=VERTEX_POINT('',#2307);
#643=VERTEX_POINT('',#2309);
#644=VERTEX_POINT('',#2311);
#645=VERTEX_POINT('',#2313);
#646=VERTEX_POINT('',#2315);
#647=VERTEX_POINT('',#2317);
#648=VERTEX_POINT('',#2319);
#649=VERTEX_POINT('',#2323);
#650=VERTEX_POINT('',#2336);
#651=VERTEX_POINT('',#2347);
#652=VERTEX_POINT('',#2349);
#653=VERTEX_POINT('',#2353);
#654=VERTEX_POINT('',#2364);
#655=VERTEX_POINT('',#2377);
#656=VERTEX_POINT('',#2379);
#657=VERTEX_POINT('',#2383);
#658=VERTEX_POINT('',#2387);
#659=VERTEX_POINT('',#2400);
#660=VERTEX_POINT('',#2406);
#661=VERTEX_POINT('',#2407);
#662=VERTEX_POINT('',#2409);
#663=VERTEX_POINT('',#2411);
#664=VERTEX_POINT('',#2413);
#665=VERTEX_POINT('',#2415);
#666=VERTEX_POINT('',#2417);
#667=VERTEX_POINT('',#2419);
#668=VERTEX_POINT('',#2422);
#669=VERTEX_POINT('',#2423);
#670=VERTEX_POINT('',#2425);
#671=VERTEX_POINT('',#2427);
#672=VERTEX_POINT('',#2429);
#673=VERTEX_POINT('',#2431);
#674=VERTEX_POINT('',#2433);
#675=VERTEX_POINT('',#2435);
#676=VERTEX_POINT('',#2438);
#677=VERTEX_POINT('',#2440);
#678=VERTEX_POINT('',#2442);
#679=VERTEX_POINT('',#2444);
#680=VERTEX_POINT('',#2491);
#681=VERTEX_POINT('',#2492);
#682=VERTEX_POINT('',#2494);
#683=VERTEX_POINT('',#2496);
#684=VERTEX_POINT('',#2500);
#685=VERTEX_POINT('',#2501);
#686=VERTEX_POINT('',#2503);
#687=VERTEX_POINT('',#2505);
#688=VERTEX_POINT('',#2509);
#689=VERTEX_POINT('',#2510);
#690=VERTEX_POINT('',#2512);
#691=VERTEX_POINT('',#2514);
#692=VERTEX_POINT('',#2518);
#693=VERTEX_POINT('',#2519);
#694=VERTEX_POINT('',#2521);
#695=VERTEX_POINT('',#2523);
#696=VERTEX_POINT('',#2527);
#697=VERTEX_POINT('',#2529);
#698=VERTEX_POINT('',#2534);
#699=VERTEX_POINT('',#2538);
#700=VERTEX_POINT('',#2543);
#701=VERTEX_POINT('',#2547);
#702=VERTEX_POINT('',#2549);
#703=VERTEX_POINT('',#2553);
#704=VERTEX_POINT('',#2557);
#705=VERTEX_POINT('',#2562);
#706=VERTEX_POINT('',#2566);
#707=VERTEX_POINT('',#2571);
#708=VERTEX_POINT('',#2575);
#709=VERTEX_POINT('',#2581);
#710=VERTEX_POINT('',#2583);
#711=VERTEX_POINT('',#2587);
#712=VERTEX_POINT('',#2591);
#713=VERTEX_POINT('',#2595);
#714=VERTEX_POINT('',#2599);
#715=VERTEX_POINT('',#2603);
#716=VERTEX_POINT('',#2607);
#717=VERTEX_POINT('',#2613);
#718=VERTEX_POINT('',#2617);
#719=VERTEX_POINT('',#2621);
#720=VERTEX_POINT('',#2628);
#721=VERTEX_POINT('',#2629);
#722=VERTEX_POINT('',#2631);
#723=VERTEX_POINT('',#2633);
#724=VERTEX_POINT('',#2638);
#725=VERTEX_POINT('',#2642);
#726=VERTEX_POINT('',#2647);
#727=VERTEX_POINT('',#2648);
#728=VERTEX_POINT('',#2650);
#729=VERTEX_POINT('',#2652);
#730=VERTEX_POINT('',#2657);
#731=VERTEX_POINT('',#2661);
#732=VERTEX_POINT('',#2666);
#733=VERTEX_POINT('',#2667);
#734=VERTEX_POINT('',#2676);
#735=VERTEX_POINT('',#2678);
#736=VERTEX_POINT('',#2687);
#737=VERTEX_POINT('',#2696);
#738=VERTEX_POINT('',#2707);
#739=VERTEX_POINT('',#2709);
#740=VERTEX_POINT('',#2713);
#741=VERTEX_POINT('',#2717);
#742=VERTEX_POINT('',#2724);
#743=VERTEX_POINT('',#2728);
#744=VERTEX_POINT('',#2861);
#745=VERTEX_POINT('',#2862);
#746=VERTEX_POINT('',#2871);
#747=VERTEX_POINT('',#2891);
#748=VERTEX_POINT('',#2900);
#749=VERTEX_POINT('',#2935);
#750=VERTEX_POINT('',#2969);
#751=VERTEX_POINT('',#2971);
#752=VERTEX_POINT('',#2984);
#753=VERTEX_POINT('',#3001);
#754=VERTEX_POINT('',#3045);
#755=VERTEX_POINT('',#3049);
#756=EDGE_CURVE('',#616,#617,#596,.T.);
#757=EDGE_CURVE('',#617,#618,#372,.T.);
#758=EDGE_CURVE('',#618,#619,#597,.T.);
#759=EDGE_CURVE('',#619,#616,#373,.T.);
#760=EDGE_CURVE('',#620,#618,#85,.T.);
#761=EDGE_CURVE('',#621,#620,#598,.T.);
#762=EDGE_CURVE('',#622,#621,#374,.T.);
#763=EDGE_CURVE('',#623,#622,#86,.T.);
#764=EDGE_CURVE('',#619,#623,#375,.T.);
#765=EDGE_CURVE('',#624,#625,#87,.T.);
#766=EDGE_CURVE('',#625,#626,#376,.T.);
#767=EDGE_CURVE('',#626,#627,#88,.T.);
#768=EDGE_CURVE('',#627,#628,#377,.T.);
#769=EDGE_CURVE('',#628,#629,#89,.T.);
#770=EDGE_CURVE('',#629,#630,#378,.T.);
#771=EDGE_CURVE('',#630,#631,#90,.T.);
#772=EDGE_CURVE('',#631,#624,#379,.T.);
#773=EDGE_CURVE('',#617,#632,#91,.T.);
#774=EDGE_CURVE('',#633,#632,#380,.T.);
#775=EDGE_CURVE('',#633,#634,#92,.T.);
#776=EDGE_CURVE('',#635,#634,#381,.T.);
#777=EDGE_CURVE('',#635,#636,#93,.T.);
#778=EDGE_CURVE('',#620,#636,#382,.T.);
#779=EDGE_CURVE('',#637,#637,#94,.T.);
#780=EDGE_CURVE('',#638,#638,#95,.T.);
#781=EDGE_CURVE('',#639,#639,#96,.T.);
#782=EDGE_CURVE('',#640,#640,#97,.T.);
#783=EDGE_CURVE('',#641,#642,#383,.F.);
#784=EDGE_CURVE('',#643,#642,#98,.T.);
#785=EDGE_CURVE('',#643,#644,#384,.T.);
#786=EDGE_CURVE('',#645,#644,#99,.T.);
#787=EDGE_CURVE('',#645,#646,#385,.F.);
#788=EDGE_CURVE('',#647,#646,#100,.T.);
#789=EDGE_CURVE('',#647,#648,#386,.T.);
#790=EDGE_CURVE('',#641,#648,#101,.T.);
#791=EDGE_CURVE('',#636,#649,#599,.T.);
#792=EDGE_CURVE('',#649,#621,#387,.T.);
#793=EDGE_CURVE('',#650,#635,#600,.T.);
#794=EDGE_CURVE('',#651,#650,#388,.T.);
#795=EDGE_CURVE('',#652,#651,#102,.T.);
#796=EDGE_CURVE('',#649,#652,#389,.T.);
#797=EDGE_CURVE('',#653,#633,#601,.T.);
#798=EDGE_CURVE('',#632,#654,#602,.T.);
#799=EDGE_CURVE('',#654,#653,#390,.T.);
#800=EDGE_CURVE('',#654,#655,#391,.T.);
#801=EDGE_CURVE('',#656,#655,#392,.T.);
#802=EDGE_CURVE('',#656,#653,#393,.T.);
#803=EDGE_CURVE('',#657,#616,#394,.T.);
#804=EDGE_CURVE('',#655,#657,#103,.T.);
#805=EDGE_CURVE('',#634,#658,#603,.T.);
#806=EDGE_CURVE('',#658,#650,#395,.T.);
#807=EDGE_CURVE('',#658,#659,#396,.T.);
#808=EDGE_CURVE('',#651,#659,#397,.T.);
#809=EDGE_CURVE('',#659,#656,#104,.T.);
#810=EDGE_CURVE('',#660,#661,#105,.T.);
#811=EDGE_CURVE('',#660,#662,#398,.T.);
#812=EDGE_CURVE('',#663,#662,#106,.T.);
#813=EDGE_CURVE('',#663,#664,#399,.T.);
#814=EDGE_CURVE('',#665,#664,#107,.T.);
#815=EDGE_CURVE('',#665,#666,#400,.T.);
#816=EDGE_CURVE('',#667,#666,#108,.T.);
#817=EDGE_CURVE('',#667,#661,#401,.T.);
#818=EDGE_CURVE('',#668,#669,#402,.T.);
#819=EDGE_CURVE('',#670,#669,#109,.T.);
#820=EDGE_CURVE('',#670,#671,#403,.F.);
#821=EDGE_CURVE('',#672,#671,#110,.T.);
#822=EDGE_CURVE('',#672,#673,#404,.T.);
#823=EDGE_CURVE('',#674,#673,#111,.T.);
#824=EDGE_CURVE('',#674,#675,#405,.F.);
#825=EDGE_CURVE('',#668,#675,#112,.T.);
#826=EDGE_CURVE('',#676,#676,#113,.T.);
#827=EDGE_CURVE('',#677,#677,#114,.T.);
#828=EDGE_CURVE('',#678,#678,#115,.T.);
#829=EDGE_CURVE('',#679,#679,#116,.T.);
#830=EDGE_CURVE('',#657,#623,#406,.T.);
#831=EDGE_CURVE('',#622,#652,#407,.T.);
#832=EDGE_CURVE('',#675,#643,#408,.T.);
#833=EDGE_CURVE('',#642,#668,#409,.T.);
#834=EDGE_CURVE('',#644,#674,#410,.T.);
#835=EDGE_CURVE('',#673,#645,#411,.T.);
#836=EDGE_CURVE('',#646,#672,#412,.T.);
#837=EDGE_CURVE('',#648,#670,#413,.T.);
#838=EDGE_CURVE('',#669,#641,#414,.T.);
#839=EDGE_CURVE('',#671,#647,#415,.T.);
#840=EDGE_CURVE('',#679,#637,#416,.T.);
#841=EDGE_CURVE('',#678,#638,#417,.T.);
#842=EDGE_CURVE('',#677,#639,#418,.T.);
#843=EDGE_CURVE('',#676,#640,#419,.T.);
#844=EDGE_CURVE('',#660,#624,#420,.T.);
#845=EDGE_CURVE('',#662,#631,#421,.T.);
#846=EDGE_CURVE('',#663,#630,#422,.T.);
#847=EDGE_CURVE('',#664,#629,#423,.T.);
#848=EDGE_CURVE('',#665,#628,#424,.T.);
#849=EDGE_CURVE('',#666,#627,#425,.T.);
#850=EDGE_CURVE('',#667,#626,#426,.T.);
#851=EDGE_CURVE('',#661,#625,#427,.T.);
#852=EDGE_CURVE('',#680,#681,#117,.T.);
#853=EDGE_CURVE('',#680,#682,#428,.T.);
#854=EDGE_CURVE('',#682,#683,#118,.T.);
#855=EDGE_CURVE('',#681,#683,#429,.T.);
#856=EDGE_CURVE('',#684,#685,#119,.T.);
#857=EDGE_CURVE('',#684,#686,#430,.T.);
#858=EDGE_CURVE('',#686,#687,#120,.T.);
#859=EDGE_CURVE('',#685,#687,#431,.T.);
#860=EDGE_CURVE('',#688,#689,#121,.T.);
#861=EDGE_CURVE('',#688,#690,#432,.T.);
#862=EDGE_CURVE('',#690,#691,#122,.T.);
#863=EDGE_CURVE('',#689,#691,#433,.T.);
#864=EDGE_CURVE('',#692,#693,#123,.T.);
#865=EDGE_CURVE('',#692,#694,#434,.T.);
#866=EDGE_CURVE('',#695,#694,#124,.T.);
#867=EDGE_CURVE('',#693,#695,#435,.T.);
#868=EDGE_CURVE('',#696,#684,#436,.T.);
#869=EDGE_CURVE('',#697,#696,#437,.T.);
#870=EDGE_CURVE('',#697,#686,#438,.T.);
#871=EDGE_CURVE('',#682,#684,#125,.T.);
#872=EDGE_CURVE('',#698,#682,#439,.T.);
#873=EDGE_CURVE('',#698,#696,#126,.T.);
#874=EDGE_CURVE('',#699,#680,#440,.T.);
#875=EDGE_CURVE('',#698,#699,#441,.T.);
#876=EDGE_CURVE('',#694,#680,#127,.T.);
#877=EDGE_CURVE('',#700,#694,#442,.T.);
#878=EDGE_CURVE('',#700,#699,#128,.T.);
#879=EDGE_CURVE('',#681,#701,#129,.T.);
#880=EDGE_CURVE('',#701,#702,#130,.T.);
#881=EDGE_CURVE('',#702,#695,#131,.T.);
#882=EDGE_CURVE('',#703,#693,#132,.T.);
#883=EDGE_CURVE('',#702,#703,#443,.T.);
#884=EDGE_CURVE('',#704,#691,#133,.T.);
#885=EDGE_CURVE('',#690,#692,#134,.T.);
#886=EDGE_CURVE('',#703,#704,#135,.T.);
#887=EDGE_CURVE('',#705,#689,#136,.T.);
#888=EDGE_CURVE('',#704,#705,#444,.T.);
#889=EDGE_CURVE('',#706,#687,#137,.T.);
#890=EDGE_CURVE('',#686,#688,#138,.T.);
#891=EDGE_CURVE('',#705,#706,#139,.T.);
#892=EDGE_CURVE('',#707,#685,#140,.T.);
#893=EDGE_CURVE('',#706,#707,#445,.T.);
#894=EDGE_CURVE('',#708,#683,#141,.T.);
#895=EDGE_CURVE('',#707,#708,#142,.T.);
#896=EDGE_CURVE('',#708,#701,#446,.T.);
#897=EDGE_CURVE('',#709,#704,#447,.T.);
#898=EDGE_CURVE('',#709,#710,#448,.T.);
#899=EDGE_CURVE('',#710,#705,#449,.T.);
#900=EDGE_CURVE('',#711,#703,#450,.T.);
#901=EDGE_CURVE('',#711,#709,#143,.T.);
#902=EDGE_CURVE('',#712,#702,#451,.T.);
#903=EDGE_CURVE('',#712,#711,#452,.T.);
#904=EDGE_CURVE('',#713,#701,#453,.T.);
#905=EDGE_CURVE('',#713,#712,#144,.T.);
#906=EDGE_CURVE('',#714,#708,#454,.T.);
#907=EDGE_CURVE('',#714,#713,#455,.T.);
#908=EDGE_CURVE('',#715,#707,#456,.T.);
#909=EDGE_CURVE('',#715,#714,#145,.T.);
#910=EDGE_CURVE('',#716,#706,#457,.T.);
#911=EDGE_CURVE('',#716,#715,#458,.T.);
#912=EDGE_CURVE('',#710,#716,#146,.T.);
#913=EDGE_CURVE('',#717,#692,#459,.T.);
#914=EDGE_CURVE('',#700,#717,#460,.T.);
#915=EDGE_CURVE('',#718,#690,#461,.T.);
#916=EDGE_CURVE('',#718,#717,#147,.T.);
#917=EDGE_CURVE('',#719,#688,#462,.T.);
#918=EDGE_CURVE('',#718,#719,#463,.T.);
#919=EDGE_CURVE('',#697,#719,#148,.T.);
#920=EDGE_CURVE('',#720,#721,#149,.T.);
#921=EDGE_CURVE('',#721,#722,#150,.T.);
#922=EDGE_CURVE('',#722,#723,#151,.T.);
#923=EDGE_CURVE('',#723,#722,#152,.T.);
#924=EDGE_CURVE('',#721,#720,#153,.T.);
#925=EDGE_CURVE('',#720,#724,#464,.T.);
#926=EDGE_CURVE('',#724,#724,#154,.T.);
#927=EDGE_CURVE('',#725,#725,#155,.T.);
#928=EDGE_CURVE('',#725,#723,#465,.T.);
#929=EDGE_CURVE('',#726,#727,#156,.T.);
#930=EDGE_CURVE('',#727,#728,#157,.T.);
#931=EDGE_CURVE('',#728,#729,#158,.T.);
#932=EDGE_CURVE('',#729,#728,#159,.T.);
#933=EDGE_CURVE('',#727,#726,#160,.T.);
#934=EDGE_CURVE('',#726,#730,#466,.T.);
#935=EDGE_CURVE('',#730,#730,#161,.T.);
#936=EDGE_CURVE('',#731,#731,#162,.T.);
#937=EDGE_CURVE('',#731,#729,#467,.T.);
#938=EDGE_CURVE('',#732,#733,#604,.T.);
#939=EDGE_CURVE('',#733,#734,#163,.T.);
#940=EDGE_CURVE('',#734,#735,#605,.T.);
#941=EDGE_CURVE('',#735,#736,#606,.T.);
#942=EDGE_CURVE('',#736,#737,#164,.T.);
#943=EDGE_CURVE('',#737,#732,#607,.T.);
#944=EDGE_CURVE('',#738,#736,#468,.T.);
#945=EDGE_CURVE('',#738,#739,#165,.T.);
#946=EDGE_CURVE('',#739,#737,#469,.T.);
#947=EDGE_CURVE('',#740,#735,#166,.T.);
#948=EDGE_CURVE('',#740,#736,#470,.T.);
#949=EDGE_CURVE('',#737,#741,#471,.T.);
#950=EDGE_CURVE('',#741,#732,#167,.T.);
#951=EDGE_CURVE('',#741,#740,#168,.T.);
#952=EDGE_CURVE('',#734,#733,#169,.T.);
#953=EDGE_CURVE('',#742,#740,#472,.T.);
#954=EDGE_CURVE('',#738,#742,#473,.F.);
#955=EDGE_CURVE('',#743,#741,#474,.T.);
#956=EDGE_CURVE('',#742,#743,#170,.F.);
#957=EDGE_CURVE('',#743,#739,#475,.F.);
#958=EDGE_CURVE('',#744,#745,#608,.T.);
#959=EDGE_CURVE('',#745,#746,#609,.T.);
#960=EDGE_CURVE('',#746,#747,#610,.T.);
#961=EDGE_CURVE('',#747,#748,#611,.T.);
#962=EDGE_CURVE('',#748,#749,#171,.T.);
#963=EDGE_CURVE('',#749,#744,#612,.T.);
#964=EDGE_CURVE('',#750,#748,#476,.T.);
#965=EDGE_CURVE('',#750,#751,#172,.T.);
#966=EDGE_CURVE('',#751,#749,#477,.T.);
#967=EDGE_CURVE('',#752,#747,#613,.T.);
#968=EDGE_CURVE('',#752,#748,#478,.T.);
#969=EDGE_CURVE('',#749,#753,#479,.T.);
#970=EDGE_CURVE('',#753,#744,#614,.T.);
#971=EDGE_CURVE('',#753,#752,#173,.T.);
#972=EDGE_CURVE('',#746,#745,#615,.T.);
#973=EDGE_CURVE('',#754,#752,#480,.T.);
#974=EDGE_CURVE('',#750,#754,#481,.F.);
#975=EDGE_CURVE('',#755,#753,#482,.T.);
#976=EDGE_CURVE('',#754,#755,#174,.F.);
#977=EDGE_CURVE('',#755,#751,#483,.F.);
#978=ORIENTED_EDGE('',*,*,#756,.T.);
#979=ORIENTED_EDGE('',*,*,#757,.T.);
#980=ORIENTED_EDGE('',*,*,#758,.T.);
#981=ORIENTED_EDGE('',*,*,#759,.T.);
#982=ORIENTED_EDGE('',*,*,#758,.F.);
#983=ORIENTED_EDGE('',*,*,#760,.F.);
#984=ORIENTED_EDGE('',*,*,#761,.F.);
#985=ORIENTED_EDGE('',*,*,#762,.F.);
#986=ORIENTED_EDGE('',*,*,#763,.F.);
#987=ORIENTED_EDGE('',*,*,#764,.F.);
#988=ORIENTED_EDGE('',*,*,#765,.T.);
#989=ORIENTED_EDGE('',*,*,#766,.T.);
#990=ORIENTED_EDGE('',*,*,#767,.T.);
#991=ORIENTED_EDGE('',*,*,#768,.T.);
#992=ORIENTED_EDGE('',*,*,#769,.T.);
#993=ORIENTED_EDGE('',*,*,#770,.T.);
#994=ORIENTED_EDGE('',*,*,#771,.T.);
#995=ORIENTED_EDGE('',*,*,#772,.T.);
#996=ORIENTED_EDGE('',*,*,#757,.F.);
#997=ORIENTED_EDGE('',*,*,#773,.T.);
#998=ORIENTED_EDGE('',*,*,#774,.F.);
#999=ORIENTED_EDGE('',*,*,#775,.T.);
#1000=ORIENTED_EDGE('',*,*,#776,.F.);
#1001=ORIENTED_EDGE('',*,*,#777,.T.);
#1002=ORIENTED_EDGE('',*,*,#778,.F.);
#1003=ORIENTED_EDGE('',*,*,#760,.T.);
#1004=ORIENTED_EDGE('',*,*,#779,.T.);
#1005=ORIENTED_EDGE('',*,*,#780,.T.);
#1006=ORIENTED_EDGE('',*,*,#781,.T.);
#1007=ORIENTED_EDGE('',*,*,#782,.T.);
#1008=ORIENTED_EDGE('',*,*,#783,.T.);
#1009=ORIENTED_EDGE('',*,*,#784,.F.);
#1010=ORIENTED_EDGE('',*,*,#785,.T.);
#1011=ORIENTED_EDGE('',*,*,#786,.F.);
#1012=ORIENTED_EDGE('',*,*,#787,.T.);
#1013=ORIENTED_EDGE('',*,*,#788,.F.);
#1014=ORIENTED_EDGE('',*,*,#789,.T.);
#1015=ORIENTED_EDGE('',*,*,#790,.F.);
#1016=ORIENTED_EDGE('',*,*,#761,.T.);
#1017=ORIENTED_EDGE('',*,*,#778,.T.);
#1018=ORIENTED_EDGE('',*,*,#791,.T.);
#1019=ORIENTED_EDGE('',*,*,#792,.T.);
#1020=ORIENTED_EDGE('',*,*,#791,.F.);
#1021=ORIENTED_EDGE('',*,*,#777,.F.);
#1022=ORIENTED_EDGE('',*,*,#793,.F.);
#1023=ORIENTED_EDGE('',*,*,#794,.F.);
#1024=ORIENTED_EDGE('',*,*,#795,.F.);
#1025=ORIENTED_EDGE('',*,*,#796,.F.);
#1026=ORIENTED_EDGE('',*,*,#797,.T.);
#1027=ORIENTED_EDGE('',*,*,#774,.T.);
#1028=ORIENTED_EDGE('',*,*,#798,.T.);
#1029=ORIENTED_EDGE('',*,*,#799,.T.);
#1030=ORIENTED_EDGE('',*,*,#799,.F.);
#1031=ORIENTED_EDGE('',*,*,#800,.T.);
#1032=ORIENTED_EDGE('',*,*,#801,.F.);
#1033=ORIENTED_EDGE('',*,*,#802,.T.);
#1034=ORIENTED_EDGE('',*,*,#756,.F.);
#1035=ORIENTED_EDGE('',*,*,#803,.F.);
#1036=ORIENTED_EDGE('',*,*,#804,.F.);
#1037=ORIENTED_EDGE('',*,*,#800,.F.);
#1038=ORIENTED_EDGE('',*,*,#798,.F.);
#1039=ORIENTED_EDGE('',*,*,#773,.F.);
#1040=ORIENTED_EDGE('',*,*,#793,.T.);
#1041=ORIENTED_EDGE('',*,*,#776,.T.);
#1042=ORIENTED_EDGE('',*,*,#805,.T.);
#1043=ORIENTED_EDGE('',*,*,#806,.T.);
#1044=ORIENTED_EDGE('',*,*,#806,.F.);
#1045=ORIENTED_EDGE('',*,*,#807,.T.);
#1046=ORIENTED_EDGE('',*,*,#808,.F.);
#1047=ORIENTED_EDGE('',*,*,#794,.T.);
#1048=ORIENTED_EDGE('',*,*,#797,.F.);
#1049=ORIENTED_EDGE('',*,*,#802,.F.);
#1050=ORIENTED_EDGE('',*,*,#809,.F.);
#1051=ORIENTED_EDGE('',*,*,#807,.F.);
#1052=ORIENTED_EDGE('',*,*,#805,.F.);
#1053=ORIENTED_EDGE('',*,*,#775,.F.);
#1054=ORIENTED_EDGE('',*,*,#810,.F.);
#1055=ORIENTED_EDGE('',*,*,#811,.T.);
#1056=ORIENTED_EDGE('',*,*,#812,.F.);
#1057=ORIENTED_EDGE('',*,*,#813,.T.);
#1058=ORIENTED_EDGE('',*,*,#814,.F.);
#1059=ORIENTED_EDGE('',*,*,#815,.T.);
#1060=ORIENTED_EDGE('',*,*,#816,.F.);
#1061=ORIENTED_EDGE('',*,*,#817,.T.);
#1062=ORIENTED_EDGE('',*,*,#818,.T.);
#1063=ORIENTED_EDGE('',*,*,#819,.F.);
#1064=ORIENTED_EDGE('',*,*,#820,.T.);
#1065=ORIENTED_EDGE('',*,*,#821,.F.);
#1066=ORIENTED_EDGE('',*,*,#822,.T.);
#1067=ORIENTED_EDGE('',*,*,#823,.F.);
#1068=ORIENTED_EDGE('',*,*,#824,.T.);
#1069=ORIENTED_EDGE('',*,*,#825,.F.);
#1070=ORIENTED_EDGE('',*,*,#826,.F.);
#1071=ORIENTED_EDGE('',*,*,#827,.F.);
#1072=ORIENTED_EDGE('',*,*,#828,.F.);
#1073=ORIENTED_EDGE('',*,*,#829,.F.);
#1074=ORIENTED_EDGE('',*,*,#804,.T.);
#1075=ORIENTED_EDGE('',*,*,#830,.T.);
#1076=ORIENTED_EDGE('',*,*,#763,.T.);
#1077=ORIENTED_EDGE('',*,*,#831,.T.);
#1078=ORIENTED_EDGE('',*,*,#795,.T.);
#1079=ORIENTED_EDGE('',*,*,#808,.T.);
#1080=ORIENTED_EDGE('',*,*,#809,.T.);
#1081=ORIENTED_EDGE('',*,*,#801,.T.);
#1082=ORIENTED_EDGE('',*,*,#759,.F.);
#1083=ORIENTED_EDGE('',*,*,#764,.T.);
#1084=ORIENTED_EDGE('',*,*,#830,.F.);
#1085=ORIENTED_EDGE('',*,*,#803,.T.);
#1086=ORIENTED_EDGE('',*,*,#825,.T.);
#1087=ORIENTED_EDGE('',*,*,#832,.T.);
#1088=ORIENTED_EDGE('',*,*,#784,.T.);
#1089=ORIENTED_EDGE('',*,*,#833,.T.);
#1090=ORIENTED_EDGE('',*,*,#832,.F.);
#1091=ORIENTED_EDGE('',*,*,#824,.F.);
#1092=ORIENTED_EDGE('',*,*,#834,.F.);
#1093=ORIENTED_EDGE('',*,*,#785,.F.);
#1094=ORIENTED_EDGE('',*,*,#823,.T.);
#1095=ORIENTED_EDGE('',*,*,#835,.T.);
#1096=ORIENTED_EDGE('',*,*,#786,.T.);
#1097=ORIENTED_EDGE('',*,*,#834,.T.);
#1098=ORIENTED_EDGE('',*,*,#835,.F.);
#1099=ORIENTED_EDGE('',*,*,#822,.F.);
#1100=ORIENTED_EDGE('',*,*,#836,.F.);
#1101=ORIENTED_EDGE('',*,*,#787,.F.);
#1102=ORIENTED_EDGE('',*,*,#790,.T.);
#1103=ORIENTED_EDGE('',*,*,#837,.T.);
#1104=ORIENTED_EDGE('',*,*,#819,.T.);
#1105=ORIENTED_EDGE('',*,*,#838,.T.);
#1106=ORIENTED_EDGE('',*,*,#837,.F.);
#1107=ORIENTED_EDGE('',*,*,#789,.F.);
#1108=ORIENTED_EDGE('',*,*,#839,.F.);
#1109=ORIENTED_EDGE('',*,*,#820,.F.);
#1110=ORIENTED_EDGE('',*,*,#821,.T.);
#1111=ORIENTED_EDGE('',*,*,#839,.T.);
#1112=ORIENTED_EDGE('',*,*,#788,.T.);
#1113=ORIENTED_EDGE('',*,*,#836,.T.);
#1114=ORIENTED_EDGE('',*,*,#792,.F.);
#1115=ORIENTED_EDGE('',*,*,#796,.T.);
#1116=ORIENTED_EDGE('',*,*,#831,.F.);
#1117=ORIENTED_EDGE('',*,*,#762,.T.);
#1118=ORIENTED_EDGE('',*,*,#829,.T.);
#1119=ORIENTED_EDGE('',*,*,#840,.T.);
#1120=ORIENTED_EDGE('',*,*,#779,.F.);
#1121=ORIENTED_EDGE('',*,*,#840,.F.);
#1122=ORIENTED_EDGE('',*,*,#828,.T.);
#1123=ORIENTED_EDGE('',*,*,#841,.T.);
#1124=ORIENTED_EDGE('',*,*,#780,.F.);
#1125=ORIENTED_EDGE('',*,*,#841,.F.);
#1126=ORIENTED_EDGE('',*,*,#827,.T.);
#1127=ORIENTED_EDGE('',*,*,#842,.T.);
#1128=ORIENTED_EDGE('',*,*,#781,.F.);
#1129=ORIENTED_EDGE('',*,*,#842,.F.);
#1130=ORIENTED_EDGE('',*,*,#826,.T.);
#1131=ORIENTED_EDGE('',*,*,#843,.T.);
#1132=ORIENTED_EDGE('',*,*,#782,.F.);
#1133=ORIENTED_EDGE('',*,*,#843,.F.);
#1134=ORIENTED_EDGE('',*,*,#811,.F.);
#1135=ORIENTED_EDGE('',*,*,#844,.T.);
#1136=ORIENTED_EDGE('',*,*,#772,.F.);
#1137=ORIENTED_EDGE('',*,*,#845,.F.);
#1138=ORIENTED_EDGE('',*,*,#812,.T.);
#1139=ORIENTED_EDGE('',*,*,#845,.T.);
#1140=ORIENTED_EDGE('',*,*,#771,.F.);
#1141=ORIENTED_EDGE('',*,*,#846,.F.);
#1142=ORIENTED_EDGE('',*,*,#813,.F.);
#1143=ORIENTED_EDGE('',*,*,#846,.T.);
#1144=ORIENTED_EDGE('',*,*,#770,.F.);
#1145=ORIENTED_EDGE('',*,*,#847,.F.);
#1146=ORIENTED_EDGE('',*,*,#814,.T.);
#1147=ORIENTED_EDGE('',*,*,#847,.T.);
#1148=ORIENTED_EDGE('',*,*,#769,.F.);
#1149=ORIENTED_EDGE('',*,*,#848,.F.);
#1150=ORIENTED_EDGE('',*,*,#815,.F.);
#1151=ORIENTED_EDGE('',*,*,#848,.T.);
#1152=ORIENTED_EDGE('',*,*,#768,.F.);
#1153=ORIENTED_EDGE('',*,*,#849,.F.);
#1154=ORIENTED_EDGE('',*,*,#816,.T.);
#1155=ORIENTED_EDGE('',*,*,#849,.T.);
#1156=ORIENTED_EDGE('',*,*,#767,.F.);
#1157=ORIENTED_EDGE('',*,*,#850,.F.);
#1158=ORIENTED_EDGE('',*,*,#817,.F.);
#1159=ORIENTED_EDGE('',*,*,#850,.T.);
#1160=ORIENTED_EDGE('',*,*,#766,.F.);
#1161=ORIENTED_EDGE('',*,*,#851,.F.);
#1162=ORIENTED_EDGE('',*,*,#810,.T.);
#1163=ORIENTED_EDGE('',*,*,#851,.T.);
#1164=ORIENTED_EDGE('',*,*,#765,.F.);
#1165=ORIENTED_EDGE('',*,*,#844,.F.);
#1166=ORIENTED_EDGE('',*,*,#833,.F.);
#1167=ORIENTED_EDGE('',*,*,#783,.F.);
#1168=ORIENTED_EDGE('',*,*,#838,.F.);
#1169=ORIENTED_EDGE('',*,*,#818,.F.);
#1170=ORIENTED_EDGE('',*,*,#852,.F.);
#1171=ORIENTED_EDGE('',*,*,#853,.T.);
#1172=ORIENTED_EDGE('',*,*,#854,.T.);
#1173=ORIENTED_EDGE('',*,*,#855,.F.);
#1174=ORIENTED_EDGE('',*,*,#856,.F.);
#1175=ORIENTED_EDGE('',*,*,#857,.T.);
#1176=ORIENTED_EDGE('',*,*,#858,.T.);
#1177=ORIENTED_EDGE('',*,*,#859,.F.);
#1178=ORIENTED_EDGE('',*,*,#860,.F.);
#1179=ORIENTED_EDGE('',*,*,#861,.T.);
#1180=ORIENTED_EDGE('',*,*,#862,.T.);
#1181=ORIENTED_EDGE('',*,*,#863,.F.);
#1182=ORIENTED_EDGE('',*,*,#864,.F.);
#1183=ORIENTED_EDGE('',*,*,#865,.T.);
#1184=ORIENTED_EDGE('',*,*,#866,.F.);
#1185=ORIENTED_EDGE('',*,*,#867,.F.);
#1186=ORIENTED_EDGE('',*,*,#857,.F.);
#1187=ORIENTED_EDGE('',*,*,#868,.F.);
#1188=ORIENTED_EDGE('',*,*,#869,.F.);
#1189=ORIENTED_EDGE('',*,*,#870,.T.);
#1190=ORIENTED_EDGE('',*,*,#871,.F.);
#1191=ORIENTED_EDGE('',*,*,#872,.F.);
#1192=ORIENTED_EDGE('',*,*,#873,.T.);
#1193=ORIENTED_EDGE('',*,*,#868,.T.);
#1194=ORIENTED_EDGE('',*,*,#853,.F.);
#1195=ORIENTED_EDGE('',*,*,#874,.F.);
#1196=ORIENTED_EDGE('',*,*,#875,.F.);
#1197=ORIENTED_EDGE('',*,*,#872,.T.);
#1198=ORIENTED_EDGE('',*,*,#876,.F.);
#1199=ORIENTED_EDGE('',*,*,#877,.F.);
#1200=ORIENTED_EDGE('',*,*,#878,.T.);
#1201=ORIENTED_EDGE('',*,*,#874,.T.);
#1202=ORIENTED_EDGE('',*,*,#879,.T.);
#1203=ORIENTED_EDGE('',*,*,#880,.T.);
#1204=ORIENTED_EDGE('',*,*,#881,.T.);
#1205=ORIENTED_EDGE('',*,*,#866,.T.);
#1206=ORIENTED_EDGE('',*,*,#876,.T.);
#1207=ORIENTED_EDGE('',*,*,#852,.T.);
#1208=ORIENTED_EDGE('',*,*,#882,.T.);
#1209=ORIENTED_EDGE('',*,*,#867,.T.);
#1210=ORIENTED_EDGE('',*,*,#881,.F.);
#1211=ORIENTED_EDGE('',*,*,#883,.T.);
#1212=ORIENTED_EDGE('',*,*,#884,.T.);
#1213=ORIENTED_EDGE('',*,*,#862,.F.);
#1214=ORIENTED_EDGE('',*,*,#885,.T.);
#1215=ORIENTED_EDGE('',*,*,#864,.T.);
#1216=ORIENTED_EDGE('',*,*,#882,.F.);
#1217=ORIENTED_EDGE('',*,*,#886,.T.);
#1218=ORIENTED_EDGE('',*,*,#887,.T.);
#1219=ORIENTED_EDGE('',*,*,#863,.T.);
#1220=ORIENTED_EDGE('',*,*,#884,.F.);
#1221=ORIENTED_EDGE('',*,*,#888,.T.);
#1222=ORIENTED_EDGE('',*,*,#889,.T.);
#1223=ORIENTED_EDGE('',*,*,#858,.F.);
#1224=ORIENTED_EDGE('',*,*,#890,.T.);
#1225=ORIENTED_EDGE('',*,*,#860,.T.);
#1226=ORIENTED_EDGE('',*,*,#887,.F.);
#1227=ORIENTED_EDGE('',*,*,#891,.T.);
#1228=ORIENTED_EDGE('',*,*,#892,.T.);
#1229=ORIENTED_EDGE('',*,*,#859,.T.);
#1230=ORIENTED_EDGE('',*,*,#889,.F.);
#1231=ORIENTED_EDGE('',*,*,#893,.T.);
#1232=ORIENTED_EDGE('',*,*,#894,.T.);
#1233=ORIENTED_EDGE('',*,*,#854,.F.);
#1234=ORIENTED_EDGE('',*,*,#871,.T.);
#1235=ORIENTED_EDGE('',*,*,#856,.T.);
#1236=ORIENTED_EDGE('',*,*,#892,.F.);
#1237=ORIENTED_EDGE('',*,*,#895,.T.);
#1238=ORIENTED_EDGE('',*,*,#879,.F.);
#1239=ORIENTED_EDGE('',*,*,#855,.T.);
#1240=ORIENTED_EDGE('',*,*,#894,.F.);
#1241=ORIENTED_EDGE('',*,*,#896,.T.);
#1242=ORIENTED_EDGE('',*,*,#888,.F.);
#1243=ORIENTED_EDGE('',*,*,#897,.F.);
#1244=ORIENTED_EDGE('',*,*,#898,.T.);
#1245=ORIENTED_EDGE('',*,*,#899,.T.);
#1246=ORIENTED_EDGE('',*,*,#886,.F.);
#1247=ORIENTED_EDGE('',*,*,#900,.F.);
#1248=ORIENTED_EDGE('',*,*,#901,.T.);
#1249=ORIENTED_EDGE('',*,*,#897,.T.);
#1250=ORIENTED_EDGE('',*,*,#883,.F.);
#1251=ORIENTED_EDGE('',*,*,#902,.F.);
#1252=ORIENTED_EDGE('',*,*,#903,.T.);
#1253=ORIENTED_EDGE('',*,*,#900,.T.);
#1254=ORIENTED_EDGE('',*,*,#880,.F.);
#1255=ORIENTED_EDGE('',*,*,#904,.F.);
#1256=ORIENTED_EDGE('',*,*,#905,.T.);
#1257=ORIENTED_EDGE('',*,*,#902,.T.);
#1258=ORIENTED_EDGE('',*,*,#896,.F.);
#1259=ORIENTED_EDGE('',*,*,#906,.F.);
#1260=ORIENTED_EDGE('',*,*,#907,.T.);
#1261=ORIENTED_EDGE('',*,*,#904,.T.);
#1262=ORIENTED_EDGE('',*,*,#895,.F.);
#1263=ORIENTED_EDGE('',*,*,#908,.F.);
#1264=ORIENTED_EDGE('',*,*,#909,.T.);
#1265=ORIENTED_EDGE('',*,*,#906,.T.);
#1266=ORIENTED_EDGE('',*,*,#893,.F.);
#1267=ORIENTED_EDGE('',*,*,#910,.F.);
#1268=ORIENTED_EDGE('',*,*,#911,.T.);
#1269=ORIENTED_EDGE('',*,*,#908,.T.);
#1270=ORIENTED_EDGE('',*,*,#891,.F.);
#1271=ORIENTED_EDGE('',*,*,#899,.F.);
#1272=ORIENTED_EDGE('',*,*,#912,.T.);
#1273=ORIENTED_EDGE('',*,*,#910,.T.);
#1274=ORIENTED_EDGE('',*,*,#865,.F.);
#1275=ORIENTED_EDGE('',*,*,#913,.F.);
#1276=ORIENTED_EDGE('',*,*,#914,.F.);
#1277=ORIENTED_EDGE('',*,*,#877,.T.);
#1278=ORIENTED_EDGE('',*,*,#885,.F.);
#1279=ORIENTED_EDGE('',*,*,#915,.F.);
#1280=ORIENTED_EDGE('',*,*,#916,.T.);
#1281=ORIENTED_EDGE('',*,*,#913,.T.);
#1282=ORIENTED_EDGE('',*,*,#861,.F.);
#1283=ORIENTED_EDGE('',*,*,#917,.F.);
#1284=ORIENTED_EDGE('',*,*,#918,.F.);
#1285=ORIENTED_EDGE('',*,*,#915,.T.);
#1286=ORIENTED_EDGE('',*,*,#890,.F.);
#1287=ORIENTED_EDGE('',*,*,#870,.F.);
#1288=ORIENTED_EDGE('',*,*,#919,.T.);
#1289=ORIENTED_EDGE('',*,*,#917,.T.);
#1290=ORIENTED_EDGE('',*,*,#878,.F.);
#1291=ORIENTED_EDGE('',*,*,#914,.T.);
#1292=ORIENTED_EDGE('',*,*,#916,.F.);
#1293=ORIENTED_EDGE('',*,*,#918,.T.);
#1294=ORIENTED_EDGE('',*,*,#919,.F.);
#1295=ORIENTED_EDGE('',*,*,#869,.T.);
#1296=ORIENTED_EDGE('',*,*,#873,.F.);
#1297=ORIENTED_EDGE('',*,*,#875,.T.);
#1298=ORIENTED_EDGE('',*,*,#905,.F.);
#1299=ORIENTED_EDGE('',*,*,#907,.F.);
#1300=ORIENTED_EDGE('',*,*,#909,.F.);
#1301=ORIENTED_EDGE('',*,*,#911,.F.);
#1302=ORIENTED_EDGE('',*,*,#912,.F.);
#1303=ORIENTED_EDGE('',*,*,#898,.F.);
#1304=ORIENTED_EDGE('',*,*,#901,.F.);
#1305=ORIENTED_EDGE('',*,*,#903,.F.);
#1306=ORIENTED_EDGE('',*,*,#920,.T.);
#1307=ORIENTED_EDGE('',*,*,#921,.T.);
#1308=ORIENTED_EDGE('',*,*,#922,.T.);
#1309=ORIENTED_EDGE('',*,*,#923,.T.);
#1310=ORIENTED_EDGE('',*,*,#921,.F.);
#1311=ORIENTED_EDGE('',*,*,#924,.T.);
#1312=ORIENTED_EDGE('',*,*,#920,.F.);
#1313=ORIENTED_EDGE('',*,*,#925,.T.);
#1314=ORIENTED_EDGE('',*,*,#926,.T.);
#1315=ORIENTED_EDGE('',*,*,#925,.F.);
#1316=ORIENTED_EDGE('',*,*,#924,.F.);
#1317=ORIENTED_EDGE('',*,*,#927,.T.);
#1318=ORIENTED_EDGE('',*,*,#928,.T.);
#1319=ORIENTED_EDGE('',*,*,#922,.F.);
#1320=ORIENTED_EDGE('',*,*,#923,.F.);
#1321=ORIENTED_EDGE('',*,*,#928,.F.);
#1322=ORIENTED_EDGE('',*,*,#926,.F.);
#1323=ORIENTED_EDGE('',*,*,#927,.F.);
#1324=ORIENTED_EDGE('',*,*,#929,.T.);
#1325=ORIENTED_EDGE('',*,*,#930,.T.);
#1326=ORIENTED_EDGE('',*,*,#931,.T.);
#1327=ORIENTED_EDGE('',*,*,#932,.T.);
#1328=ORIENTED_EDGE('',*,*,#930,.F.);
#1329=ORIENTED_EDGE('',*,*,#933,.T.);
#1330=ORIENTED_EDGE('',*,*,#929,.F.);
#1331=ORIENTED_EDGE('',*,*,#934,.T.);
#1332=ORIENTED_EDGE('',*,*,#935,.T.);
#1333=ORIENTED_EDGE('',*,*,#934,.F.);
#1334=ORIENTED_EDGE('',*,*,#933,.F.);
#1335=ORIENTED_EDGE('',*,*,#936,.T.);
#1336=ORIENTED_EDGE('',*,*,#937,.T.);
#1337=ORIENTED_EDGE('',*,*,#931,.F.);
#1338=ORIENTED_EDGE('',*,*,#932,.F.);
#1339=ORIENTED_EDGE('',*,*,#937,.F.);
#1340=ORIENTED_EDGE('',*,*,#935,.F.);
#1341=ORIENTED_EDGE('',*,*,#936,.F.);
#1342=ORIENTED_EDGE('',*,*,#938,.T.);
#1343=ORIENTED_EDGE('',*,*,#939,.T.);
#1344=ORIENTED_EDGE('',*,*,#940,.T.);
#1345=ORIENTED_EDGE('',*,*,#941,.T.);
#1346=ORIENTED_EDGE('',*,*,#942,.T.);
#1347=ORIENTED_EDGE('',*,*,#943,.T.);
#1348=ORIENTED_EDGE('',*,*,#942,.F.);
#1349=ORIENTED_EDGE('',*,*,#944,.F.);
#1350=ORIENTED_EDGE('',*,*,#945,.T.);
#1351=ORIENTED_EDGE('',*,*,#946,.T.);
#1352=ORIENTED_EDGE('',*,*,#941,.F.);
#1353=ORIENTED_EDGE('',*,*,#947,.F.);
#1354=ORIENTED_EDGE('',*,*,#948,.T.);
#1355=ORIENTED_EDGE('',*,*,#943,.F.);
#1356=ORIENTED_EDGE('',*,*,#949,.T.);
#1357=ORIENTED_EDGE('',*,*,#950,.T.);
#1358=ORIENTED_EDGE('',*,*,#938,.F.);
#1359=ORIENTED_EDGE('',*,*,#950,.F.);
#1360=ORIENTED_EDGE('',*,*,#951,.T.);
#1361=ORIENTED_EDGE('',*,*,#947,.T.);
#1362=ORIENTED_EDGE('',*,*,#940,.F.);
#1363=ORIENTED_EDGE('',*,*,#952,.T.);
#1364=ORIENTED_EDGE('',*,*,#948,.F.);
#1365=ORIENTED_EDGE('',*,*,#953,.F.);
#1366=ORIENTED_EDGE('',*,*,#954,.F.);
#1367=ORIENTED_EDGE('',*,*,#944,.T.);
#1368=ORIENTED_EDGE('',*,*,#951,.F.);
#1369=ORIENTED_EDGE('',*,*,#955,.F.);
#1370=ORIENTED_EDGE('',*,*,#956,.F.);
#1371=ORIENTED_EDGE('',*,*,#953,.T.);
#1372=ORIENTED_EDGE('',*,*,#949,.F.);
#1373=ORIENTED_EDGE('',*,*,#946,.F.);
#1374=ORIENTED_EDGE('',*,*,#957,.F.);
#1375=ORIENTED_EDGE('',*,*,#955,.T.);
#1376=ORIENTED_EDGE('',*,*,#939,.F.);
#1377=ORIENTED_EDGE('',*,*,#952,.F.);
#1378=ORIENTED_EDGE('',*,*,#945,.F.);
#1379=ORIENTED_EDGE('',*,*,#954,.T.);
#1380=ORIENTED_EDGE('',*,*,#956,.T.);
#1381=ORIENTED_EDGE('',*,*,#957,.T.);
#1382=ORIENTED_EDGE('',*,*,#958,.T.);
#1383=ORIENTED_EDGE('',*,*,#959,.T.);
#1384=ORIENTED_EDGE('',*,*,#960,.T.);
#1385=ORIENTED_EDGE('',*,*,#961,.T.);
#1386=ORIENTED_EDGE('',*,*,#962,.T.);
#1387=ORIENTED_EDGE('',*,*,#963,.T.);
#1388=ORIENTED_EDGE('',*,*,#962,.F.);
#1389=ORIENTED_EDGE('',*,*,#964,.F.);
#1390=ORIENTED_EDGE('',*,*,#965,.T.);
#1391=ORIENTED_EDGE('',*,*,#966,.T.);
#1392=ORIENTED_EDGE('',*,*,#961,.F.);
#1393=ORIENTED_EDGE('',*,*,#967,.F.);
#1394=ORIENTED_EDGE('',*,*,#968,.T.);
#1395=ORIENTED_EDGE('',*,*,#963,.F.);
#1396=ORIENTED_EDGE('',*,*,#969,.T.);
#1397=ORIENTED_EDGE('',*,*,#970,.T.);
#1398=ORIENTED_EDGE('',*,*,#958,.F.);
#1399=ORIENTED_EDGE('',*,*,#970,.F.);
#1400=ORIENTED_EDGE('',*,*,#971,.T.);
#1401=ORIENTED_EDGE('',*,*,#967,.T.);
#1402=ORIENTED_EDGE('',*,*,#960,.F.);
#1403=ORIENTED_EDGE('',*,*,#972,.T.);
#1404=ORIENTED_EDGE('',*,*,#968,.F.);
#1405=ORIENTED_EDGE('',*,*,#973,.F.);
#1406=ORIENTED_EDGE('',*,*,#974,.F.);
#1407=ORIENTED_EDGE('',*,*,#964,.T.);
#1408=ORIENTED_EDGE('',*,*,#971,.F.);
#1409=ORIENTED_EDGE('',*,*,#975,.F.);
#1410=ORIENTED_EDGE('',*,*,#976,.F.);
#1411=ORIENTED_EDGE('',*,*,#973,.T.);
#1412=ORIENTED_EDGE('',*,*,#969,.F.);
#1413=ORIENTED_EDGE('',*,*,#966,.F.);
#1414=ORIENTED_EDGE('',*,*,#977,.F.);
#1415=ORIENTED_EDGE('',*,*,#975,.T.);
#1416=ORIENTED_EDGE('',*,*,#959,.F.);
#1417=ORIENTED_EDGE('',*,*,#972,.F.);
#1418=ORIENTED_EDGE('',*,*,#965,.F.);
#1419=ORIENTED_EDGE('',*,*,#974,.T.);
#1420=ORIENTED_EDGE('',*,*,#976,.T.);
#1421=ORIENTED_EDGE('',*,*,#977,.T.);
#1422=CYLINDRICAL_SURFACE('',#1578,0.5);
#1423=CYLINDRICAL_SURFACE('',#1579,9.5);
#1424=CYLINDRICAL_SURFACE('',#1598,0.5);
#1425=CYLINDRICAL_SURFACE('',#1599,9.5);
#1426=CYLINDRICAL_SURFACE('',#1601,0.5);
#1427=CYLINDRICAL_SURFACE('',#1603,2.5);
#1428=CYLINDRICAL_SURFACE('',#1605,0.5);
#1429=CYLINDRICAL_SURFACE('',#1607,2.5);
#1430=CYLINDRICAL_SURFACE('',#1623,2.);
#1431=CYLINDRICAL_SURFACE('',#1625,2.);
#1432=CYLINDRICAL_SURFACE('',#1627,2.);
#1433=CYLINDRICAL_SURFACE('',#1629,2.);
#1434=CYLINDRICAL_SURFACE('',#1631,2.5);
#1435=CYLINDRICAL_SURFACE('',#1632,2.5);
#1436=CYLINDRICAL_SURFACE('',#1633,2.5);
#1437=CYLINDRICAL_SURFACE('',#1634,2.5);
#1438=CYLINDRICAL_SURFACE('',#1636,5.00000000000002);
#1439=CYLINDRICAL_SURFACE('',#1638,4.99999999999999);
#1440=CYLINDRICAL_SURFACE('',#1640,5.);
#1441=CYLINDRICAL_SURFACE('',#1642,4.99999999999999);
#1442=CYLINDRICAL_SURFACE('',#1644,0.5);
#1443=CYLINDRICAL_SURFACE('',#1647,0.5);
#1444=CYLINDRICAL_SURFACE('',#1650,0.5);
#1445=CYLINDRICAL_SURFACE('',#1653,0.5);
#1446=CYLINDRICAL_SURFACE('',#1657,3.);
#1447=CYLINDRICAL_SURFACE('',#1661,3.);
#1448=CYLINDRICAL_SURFACE('',#1668,0.5);
#1449=CYLINDRICAL_SURFACE('',#1674,0.5);
#1450=CYLINDRICAL_SURFACE('',#1680,0.5);
#1451=CYLINDRICAL_SURFACE('',#1685,0.5);
#1452=CYLINDRICAL_SURFACE('',#1687,2.);
#1453=CYLINDRICAL_SURFACE('',#1690,2.);
#1454=CYLINDRICAL_SURFACE('',#1693,2.);
#1455=CYLINDRICAL_SURFACE('',#1696,2.);
#1456=CYLINDRICAL_SURFACE('',#1699,3.);
#1457=CYLINDRICAL_SURFACE('',#1702,3.);
#1458=CYLINDRICAL_SURFACE('',#1711,9.75000000000001);
#1459=CYLINDRICAL_SURFACE('',#1713,9.25);
#1460=CYLINDRICAL_SURFACE('',#1722,9.75);
#1461=CYLINDRICAL_SURFACE('',#1724,9.25);
#1462=CYLINDRICAL_SURFACE('',#1730,2.5);
#1463=CYLINDRICAL_SURFACE('',#1732,0.5);
#1464=CYLINDRICAL_SURFACE('',#1734,0.5);
#1465=CYLINDRICAL_SURFACE('',#1740,2.29999999999999);
#1466=CYLINDRICAL_SURFACE('',#1746,2.5);
#1467=CYLINDRICAL_SURFACE('',#1750,2.29999999999999);
#1468=ADVANCED_FACE('',(#175),#1422,.T.);
#1469=ADVANCED_FACE('',(#176),#1423,.F.);
#1470=ADVANCED_FACE('',(#177,#37,#38,#39,#40,#41,#42),#52,.T.);
#1471=ADVANCED_FACE('',(#178),#1424,.T.);
#1472=ADVANCED_FACE('',(#179),#1425,.F.);
#1473=ADVANCED_FACE('',(#180),#1426,.T.);
#1474=ADVANCED_FACE('',(#181),#53,.F.);
#1475=ADVANCED_FACE('',(#182),#1427,.F.);
#1476=ADVANCED_FACE('',(#183),#1428,.T.);
#1477=ADVANCED_FACE('',(#184),#54,.F.);
#1478=ADVANCED_FACE('',(#185),#1429,.F.);
#1479=ADVANCED_FACE('',(#186,#43,#44,#45,#46,#47,#48),#55,.F.);
#1480=ADVANCED_FACE('',(#187),#56,.F.);
#1481=ADVANCED_FACE('',(#188),#1430,.F.);
#1482=ADVANCED_FACE('',(#189),#57,.F.);
#1483=ADVANCED_FACE('',(#190),#1431,.F.);
#1484=ADVANCED_FACE('',(#191),#58,.T.);
#1485=ADVANCED_FACE('',(#192),#1432,.F.);
#1486=ADVANCED_FACE('',(#193),#59,.F.);
#1487=ADVANCED_FACE('',(#194),#1433,.F.);
#1488=ADVANCED_FACE('',(#195),#60,.F.);
#1489=ADVANCED_FACE('',(#196),#1434,.F.);
#1490=ADVANCED_FACE('',(#197),#1435,.F.);
#1491=ADVANCED_FACE('',(#198),#1436,.F.);
#1492=ADVANCED_FACE('',(#199),#1437,.F.);
#1493=ADVANCED_FACE('',(#200),#61,.T.);
#1494=ADVANCED_FACE('',(#201),#1438,.T.);
#1495=ADVANCED_FACE('',(#202),#62,.T.);
#1496=ADVANCED_FACE('',(#203),#1439,.T.);
#1497=ADVANCED_FACE('',(#204),#63,.T.);
#1498=ADVANCED_FACE('',(#205),#1440,.T.);
#1499=ADVANCED_FACE('',(#206),#64,.T.);
#1500=ADVANCED_FACE('',(#207),#1441,.T.);
#1501=ADVANCED_FACE('',(#208),#65,.T.);
#1502=ADVANCED_FACE('',(#209),#1442,.T.);
#1503=ADVANCED_FACE('',(#210),#1443,.T.);
#1504=ADVANCED_FACE('',(#211),#1444,.T.);
#1505=ADVANCED_FACE('',(#212),#1445,.T.);
#1506=ADVANCED_FACE('',(#213),#66,.T.);
#1507=ADVANCED_FACE('',(#214),#1446,.T.);
#1508=ADVANCED_FACE('',(#215),#67,.T.);
#1509=ADVANCED_FACE('',(#216),#1447,.T.);
#1510=ADVANCED_FACE('',(#217),#17,.T.);
#1511=ADVANCED_FACE('',(#218),#1448,.T.);
#1512=ADVANCED_FACE('',(#219),#18,.T.);
#1513=ADVANCED_FACE('',(#220),#1449,.T.);
#1514=ADVANCED_FACE('',(#221),#19,.T.);
#1515=ADVANCED_FACE('',(#222),#1450,.T.);
#1516=ADVANCED_FACE('',(#223),#20,.T.);
#1517=ADVANCED_FACE('',(#224),#1451,.T.);
#1518=ADVANCED_FACE('',(#225),#68,.T.);
#1519=ADVANCED_FACE('',(#226),#1452,.F.);
#1520=ADVANCED_FACE('',(#227),#69,.T.);
#1521=ADVANCED_FACE('',(#228),#1453,.F.);
#1522=ADVANCED_FACE('',(#229),#70,.T.);
#1523=ADVANCED_FACE('',(#230),#1454,.F.);
#1524=ADVANCED_FACE('',(#231),#71,.T.);
#1525=ADVANCED_FACE('',(#232),#1455,.F.);
#1526=ADVANCED_FACE('',(#233),#72,.T.);
#1527=ADVANCED_FACE('',(#234),#1456,.T.);
#1528=ADVANCED_FACE('',(#235),#73,.T.);
#1529=ADVANCED_FACE('',(#236),#1457,.T.);
#1530=ADVANCED_FACE('',(#237,#49),#74,.F.);
#1531=ADVANCED_FACE('',(#238),#21,.T.);
#1532=ADVANCED_FACE('',(#239),#1458,.T.);
#1533=ADVANCED_FACE('',(#240),#1459,.F.);
#1534=ADVANCED_FACE('',(#241,#50),#75,.F.);
#1535=ADVANCED_FACE('',(#242),#22,.T.);
#1536=ADVANCED_FACE('',(#243),#1460,.T.);
#1537=ADVANCED_FACE('',(#244),#1461,.F.);
#1538=ADVANCED_FACE('',(#245,#51),#76,.F.);
#1539=ADVANCED_FACE('',(#246),#23,.T.);
#1540=ADVANCED_FACE('',(#247),#1462,.T.);
#1541=ADVANCED_FACE('',(#248),#1463,.T.);
#1542=ADVANCED_FACE('',(#249),#1464,.T.);
#1543=ADVANCED_FACE('',(#250),#24,.T.);
#1544=ADVANCED_FACE('',(#251),#77,.T.);
#1545=ADVANCED_FACE('',(#252),#1465,.F.);
#1546=ADVANCED_FACE('',(#253),#78,.T.);
#1547=ADVANCED_FACE('',(#254),#79,.T.);
#1548=ADVANCED_FACE('',(#255),#80,.F.);
#1549=ADVANCED_FACE('',(#256),#13,.T.);
#1550=ADVANCED_FACE('',(#257),#1466,.T.);
#1551=ADVANCED_FACE('',(#258),#14,.T.);
#1552=ADVANCED_FACE('',(#259),#15,.T.);
#1553=ADVANCED_FACE('',(#260),#16,.T.);
#1554=ADVANCED_FACE('',(#261),#81,.T.);
#1555=ADVANCED_FACE('',(#262),#1467,.F.);
#1556=ADVANCED_FACE('',(#263),#82,.T.);
#1557=ADVANCED_FACE('',(#264),#83,.T.);
#1558=ADVANCED_FACE('',(#265),#84,.F.);
#1559=CLOSED_SHELL('',(#1468,#1469,#1470,#1471,#1472,#1473,#1474,#1475,
#1476,#1477,#1478,#1479,#1480,#1481,#1482,#1483,#1484,#1485,#1486,#1487,
#1488,#1489,#1490,#1491,#1492,#1493,#1494,#1495,#1496,#1497,#1498,#1499,
#1500,#1501));
#1560=CLOSED_SHELL('',(#1502,#1503,#1504,#1505,#1506,#1507,#1508,#1509,
#1510,#1511,#1512,#1513,#1514,#1515,#1516,#1517,#1518,#1519,#1520,#1521,
#1522,#1523,#1524,#1525,#1526,#1527,#1528,#1529,#1530));
#1561=CLOSED_SHELL('',(#1531,#1532,#1533,#1534));
#1562=CLOSED_SHELL('',(#1535,#1536,#1537,#1538));
#1563=CLOSED_SHELL('',(#1539,#1540,#1541,#1542,#1543,#1544,#1545,#1546,
#1547,#1548));
#1564=CLOSED_SHELL('',(#1549,#1550,#1551,#1552,#1553,#1554,#1555,#1556,
#1557,#1558));
#1565=DERIVED_UNIT_ELEMENT(#1567,1.);
#1566=DERIVED_UNIT_ELEMENT(#3061,-3.);
#1567=(
MASS_UNIT()
NAMED_UNIT(*)
SI_UNIT(.KILO.,.GRAM.)
);
#1568=DERIVED_UNIT((#1565,#1566));
#1569=MEASURE_REPRESENTATION_ITEM('density measure',
POSITIVE_RATIO_MEASURE(952.),#1568);
#1570=PROPERTY_DEFINITION_REPRESENTATION(#1575,#1572);
#1571=PROPERTY_DEFINITION_REPRESENTATION(#1576,#1573);
#1572=REPRESENTATION('material name',(#1574),#3058);
#1573=REPRESENTATION('density',(#1569),#3058);
#1574=DESCRIPTIVE_REPRESENTATION_ITEM(
'Kunststoff, undurchsichtig Wei\X\DF',
'Kunststoff, undurchsichtig Wei\X\DF');
#1575=PROPERTY_DEFINITION('material property','material name',#3068);
#1576=PROPERTY_DEFINITION('material property','density of part',#3068);
#1577=AXIS2_PLACEMENT_3D('',#2223,#1755,#1756);
#1578=AXIS2_PLACEMENT_3D('',#2224,#1757,#1758);
#1579=AXIS2_PLACEMENT_3D('',#2251,#1761,#1762);
#1580=AXIS2_PLACEMENT_3D('',#2253,#1763,#1764);
#1581=AXIS2_PLACEMENT_3D('',#2268,#1766,#1767);
#1582=AXIS2_PLACEMENT_3D('',#2270,#1769,#1770);
#1583=AXIS2_PLACEMENT_3D('',#2273,#1771,#1772);
#1584=AXIS2_PLACEMENT_3D('',#2277,#1774,#1775);
#1585=AXIS2_PLACEMENT_3D('',#2281,#1777,#1778);
#1586=AXIS2_PLACEMENT_3D('',#2285,#1780,#1781);
#1587=AXIS2_PLACEMENT_3D('',#2288,#1783,#1784);
#1588=AXIS2_PLACEMENT_3D('',#2292,#1786,#1787);
#1589=AXIS2_PLACEMENT_3D('',#2296,#1789,#1790);
#1590=AXIS2_PLACEMENT_3D('',#2299,#1792,#1793);
#1591=AXIS2_PLACEMENT_3D('',#2301,#1794,#1795);
#1592=AXIS2_PLACEMENT_3D('',#2303,#1796,#1797);
#1593=AXIS2_PLACEMENT_3D('',#2305,#1798,#1799);
#1594=AXIS2_PLACEMENT_3D('',#2310,#1801,#1802);
#1595=AXIS2_PLACEMENT_3D('',#2314,#1804,#1805);
#1596=AXIS2_PLACEMENT_3D('',#2318,#1807,#1808);
#1597=AXIS2_PLACEMENT_3D('',#2321,#1810,#1811);
#1598=AXIS2_PLACEMENT_3D('',#2322,#1812,#1813);
#1599=AXIS2_PLACEMENT_3D('',#2335,#1815,#1816);
#1600=AXIS2_PLACEMENT_3D('',#2350,#1818,#1819);
#1601=AXIS2_PLACEMENT_3D('',#2352,#1821,#1822);
#1602=AXIS2_PLACEMENT_3D('',#2376,#1824,#1825);
#1603=AXIS2_PLACEMENT_3D('',#2382,#1829,#1830);
#1604=AXIS2_PLACEMENT_3D('',#2385,#1832,#1833);
#1605=AXIS2_PLACEMENT_3D('',#2386,#1834,#1835);
#1606=AXIS2_PLACEMENT_3D('',#2399,#1837,#1838);
#1607=AXIS2_PLACEMENT_3D('',#2403,#1841,#1842);
#1608=AXIS2_PLACEMENT_3D('',#2404,#1843,#1844);
#1609=AXIS2_PLACEMENT_3D('',#2405,#1845,#1846);
#1610=AXIS2_PLACEMENT_3D('',#2408,#1847,#1848);
#1611=AXIS2_PLACEMENT_3D('',#2412,#1850,#1851);
#1612=AXIS2_PLACEMENT_3D('',#2416,#1853,#1854);
#1613=AXIS2_PLACEMENT_3D('',#2420,#1856,#1857);
#1614=AXIS2_PLACEMENT_3D('',#2426,#1860,#1861);
#1615=AXIS2_PLACEMENT_3D('',#2430,#1863,#1864);
#1616=AXIS2_PLACEMENT_3D('',#2434,#1866,#1867);
#1617=AXIS2_PLACEMENT_3D('',#2437,#1869,#1870);
#1618=AXIS2_PLACEMENT_3D('',#2439,#1871,#1872);
#1619=AXIS2_PLACEMENT_3D('',#2441,#1873,#1874);
#1620=AXIS2_PLACEMENT_3D('',#2443,#1875,#1876);
#1621=AXIS2_PLACEMENT_3D('',#2445,#1877,#1878);
#1622=AXIS2_PLACEMENT_3D('',#2448,#1881,#1882);
#1623=AXIS2_PLACEMENT_3D('',#2449,#1883,#1884);
#1624=AXIS2_PLACEMENT_3D('',#2452,#1887,#1888);
#1625=AXIS2_PLACEMENT_3D('',#2454,#1890,#1891);
#1626=AXIS2_PLACEMENT_3D('',#2456,#1893,#1894);
#1627=AXIS2_PLACEMENT_3D('',#2458,#1896,#1897);
#1628=AXIS2_PLACEMENT_3D('',#2461,#1900,#1901);
#1629=AXIS2_PLACEMENT_3D('',#2463,#1903,#1904);
#1630=AXIS2_PLACEMENT_3D('',#2464,#1905,#1906);
#1631=AXIS2_PLACEMENT_3D('',#2465,#1907,#1908);
#1632=AXIS2_PLACEMENT_3D('',#2467,#1910,#1911);
#1633=AXIS2_PLACEMENT_3D('',#2469,#1913,#1914);
#1634=AXIS2_PLACEMENT_3D('',#2471,#1916,#1917);
#1635=AXIS2_PLACEMENT_3D('',#2473,#1919,#1920);
#1636=AXIS2_PLACEMENT_3D('',#2476,#1923,#1924);
#1637=AXIS2_PLACEMENT_3D('',#2478,#1926,#1927);
#1638=AXIS2_PLACEMENT_3D('',#2480,#1929,#1930);
#1639=AXIS2_PLACEMENT_3D('',#2482,#1932,#1933);
#1640=AXIS2_PLACEMENT_3D('',#2484,#1935,#1936);
#1641=AXIS2_PLACEMENT_3D('',#2486,#1938,#1939);
#1642=AXIS2_PLACEMENT_3D('',#2488,#1941,#1942);
#1643=AXIS2_PLACEMENT_3D('',#2489,#1943,#1944);
#1644=AXIS2_PLACEMENT_3D('',#2490,#1945,#1946);
#1645=AXIS2_PLACEMENT_3D('',#2493,#1947,#1948);
#1646=AXIS2_PLACEMENT_3D('',#2497,#1950,#1951);
#1647=AXIS2_PLACEMENT_3D('',#2499,#1953,#1954);
#1648=AXIS2_PLACEMENT_3D('',#2502,#1955,#1956);
#1649=AXIS2_PLACEMENT_3D('',#2506,#1958,#1959);
#1650=AXIS2_PLACEMENT_3D('',#2508,#1961,#1962);
#1651=AXIS2_PLACEMENT_3D('',#2511,#1963,#1964);
#1652=AXIS2_PLACEMENT_3D('',#2515,#1966,#1967);
#1653=AXIS2_PLACEMENT_3D('',#2517,#1969,#1970);
#1654=AXIS2_PLACEMENT_3D('',#2520,#1971,#1972);
#1655=AXIS2_PLACEMENT_3D('',#2524,#1974,#1975);
#1656=AXIS2_PLACEMENT_3D('',#2526,#1977,#1978);
#1657=AXIS2_PLACEMENT_3D('',#2532,#1982,#1983);
#1658=AXIS2_PLACEMENT_3D('',#2533,#1984,#1985);
#1659=AXIS2_PLACEMENT_3D('',#2536,#1987,#1988);
#1660=AXIS2_PLACEMENT_3D('',#2537,#1989,#1990);
#1661=AXIS2_PLACEMENT_3D('',#2541,#1993,#1994);
#1662=AXIS2_PLACEMENT_3D('',#2542,#1995,#1996);
#1663=AXIS2_PLACEMENT_3D('',#2545,#1998,#1999);
#1664=AXIS2_PLACEMENT_3D('',#2546,#2000,#2001);
#1665=AXIS2_PLACEMENT_3D('',#2548,#2002,#2003);
#1666=AXIS2_PLACEMENT_3D('',#2550,#2004,#2005);
#1667=AXIS2_PLACEMENT_3D('',#2551,#2006,#2007);
#1668=AXIS2_PLACEMENT_3D('',#2552,#2008,#2009);
#1669=AXIS2_PLACEMENT_3D('',#2554,#2010,#2011);
#1670=AXIS2_PLACEMENT_3D('',#2556,#2013,#2014);
#1671=AXIS2_PLACEMENT_3D('',#2558,#2015,#2016);
#1672=AXIS2_PLACEMENT_3D('',#2559,#2017,#2018);
#1673=AXIS2_PLACEMENT_3D('',#2560,#2019,#2020);
#1674=AXIS2_PLACEMENT_3D('',#2561,#2021,#2022);
#1675=AXIS2_PLACEMENT_3D('',#2563,#2023,#2024);
#1676=AXIS2_PLACEMENT_3D('',#2565,#2026,#2027);
#1677=AXIS2_PLACEMENT_3D('',#2567,#2028,#2029);
#1678=AXIS2_PLACEMENT_3D('',#2568,#2030,#2031);
#1679=AXIS2_PLACEMENT_3D('',#2569,#2032,#2033);
#1680=AXIS2_PLACEMENT_3D('',#2570,#2034,#2035);
#1681=AXIS2_PLACEMENT_3D('',#2572,#2036,#2037);
#1682=AXIS2_PLACEMENT_3D('',#2574,#2039,#2040);
#1683=AXIS2_PLACEMENT_3D('',#2576,#2041,#2042);
#1684=AXIS2_PLACEMENT_3D('',#2577,#2043,#2044);
#1685=AXIS2_PLACEMENT_3D('',#2578,#2045,#2046);
#1686=AXIS2_PLACEMENT_3D('',#2580,#2048,#2049);
#1687=AXIS2_PLACEMENT_3D('',#2586,#2053,#2054);
#1688=AXIS2_PLACEMENT_3D('',#2589,#2056,#2057);
#1689=AXIS2_PLACEMENT_3D('',#2590,#2058,#2059);
#1690=AXIS2_PLACEMENT_3D('',#2594,#2062,#2063);
#1691=AXIS2_PLACEMENT_3D('',#2597,#2065,#2066);
#1692=AXIS2_PLACEMENT_3D('',#2598,#2067,#2068);
#1693=AXIS2_PLACEMENT_3D('',#2602,#2071,#2072);
#1694=AXIS2_PLACEMENT_3D('',#2605,#2074,#2075);
#1695=AXIS2_PLACEMENT_3D('',#2606,#2076,#2077);
#1696=AXIS2_PLACEMENT_3D('',#2610,#2080,#2081);
#1697=AXIS2_PLACEMENT_3D('',#2611,#2082,#2083);
#1698=AXIS2_PLACEMENT_3D('',#2612,#2084,#2085);
#1699=AXIS2_PLACEMENT_3D('',#2616,#2088,#2089);
#1700=AXIS2_PLACEMENT_3D('',#2619,#2091,#2092);
#1701=AXIS2_PLACEMENT_3D('',#2620,#2093,#2094);
#1702=AXIS2_PLACEMENT_3D('',#2624,#2097,#2098);
#1703=AXIS2_PLACEMENT_3D('',#2625,#2099,#2100);
#1704=AXIS2_PLACEMENT_3D('',#2626,#2101,#2102);
#1705=AXIS2_PLACEMENT_3D('',#2627,#2103,#2104);
#1706=AXIS2_PLACEMENT_3D('',#2630,#2105,#2106);
#1707=AXIS2_PLACEMENT_3D('',#2632,#2107,#2108);
#1708=AXIS2_PLACEMENT_3D('',#2634,#2109,#2110);
#1709=AXIS2_PLACEMENT_3D('',#2635,#2111,#2112);
#1710=AXIS2_PLACEMENT_3D('',#2636,#2113,#2114);
#1711=AXIS2_PLACEMENT_3D('',#2637,#2115,#2116);
#1712=AXIS2_PLACEMENT_3D('',#2640,#2118,#2119);
#1713=AXIS2_PLACEMENT_3D('',#2641,#2120,#2121);
#1714=AXIS2_PLACEMENT_3D('',#2643,#2122,#2123);
#1715=AXIS2_PLACEMENT_3D('',#2645,#2125,#2126);
#1716=AXIS2_PLACEMENT_3D('',#2646,#2127,#2128);
#1717=AXIS2_PLACEMENT_3D('',#2649,#2129,#2130);
#1718=AXIS2_PLACEMENT_3D('',#2651,#2131,#2132);
#1719=AXIS2_PLACEMENT_3D('',#2653,#2133,#2134);
#1720=AXIS2_PLACEMENT_3D('',#2654,#2135,#2136);
#1721=AXIS2_PLACEMENT_3D('',#2655,#2137,#2138);
#1722=AXIS2_PLACEMENT_3D('',#2656,#2139,#2140);
#1723=AXIS2_PLACEMENT_3D('',#2659,#2142,#2143);
#1724=AXIS2_PLACEMENT_3D('',#2660,#2144,#2145);
#1725=AXIS2_PLACEMENT_3D('',#2662,#2146,#2147);
#1726=AXIS2_PLACEMENT_3D('',#2664,#2149,#2150);
#1727=AXIS2_PLACEMENT_3D('',#2665,#2151,#2152);
#1728=AXIS2_PLACEMENT_3D('',#2677,#2153,#2154);
#1729=AXIS2_PLACEMENT_3D('',#2697,#2155,#2156);
#1730=AXIS2_PLACEMENT_3D('',#2706,#2157,#2158);
#1731=AXIS2_PLACEMENT_3D('',#2710,#2160,#2161);
#1732=AXIS2_PLACEMENT_3D('',#2712,#2163,#2164);
#1733=AXIS2_PLACEMENT_3D('',#2714,#2165,#2166);
#1734=AXIS2_PLACEMENT_3D('',#2716,#2168,#2169);
#1735=AXIS2_PLACEMENT_3D('',#2719,#2171,#2172);
#1736=AXIS2_PLACEMENT_3D('',#2720,#2173,#2174);
#1737=AXIS2_PLACEMENT_3D('',#2721,#2175,#2176);
#1738=AXIS2_PLACEMENT_3D('',#2722,#2177,#2178);
#1739=AXIS2_PLACEMENT_3D('',#2723,#2179,#2180);
#1740=AXIS2_PLACEMENT_3D('',#2727,#2183,#2184);
#1741=AXIS2_PLACEMENT_3D('',#2730,#2186,#2187);
#1742=AXIS2_PLACEMENT_3D('',#2731,#2188,#2189);
#1743=AXIS2_PLACEMENT_3D('',#2733,#2191,#2192);
#1744=AXIS2_PLACEMENT_3D('',#2734,#2193,#2194);
#1745=AXIS2_PLACEMENT_3D('',#2936,#2195,#2196);
#1746=AXIS2_PLACEMENT_3D('',#2968,#2197,#2198);
#1747=AXIS2_PLACEMENT_3D('',#2972,#2200,#2201);
#1748=AXIS2_PLACEMENT_3D('',#3038,#2205,#2206);
#1749=AXIS2_PLACEMENT_3D('',#3044,#2207,#2208);
#1750=AXIS2_PLACEMENT_3D('',#3048,#2211,#2212);
#1751=AXIS2_PLACEMENT_3D('',#3051,#2214,#2215);
#1752=AXIS2_PLACEMENT_3D('',#3052,#2216,#2217);
#1753=AXIS2_PLACEMENT_3D('',#3054,#2219,#2220);
#1754=AXIS2_PLACEMENT_3D('',#3055,#2221,#2222);
#1755=DIRECTION('axis',(0.,0.,1.));
#1756=DIRECTION('refdir',(1.,0.,0.));
#1757=DIRECTION('center_axis',(0.,0.,1.));
#1758=DIRECTION('ref_axis',(-0.707106781186552,0.707106781186543,0.));
#1759=DIRECTION('',(0.,0.,-1.));
#1760=DIRECTION('',(0.,0.,1.));
#1761=DIRECTION('center_axis',(0.,-1.,0.));
#1762=DIRECTION('ref_axis',(0.376039530815357,0.,-0.92660362143916));
#1763=DIRECTION('center_axis',(0.,-1.,0.));
#1764=DIRECTION('ref_axis',(0.,0.,1.));
#1765=DIRECTION('',(0.,1.,0.));
#1766=DIRECTION('center_axis',(0.,1.,0.));
#1767=DIRECTION('ref_axis',(0.,0.,1.));
#1768=DIRECTION('',(0.,-1.,0.));
#1769=DIRECTION('center_axis',(0.,1.,0.));
#1770=DIRECTION('ref_axis',(0.,0.,1.));
#1771=DIRECTION('center_axis',(0.,1.,0.));
#1772=DIRECTION('ref_axis',(-1.33226762955019E-15,0.,1.));
#1773=DIRECTION('',(2.72839051061071E-17,0.,-1.));
#1774=DIRECTION('center_axis',(0.,1.,0.));
#1775=DIRECTION('ref_axis',(1.,0.,0.));
#1776=DIRECTION('',(-1.,0.,1.68135999943232E-16));
#1777=DIRECTION('center_axis',(0.,1.,0.));
#1778=DIRECTION('ref_axis',(0.,0.,-1.));
#1779=DIRECTION('',(0.,0.,1.));
#1780=DIRECTION('center_axis',(0.,1.,0.));
#1781=DIRECTION('ref_axis',(-1.,0.,2.22044604925031E-15));
#1782=DIRECTION('',(1.,0.,0.));
#1783=DIRECTION('center_axis',(0.,-1.,0.));
#1784=DIRECTION('ref_axis',(0.,0.,1.));
#1785=DIRECTION('',(1.,0.,0.));
#1786=DIRECTION('center_axis',(0.,-1.,0.));
#1787=DIRECTION('ref_axis',(0.,0.,1.));
#1788=DIRECTION('',(0.,0.,1.));
#1789=DIRECTION('center_axis',(0.,-1.,0.));
#1790=DIRECTION('ref_axis',(0.,0.,1.));
#1791=DIRECTION('',(-1.,0.,0.));
#1792=DIRECTION('center_axis',(0.,-1.,0.));
#1793=DIRECTION('ref_axis',(1.,0.,0.));
#1794=DIRECTION('center_axis',(0.,-1.,0.));
#1795=DIRECTION('ref_axis',(1.,0.,0.));
#1796=DIRECTION('center_axis',(0.,-1.,0.));
#1797=DIRECTION('ref_axis',(1.,0.,0.));
#1798=DIRECTION('center_axis',(0.,-1.,0.));
#1799=DIRECTION('ref_axis',(1.,0.,0.));
#1800=DIRECTION('',(0.,0.,-1.));
#1801=DIRECTION('center_axis',(0.,1.,0.));
#1802=DIRECTION('ref_axis',(0.707106781186538,0.,0.707106781186557));
#1803=DIRECTION('',(-1.,0.,0.));
#1804=DIRECTION('center_axis',(0.,1.,0.));
#1805=DIRECTION('ref_axis',(-0.707106781186551,0.,0.707106781186544));
#1806=DIRECTION('',(0.,0.,1.));
#1807=DIRECTION('center_axis',(0.,1.,0.));
#1808=DIRECTION('ref_axis',(-0.707106781186551,0.,-0.707106781186544));
#1809=DIRECTION('',(1.,0.,0.));
#1810=DIRECTION('center_axis',(0.,1.,0.));
#1811=DIRECTION('ref_axis',(0.707106781186544,0.,-0.707106781186551));
#1812=DIRECTION('center_axis',(1.,0.,0.));
#1813=DIRECTION('ref_axis',(0.,0.707106781186543,0.707106781186552));
#1814=DIRECTION('',(1.,0.,0.));
#1815=DIRECTION('center_axis',(0.,-1.,0.));
#1816=DIRECTION('ref_axis',(-0.361909082223122,0.,-0.932213396280282));
#1817=DIRECTION('',(0.,1.,0.));
#1818=DIRECTION('center_axis',(0.,1.,0.));
#1819=DIRECTION('ref_axis',(0.,0.,1.));
#1820=DIRECTION('',(0.,-1.,0.));
#1821=DIRECTION('center_axis',(-1.,0.,0.));
#1822=DIRECTION('ref_axis',(0.,0.707106781186549,-0.707106781186546));
#1823=DIRECTION('',(-1.,0.,0.));
#1824=DIRECTION('center_axis',(0.,0.,1.));
#1825=DIRECTION('ref_axis',(1.,0.,0.));
#1826=DIRECTION('',(0.,-1.,0.));
#1827=DIRECTION('',(1.,0.,0.));
#1828=DIRECTION('',(0.,1.,0.));
#1829=DIRECTION('center_axis',(0.,-1.,0.));
#1830=DIRECTION('ref_axis',(0.,0.,1.));
#1831=DIRECTION('',(0.,1.,0.));
#1832=DIRECTION('center_axis',(0.,1.,0.));
#1833=DIRECTION('ref_axis',(0.,0.,1.));
#1834=DIRECTION('center_axis',(0.,0.,-1.));
#1835=DIRECTION('ref_axis',(0.707106781186577,0.707106781186518,0.));
#1836=DIRECTION('',(0.,0.,-1.));
#1837=DIRECTION('center_axis',(-1.,0.,0.));
#1838=DIRECTION('ref_axis',(0.,0.,1.));
#1839=DIRECTION('',(0.,-1.,0.));
#1840=DIRECTION('',(0.,0.,1.));
#1841=DIRECTION('center_axis',(0.,-1.,0.));
#1842=DIRECTION('ref_axis',(0.,0.,1.));
#1843=DIRECTION('center_axis',(0.,1.,0.));
#1844=DIRECTION('ref_axis',(0.,0.,1.));
#1845=DIRECTION('center_axis',(0.,1.,0.));
#1846=DIRECTION('ref_axis',(1.,0.,0.));
#1847=DIRECTION('center_axis',(0.,1.,0.));
#1848=DIRECTION('ref_axis',(-1.33226762955019E-15,0.,1.));
#1849=DIRECTION('',(-1.,0.,0.));
#1850=DIRECTION('center_axis',(0.,1.,0.));
#1851=DIRECTION('ref_axis',(-1.,0.,2.22044604925031E-15));
#1852=DIRECTION('',(0.,0.,-1.));
#1853=DIRECTION('center_axis',(0.,1.,0.));
#1854=DIRECTION('ref_axis',(0.,0.,-1.));
#1855=DIRECTION('',(1.,0.,-1.68135999943232E-16));
#1856=DIRECTION('center_axis',(0.,1.,0.));
#1857=DIRECTION('ref_axis',(1.,0.,0.));
#1858=DIRECTION('',(-2.72839051061071E-17,0.,1.));
#1859=DIRECTION('',(0.,0.,-1.));
#1860=DIRECTION('center_axis',(0.,-1.,0.));
#1861=DIRECTION('ref_axis',(0.707106781186544,0.,-0.707106781186551));
#1862=DIRECTION('',(1.,0.,0.));
#1863=DIRECTION('center_axis',(0.,-1.,0.));
#1864=DIRECTION('ref_axis',(-0.707106781186551,0.,-0.707106781186544));
#1865=DIRECTION('',(0.,0.,1.));
#1866=DIRECTION('center_axis',(0.,-1.,0.));
#1867=DIRECTION('ref_axis',(-0.707106781186551,0.,0.707106781186544));
#1868=DIRECTION('',(-1.,0.,0.));
#1869=DIRECTION('center_axis',(0.,-1.,0.));
#1870=DIRECTION('ref_axis',(0.707106781186538,0.,0.707106781186557));
#1871=DIRECTION('center_axis',(0.,-1.,0.));
#1872=DIRECTION('ref_axis',(1.,0.,0.));
#1873=DIRECTION('center_axis',(0.,-1.,0.));
#1874=DIRECTION('ref_axis',(1.,0.,0.));
#1875=DIRECTION('center_axis',(0.,-1.,0.));
#1876=DIRECTION('ref_axis',(1.,0.,0.));
#1877=DIRECTION('center_axis',(0.,-1.,0.));
#1878=DIRECTION('ref_axis',(1.,0.,0.));
#1879=DIRECTION('',(0.,0.,-1.));
#1880=DIRECTION('',(-1.,0.,0.));
#1881=DIRECTION('center_axis',(1.,0.,0.));
#1882=DIRECTION('ref_axis',(0.,0.,-1.));
#1883=DIRECTION('center_axis',(0.,1.,0.));
#1884=DIRECTION('ref_axis',(0.707106781186538,0.,0.707106781186557));
#1885=DIRECTION('',(0.,1.,0.));
#1886=DIRECTION('',(0.,-1.,0.));
#1887=DIRECTION('center_axis',(0.,0.,1.));
#1888=DIRECTION('ref_axis',(1.,0.,0.));
#1889=DIRECTION('',(0.,-1.,0.));
#1890=DIRECTION('center_axis',(0.,1.,0.));
#1891=DIRECTION('ref_axis',(-0.707106781186551,0.,0.707106781186544));
#1892=DIRECTION('',(0.,1.,0.));
#1893=DIRECTION('center_axis',(1.,0.,0.));
#1894=DIRECTION('ref_axis',(0.,0.,-1.));
#1895=DIRECTION('',(0.,-1.,0.));
#1896=DIRECTION('center_axis',(0.,-1.,0.));
#1897=DIRECTION('ref_axis',(0.707106781186544,0.,-0.707106781186551));
#1898=DIRECTION('',(0.,-1.,0.));
#1899=DIRECTION('',(0.,1.,0.));
#1900=DIRECTION('center_axis',(0.,0.,-1.));
#1901=DIRECTION('ref_axis',(-1.,0.,0.));
#1902=DIRECTION('',(0.,1.,0.));
#1903=DIRECTION('center_axis',(0.,1.,0.));
#1904=DIRECTION('ref_axis',(-0.707106781186551,0.,-0.707106781186544));
#1905=DIRECTION('center_axis',(0.,0.,-1.));
#1906=DIRECTION('ref_axis',(-1.,0.,0.));
#1907=DIRECTION('center_axis',(0.,1.,0.));
#1908=DIRECTION('ref_axis',(1.,0.,0.));
#1909=DIRECTION('',(0.,1.,0.));
#1910=DIRECTION('center_axis',(0.,1.,0.));
#1911=DIRECTION('ref_axis',(1.,0.,0.));
#1912=DIRECTION('',(0.,1.,0.));
#1913=DIRECTION('center_axis',(0.,1.,0.));
#1914=DIRECTION('ref_axis',(1.,0.,0.));
#1915=DIRECTION('',(0.,1.,0.));
#1916=DIRECTION('center_axis',(0.,1.,0.));
#1917=DIRECTION('ref_axis',(1.,0.,0.));
#1918=DIRECTION('',(0.,1.,0.));
#1919=DIRECTION('center_axis',(0.,0.,1.));
#1920=DIRECTION('ref_axis',(1.,0.,0.));
#1921=DIRECTION('',(0.,1.,0.));
#1922=DIRECTION('',(0.,1.,0.));
#1923=DIRECTION('center_axis',(0.,1.,0.));
#1924=DIRECTION('ref_axis',(-1.,0.,2.22044604925031E-15));
#1925=DIRECTION('',(0.,1.,0.));
#1926=DIRECTION('center_axis',(-1.,0.,0.));
#1927=DIRECTION('ref_axis',(0.,0.,1.));
#1928=DIRECTION('',(0.,1.,0.));
#1929=DIRECTION('center_axis',(0.,1.,0.));
#1930=DIRECTION('ref_axis',(0.,0.,-1.));
#1931=DIRECTION('',(0.,1.,0.));
#1932=DIRECTION('center_axis',(-1.68135999943232E-16,0.,-1.));
#1933=DIRECTION('ref_axis',(-1.,0.,1.68135999943232E-16));
#1934=DIRECTION('',(0.,1.,0.));
#1935=DIRECTION('center_axis',(0.,1.,0.));
#1936=DIRECTION('ref_axis',(1.,0.,0.));
#1937=DIRECTION('',(0.,1.,0.));
#1938=DIRECTION('center_axis',(1.,0.,2.72839051061071E-17));
#1939=DIRECTION('ref_axis',(2.72839051061071E-17,0.,-1.));
#1940=DIRECTION('',(0.,1.,0.));
#1941=DIRECTION('center_axis',(0.,1.,0.));
#1942=DIRECTION('ref_axis',(-1.33226762955019E-15,0.,1.));
#1943=DIRECTION('center_axis',(-1.,0.,0.));
#1944=DIRECTION('ref_axis',(0.,0.,1.));
#1945=DIRECTION('center_axis',(0.,0.,-1.));
#1946=DIRECTION('ref_axis',(0.707106781186552,0.707106781186543,0.));
#1947=DIRECTION('center_axis',(0.,3.27825553370058E-7,0.999999999999946));
#1948=DIRECTION('ref_axis',(1.,0.,0.));
#1949=DIRECTION('',(0.,0.,-1.));
#1950=DIRECTION('center_axis',(0.,-2.98023294931226E-8,1.));
#1951=DIRECTION('ref_axis',(1.,0.,0.));
#1952=DIRECTION('',(0.,0.,-1.));
#1953=DIRECTION('center_axis',(-1.,0.,0.));
#1954=DIRECTION('ref_axis',(0.,0.707106781186543,-0.707106781186552));
#1955=DIRECTION('center_axis',(0.999999999999744,7.15255765726213E-7,0.));
#1956=DIRECTION('ref_axis',(0.,0.,-1.));
#1957=DIRECTION('',(-1.,0.,0.));
#1958=DIRECTION('center_axis',(1.,-2.98023650202594E-8,0.));
#1959=DIRECTION('ref_axis',(0.,0.,-1.));
#1960=DIRECTION('',(-1.,0.,0.));
#1961=DIRECTION('center_axis',(7.40148661025288E-16,0.,1.));
#1962=DIRECTION('ref_axis',(-0.707106781186577,0.707106781186518,5.23364137297146E-16));
#1963=DIRECTION('center_axis',(0.,2.98023294931226E-8,-1.));
#1964=DIRECTION('ref_axis',(-1.,0.,0.));
#1965=DIRECTION('',(7.40148661025288E-16,0.,1.));
#1966=DIRECTION('center_axis',(0.,-3.27825553370058E-7,-0.999999999999946));
#1967=DIRECTION('ref_axis',(-1.,0.,0.));
#1968=DIRECTION('',(0.,0.,1.));
#1969=DIRECTION('center_axis',(1.,0.,0.));
#1970=DIRECTION('ref_axis',(0.,0.707106781186543,0.707106781186552));
#1971=DIRECTION('center_axis',(-1.,2.98023650202594E-8,0.));
#1972=DIRECTION('ref_axis',(0.,0.,1.));
#1973=DIRECTION('',(1.,0.,0.));
#1974=DIRECTION('center_axis',(0.999999999999744,-2.70006227518535E-13,
-7.15255801253315E-7));
#1975=DIRECTION('ref_axis',(3.55271367880032E-14,0.999999999999946,-3.27825500079353E-7));
#1976=DIRECTION('',(1.,0.,-2.3373116307898E-16));
#1977=DIRECTION('center_axis',(0.,0.,-1.));
#1978=DIRECTION('ref_axis',(-1.,0.,0.));
#1979=DIRECTION('',(0.,1.,0.));
#1980=DIRECTION('',(1.,0.,0.));
#1981=DIRECTION('',(0.,1.,0.));
#1982=DIRECTION('center_axis',(0.,1.,0.));
#1983=DIRECTION('ref_axis',(1.,0.,7.40148683083438E-16));
#1984=DIRECTION('center_axis',(0.,1.,0.));
#1985=DIRECTION('ref_axis',(0.707106781186547,0.,-0.707106781186547));
#1986=DIRECTION('',(0.,1.,0.));
#1987=DIRECTION('center_axis',(0.,1.,0.));
#1988=DIRECTION('ref_axis',(1.,0.,7.40148683083438E-16));
#1989=DIRECTION('center_axis',(1.,0.,0.));
#1990=DIRECTION('ref_axis',(0.,0.,-1.));
#1991=DIRECTION('',(0.,1.,0.));
#1992=DIRECTION('',(0.,0.,1.));
#1993=DIRECTION('center_axis',(0.,1.,0.));
#1994=DIRECTION('ref_axis',(0.,0.,1.));
#1995=DIRECTION('center_axis',(0.,1.,0.));
#1996=DIRECTION('ref_axis',(0.707106781186547,0.,0.707106781186547));
#1997=DIRECTION('',(0.,1.,0.));
#1998=DIRECTION('center_axis',(0.,1.,0.));
#1999=DIRECTION('ref_axis',(0.,0.,1.));
#2000=DIRECTION('center_axis',(0.,-1.,0.));
#2001=DIRECTION('ref_axis',(0.,0.,-1.));
#2002=DIRECTION('center_axis',(0.,0.,1.));
#2003=DIRECTION('ref_axis',(0.,1.,0.));
#2004=DIRECTION('center_axis',(0.,-1.,0.));
#2005=DIRECTION('ref_axis',(0.707106781186548,0.,0.707106781186548));
#2006=DIRECTION('center_axis',(1.,0.,0.));
#2007=DIRECTION('ref_axis',(0.,0.,-1.));
#2008=DIRECTION('center_axis',(-1.,0.,2.3373116307898E-16));
#2009=DIRECTION('ref_axis',(-1.65272890387764E-16,0.707106781186555,-0.70710678118654));
#2010=DIRECTION('center_axis',(1.,0.,0.));
#2011=DIRECTION('ref_axis',(0.,0.,-1.));
#2012=DIRECTION('',(-1.,0.,2.3373116307898E-16));
#2013=DIRECTION('center_axis',(0.,-1.,0.));
#2014=DIRECTION('ref_axis',(0.,0.,-1.));
#2015=DIRECTION('center_axis',(0.,0.,1.));
#2016=DIRECTION('ref_axis',(1.,0.,0.));
#2017=DIRECTION('center_axis',(0.,1.,0.));
#2018=DIRECTION('ref_axis',(-0.707106781186547,0.,0.707106781186547));
#2019=DIRECTION('center_axis',(0.,-1.,0.));
#2020=DIRECTION('ref_axis',(-0.707106781186548,0.,0.707106781186548));
#2021=DIRECTION('center_axis',(0.,0.,-1.));
#2022=DIRECTION('ref_axis',(0.707106781186577,0.707106781186518,0.));
#2023=DIRECTION('center_axis',(0.,0.,1.));
#2024=DIRECTION('ref_axis',(1.,0.,0.));
#2025=DIRECTION('',(0.,0.,-1.));
#2026=DIRECTION('center_axis',(0.,-1.,0.));
#2027=DIRECTION('ref_axis',(0.,0.,-1.));
#2028=DIRECTION('center_axis',(-1.,0.,0.));
#2029=DIRECTION('ref_axis',(0.,0.,1.));
#2030=DIRECTION('center_axis',(0.,1.,0.));
#2031=DIRECTION('ref_axis',(-0.707106781186547,0.,-0.707106781186547));
#2032=DIRECTION('center_axis',(0.,-1.,0.));
#2033=DIRECTION('ref_axis',(-0.707106781186548,0.,-0.707106781186548));
#2034=DIRECTION('center_axis',(1.,0.,0.));
#2035=DIRECTION('ref_axis',(0.,0.707106781186543,0.707106781186552));
#2036=DIRECTION('center_axis',(-1.,0.,0.));
#2037=DIRECTION('ref_axis',(0.,0.,1.));
#2038=DIRECTION('',(1.,0.,0.));
#2039=DIRECTION('center_axis',(0.,-1.,0.));
#2040=DIRECTION('ref_axis',(0.,0.,-1.));
#2041=DIRECTION('center_axis',(0.,0.,-1.));
#2042=DIRECTION('ref_axis',(-1.,0.,0.));
#2043=DIRECTION('center_axis',(0.,-1.,0.));
#2044=DIRECTION('ref_axis',(0.707106781186548,0.,-0.707106781186548));
#2045=DIRECTION('center_axis',(0.,0.,1.));
#2046=DIRECTION('ref_axis',(-0.707106781186552,0.707106781186543,0.));
#2047=DIRECTION('',(0.,0.,1.));
#2048=DIRECTION('center_axis',(1.,0.,0.));
#2049=DIRECTION('ref_axis',(0.,0.,-1.));
#2050=DIRECTION('',(0.,1.,0.));
#2051=DIRECTION('',(0.,0.,-1.));
#2052=DIRECTION('',(0.,1.,0.));
#2053=DIRECTION('center_axis',(0.,1.,0.));
#2054=DIRECTION('ref_axis',(-1.,0.,0.));
#2055=DIRECTION('',(0.,1.,0.));
#2056=DIRECTION('center_axis',(0.,-1.,0.));
#2057=DIRECTION('ref_axis',(-1.,0.,0.));
#2058=DIRECTION('center_axis',(-2.3373116307898E-16,0.,-1.));
#2059=DIRECTION('ref_axis',(-1.,0.,2.3373116307898E-16));
#2060=DIRECTION('',(0.,1.,0.));
#2061=DIRECTION('',(-1.,0.,2.3373116307898E-16));
#2062=DIRECTION('center_axis',(0.,1.,0.));
#2063=DIRECTION('ref_axis',(-2.22044604925032E-15,0.,1.));
#2064=DIRECTION('',(0.,1.,0.));
#2065=DIRECTION('center_axis',(0.,-1.,0.));
#2066=DIRECTION('ref_axis',(-2.22044604925032E-15,0.,1.));
#2067=DIRECTION('center_axis',(-1.,0.,0.));
#2068=DIRECTION('ref_axis',(0.,0.,1.));
#2069=DIRECTION('',(0.,1.,0.));
#2070=DIRECTION('',(0.,0.,1.));
#2071=DIRECTION('center_axis',(0.,1.,0.));
#2072=DIRECTION('ref_axis',(1.,0.,1.11022302462516E-15));
#2073=DIRECTION('',(0.,1.,0.));
#2074=DIRECTION('center_axis',(0.,-1.,0.));
#2075=DIRECTION('ref_axis',(1.,0.,1.11022302462516E-15));
#2076=DIRECTION('center_axis',(0.,0.,1.));
#2077=DIRECTION('ref_axis',(1.,0.,0.));
#2078=DIRECTION('',(0.,1.,0.));
#2079=DIRECTION('',(1.,0.,0.));
#2080=DIRECTION('center_axis',(0.,1.,0.));
#2081=DIRECTION('ref_axis',(0.,0.,-1.));
#2082=DIRECTION('center_axis',(0.,-1.,0.));
#2083=DIRECTION('ref_axis',(0.,0.,-1.));
#2084=DIRECTION('center_axis',(0.,0.,1.));
#2085=DIRECTION('ref_axis',(1.,0.,0.));
#2086=DIRECTION('',(0.,1.,0.));
#2087=DIRECTION('',(-1.,0.,0.));
#2088=DIRECTION('center_axis',(0.,1.,0.));
#2089=DIRECTION('ref_axis',(-1.,0.,0.));
#2090=DIRECTION('',(0.,1.,0.));
#2091=DIRECTION('center_axis',(0.,1.,0.));
#2092=DIRECTION('ref_axis',(-1.,0.,0.));
#2093=DIRECTION('center_axis',(-1.,0.,7.40148661025288E-16));
#2094=DIRECTION('ref_axis',(7.40148661025288E-16,0.,1.));
#2095=DIRECTION('',(0.,1.,0.));
#2096=DIRECTION('',(-7.40148661025288E-16,0.,-1.));
#2097=DIRECTION('center_axis',(0.,1.,0.));
#2098=DIRECTION('ref_axis',(7.40148683083438E-16,0.,-1.));
#2099=DIRECTION('center_axis',(0.,1.,0.));
#2100=DIRECTION('ref_axis',(7.40148683083438E-16,0.,-1.));
#2101=DIRECTION('center_axis',(0.,1.,0.));
#2102=DIRECTION('ref_axis',(1.,0.,0.));
#2103=DIRECTION('center_axis',(0.,-1.,0.));
#2104=DIRECTION('ref_axis',(0.999999992629502,0.,0.000121412501197226));
#2105=DIRECTION('center_axis',(0.,1.,0.));
#2106=DIRECTION('ref_axis',(0.999999992629502,0.,0.000121412501199231));
#2107=DIRECTION('center_axis',(0.000121412501196498,0.,-0.999999992629502));
#2108=DIRECTION('ref_axis',(-0.999999992629502,0.,-0.000121412501196498));
#2109=DIRECTION('center_axis',(0.,-1.,0.));
#2110=DIRECTION('ref_axis',(-1.,0.,0.));
#2111=DIRECTION('center_axis',(0.,-1.,0.));
#2112=DIRECTION('ref_axis',(-1.,0.,0.));
#2113=DIRECTION('center_axis',(0.,1.,0.));
#2114=DIRECTION('ref_axis',(0.999999992629502,0.,0.000121412501199231));
#2115=DIRECTION('center_axis',(0.,1.,0.));
#2116=DIRECTION('ref_axis',(-1.,0.,0.));
#2117=DIRECTION('',(0.,-1.,0.));
#2118=DIRECTION('center_axis',(0.,1.,0.));
#2119=DIRECTION('ref_axis',(-1.,0.,0.));
#2120=DIRECTION('center_axis',(0.,1.,0.));
#2121=DIRECTION('ref_axis',(-1.,0.,0.));
#2122=DIRECTION('center_axis',(0.,-1.,0.));
#2123=DIRECTION('ref_axis',(-1.,0.,0.));
#2124=DIRECTION('',(0.,1.,0.));
#2125=DIRECTION('center_axis',(0.,1.,0.));
#2126=DIRECTION('ref_axis',(-1.,0.,0.));
#2127=DIRECTION('center_axis',(0.,-1.,0.));
#2128=DIRECTION('ref_axis',(0.999999998988465,0.,4.49785587266095E-5));
#2129=DIRECTION('center_axis',(0.,1.,0.));
#2130=DIRECTION('ref_axis',(0.999999998988465,0.,4.49785587273383E-5));
#2131=DIRECTION('center_axis',(4.49785587273383E-5,0.,-0.999999998988465));
#2132=DIRECTION('ref_axis',(-0.999999998988465,0.,-4.49785587273383E-5));
#2133=DIRECTION('center_axis',(0.,-1.,0.));
#2134=DIRECTION('ref_axis',(-1.,0.,0.));
#2135=DIRECTION('center_axis',(0.,-1.,0.));
#2136=DIRECTION('ref_axis',(-1.,0.,0.));
#2137=DIRECTION('center_axis',(0.,1.,0.));
#2138=DIRECTION('ref_axis',(0.999999998988465,0.,4.49785587273383E-5));
#2139=DIRECTION('center_axis',(0.,1.,0.));
#2140=DIRECTION('ref_axis',(-1.,0.,0.));
#2141=DIRECTION('',(0.,-1.,0.));
#2142=DIRECTION('center_axis',(0.,1.,0.));
#2143=DIRECTION('ref_axis',(-1.,0.,0.));
#2144=DIRECTION('center_axis',(0.,1.,0.));
#2145=DIRECTION('ref_axis',(-1.,0.,0.));
#2146=DIRECTION('center_axis',(0.,-1.,0.));
#2147=DIRECTION('ref_axis',(-1.,0.,0.));
#2148=DIRECTION('',(0.,1.,0.));
#2149=DIRECTION('center_axis',(0.,1.,0.));
#2150=DIRECTION('ref_axis',(-1.,0.,0.));
#2151=DIRECTION('center_axis',(0.,1.,0.));
#2152=DIRECTION('ref_axis',(0.,0.,1.));
#2153=DIRECTION('center_axis',(0.,-1.,0.));
#2154=DIRECTION('ref_axis',(-0.70710678118655,0.,0.707106781186545));
#2155=DIRECTION('center_axis',(0.,1.,0.));
#2156=DIRECTION('ref_axis',(-0.70710678118655,0.,0.707106781186545));
#2157=DIRECTION('center_axis',(0.,1.,0.));
#2158=DIRECTION('ref_axis',(-0.707106781186548,0.,0.707106781186547));
#2159=DIRECTION('',(0.,1.,0.));
#2160=DIRECTION('center_axis',(0.,1.,0.));
#2161=DIRECTION('ref_axis',(1.,0.,0.));
#2162=DIRECTION('',(0.,1.,0.));
#2163=DIRECTION('center_axis',(0.,0.,-1.));
#2164=DIRECTION('ref_axis',(0.707106781186577,0.707106781186518,0.));
#2165=DIRECTION('center_axis',(-4.44089209850056E-15,0.,1.));
#2166=DIRECTION('ref_axis',(1.,0.,4.44089209850056E-15));
#2167=DIRECTION('',(0.,0.,-1.));
#2168=DIRECTION('center_axis',(-1.,0.,0.));
#2169=DIRECTION('ref_axis',(0.,0.707106781186548,-0.707106781186548));
#2170=DIRECTION('',(-1.,0.,0.));
#2171=DIRECTION('center_axis',(1.,0.,0.));
#2172=DIRECTION('ref_axis',(0.,0.,-1.));
#2173=DIRECTION('center_axis',(0.,-1.,0.));
#2174=DIRECTION('ref_axis',(0.,0.,-1.));
#2175=DIRECTION('center_axis',(0.,-1.,0.));
#2176=DIRECTION('ref_axis',(-0.707106781186551,0.,0.707106781186544));
#2177=DIRECTION('center_axis',(0.,1.,0.));
#2178=DIRECTION('ref_axis',(-0.707106781186551,0.,0.707106781186544));
#2179=DIRECTION('center_axis',(1.,0.,0.));
#2180=DIRECTION('ref_axis',(0.,0.,-1.));
#2181=DIRECTION('',(0.,1.,0.));
#2182=DIRECTION('',(0.,0.,-1.));
#2183=DIRECTION('center_axis',(0.,1.,0.));
#2184=DIRECTION('ref_axis',(-1.,0.,-5.79246795456607E-15));
#2185=DIRECTION('',(0.,1.,0.));
#2186=DIRECTION('center_axis',(0.,-1.,0.));
#2187=DIRECTION('ref_axis',(-1.,0.,-5.79246795456607E-15));
#2188=DIRECTION('center_axis',(0.,0.,-1.));
#2189=DIRECTION('ref_axis',(-1.,0.,0.));
#2190=DIRECTION('',(-1.,0.,0.));
#2191=DIRECTION('center_axis',(0.,1.,0.));
#2192=DIRECTION('ref_axis',(1.,0.,0.));
#2193=DIRECTION('center_axis',(0.,1.,0.));
#2194=DIRECTION('ref_axis',(1.,0.,0.));
#2195=DIRECTION('center_axis',(0.,1.,0.));
#2196=DIRECTION('ref_axis',(0.,0.,-1.));
#2197=DIRECTION('center_axis',(0.,1.,0.));
#2198=DIRECTION('ref_axis',(0.707106781186547,0.,0.707106781186548));
#2199=DIRECTION('',(0.,1.,0.));
#2200=DIRECTION('center_axis',(0.,1.,0.));
#2201=DIRECTION('ref_axis',(2.22044604925031E-16,0.,-1.));
#2202=DIRECTION('',(0.,1.,0.));
#2203=DIRECTION('',(-1.,0.,0.));
#2204=DIRECTION('',(0.,0.,1.));
#2205=DIRECTION('center_axis',(0.,-1.,0.));
#2206=DIRECTION('ref_axis',(4.85390278695186E-9,0.,1.));
#2207=DIRECTION('center_axis',(2.22044604925031E-16,0.,-1.));
#2208=DIRECTION('ref_axis',(-1.,0.,-2.22044604925031E-16));
#2209=DIRECTION('',(0.,1.,0.));
#2210=DIRECTION('',(-1.,0.,-2.22044604925031E-16));
#2211=DIRECTION('center_axis',(0.,1.,0.));
#2212=DIRECTION('ref_axis',(-6.0145125594911E-15,0.,1.));
#2213=DIRECTION('',(0.,1.,0.));
#2214=DIRECTION('center_axis',(0.,-1.,0.));
#2215=DIRECTION('ref_axis',(-6.0145125594911E-15,0.,1.));
#2216=DIRECTION('center_axis',(-1.,0.,-2.22044604925031E-16));
#2217=DIRECTION('ref_axis',(-2.22044604925031E-16,0.,1.));
#2218=DIRECTION('',(-2.22044604925031E-16,0.,1.));
#2219=DIRECTION('center_axis',(0.,1.,0.));
#2220=DIRECTION('ref_axis',(2.22044604925031E-16,0.,-1.));
#2221=DIRECTION('center_axis',(0.,1.,0.));
#2222=DIRECTION('ref_axis',(2.22044604925031E-16,0.,-1.));
#2223=CARTESIAN_POINT('',(0.,0.,0.));
#2224=CARTESIAN_POINT('Origin',(-130.250000985572,21.5,-139.367321895425));
#2225=CARTESIAN_POINT('',(-130.750000985572,21.5,-114.10000055097));
#2226=CARTESIAN_POINT('',(-130.250000985572,22.,-114.049490293754));
#2227=CARTESIAN_POINT('Ctrl Pts',(-130.750000985572,21.5,-114.10000055097));
#2228=CARTESIAN_POINT('Ctrl Pts',(-130.750000985572,21.562797937245,-114.10000055097));
#2229=CARTESIAN_POINT('Ctrl Pts',(-130.737446447727,21.6297784010175,-114.100099308374));
#2230=CARTESIAN_POINT('Ctrl Pts',(-130.686406754655,21.7529733495195,-114.099321896439));
#2231=CARTESIAN_POINT('Ctrl Pts',(-130.647921048219,21.8091867185393,-114.098310953166));
#2232=CARTESIAN_POINT('Ctrl Pts',(-130.558820084283,21.8982876824758,-114.09308256133));
#2233=CARTESIAN_POINT('Ctrl Pts',(-130.502187814841,21.9368697666997,-114.088464920909));
#2234=CARTESIAN_POINT('Ctrl Pts',(-130.378785599627,21.9877170379711,-114.073068569923));
#2235=CARTESIAN_POINT('Ctrl Pts',(-130.312039974111,22.,-114.06215394926));
#2236=CARTESIAN_POINT('Ctrl Pts',(-130.250000985572,22.,-114.049490293753));
#2237=CARTESIAN_POINT('',(-130.250000985572,22.,-153.136447869637));
#2238=CARTESIAN_POINT('',(-130.250000985572,22.,-139.367321895425));
#2239=CARTESIAN_POINT('',(-130.750000985572,21.5,-153.082164532368));
#2240=CARTESIAN_POINT('Ctrl Pts',(-130.250000985572,22.,-153.136447869636));
#2241=CARTESIAN_POINT('Ctrl Pts',(-130.312650200713,22.,-153.127962927504));
#2242=CARTESIAN_POINT('Ctrl Pts',(-130.379612607704,21.9875022466107,-153.119596384519));
#2243=CARTESIAN_POINT('Ctrl Pts',(-130.502983829955,21.9364141317439,-153.105430480356));
#2244=CARTESIAN_POINT('Ctrl Pts',(-130.559386070692,21.8978177393369,-153.099595635138));
#2245=CARTESIAN_POINT('Ctrl Pts',(-130.648152384106,21.8088592368104,-153.090948644086));
#2246=CARTESIAN_POINT('Ctrl Pts',(-130.686540761854,21.7527194145268,-153.08753855956));
#2247=CARTESIAN_POINT('Ctrl Pts',(-130.73746554431,21.6296625788564,-153.083164440456));
#2248=CARTESIAN_POINT('Ctrl Pts',(-130.750000985572,21.5627464445265,-153.082164532367));
#2249=CARTESIAN_POINT('Ctrl Pts',(-130.750000985572,21.5,-153.082164532367));
#2250=CARTESIAN_POINT('',(-130.750000985572,21.5,-139.367321895425));
#2251=CARTESIAN_POINT('Origin',(-131.525,-28.,-162.5505));
#2252=CARTESIAN_POINT('',(-139.086860739776,22.,-156.799998965114));
#2253=CARTESIAN_POINT('Origin',(-131.525,22.,-162.5505));
#2254=CARTESIAN_POINT('',(-138.679106290298,21.5,-156.299998965114));
#2255=CARTESIAN_POINT('Ctrl Pts',(-138.679106290299,21.5,-156.299998965114));
#2256=CARTESIAN_POINT('Ctrl Pts',(-138.679106290299,21.5624946464436,-156.299998965114));
#2257=CARTESIAN_POINT('Ctrl Pts',(-138.690034425391,21.6273638918348,-156.312453378125));
#2258=CARTESIAN_POINT('Ctrl Pts',(-138.730233401001,21.7436786002605,-156.358928663235));
#2259=CARTESIAN_POINT('Ctrl Pts',(-138.759313461537,21.7952404771156,-156.392822844777));
#2260=CARTESIAN_POINT('Ctrl Pts',(-138.830267179343,21.8882618269255,-156.477036200966));
#2261=CARTESIAN_POINT('Ctrl Pts',(-138.879637527623,21.9308097664858,-156.536670310462));
#2262=CARTESIAN_POINT('Ctrl Pts',(-138.98322946834,21.9867082853472,-156.665633485336));
#2263=CARTESIAN_POINT('Ctrl Pts',(-139.037433312358,22.,-156.735002311675));
#2264=CARTESIAN_POINT('Ctrl Pts',(-139.086860739777,22.,-156.799998965114));
#2265=CARTESIAN_POINT('',(-138.679106290298,13.,-156.299998965114));
#2266=CARTESIAN_POINT('',(-138.679106290298,-28.,-156.299998965114));
#2267=CARTESIAN_POINT('',(-130.750000985572,13.,-153.082164532368));
#2268=CARTESIAN_POINT('Origin',(-131.525,13.,-162.5505));
#2269=CARTESIAN_POINT('',(-130.750000985572,-28.,-153.082164532368));
#2270=CARTESIAN_POINT('Origin',(-149.50000051409,22.,-167.134643239879));
#2271=CARTESIAN_POINT('',(-110.,22.,-95.));
#2272=CARTESIAN_POINT('',(-105.,22.,-100.));
#2273=CARTESIAN_POINT('Origin',(-110.,22.,-100.));
#2274=CARTESIAN_POINT('',(-105.,22.,-181.383));
#2275=CARTESIAN_POINT('',(-105.,22.,-147.869124236402));
#2276=CARTESIAN_POINT('',(-110.,22.,-186.383));
#2277=CARTESIAN_POINT('Origin',(-110.,22.,-181.383));
#2278=CARTESIAN_POINT('',(-215.65,22.,-186.383));
#2279=CARTESIAN_POINT('',(-110.556728520432,22.,-186.383));
#2280=CARTESIAN_POINT('',(-220.65,22.,-181.383));
#2281=CARTESIAN_POINT('Origin',(-215.65,22.,-181.383));
#2282=CARTESIAN_POINT('',(-220.65,22.,-100.));
#2283=CARTESIAN_POINT('',(-220.65,22.,-188.560624236402));
#2284=CARTESIAN_POINT('',(-215.65,22.,-95.));
#2285=CARTESIAN_POINT('Origin',(-215.65,22.,-100.));
#2286=CARTESIAN_POINT('',(-163.381728520432,22.,-95.));
#2287=CARTESIAN_POINT('',(-133.199490728355,22.,-111.10000055097));
#2288=CARTESIAN_POINT('Origin',(-130.750000985572,22.,-111.60000055097));
#2289=CARTESIAN_POINT('',(-192.050508592012,22.,-111.10000055097));
#2290=CARTESIAN_POINT('',(-171.999999424443,22.,-111.10000055097));
#2291=CARTESIAN_POINT('',(-194.999998334795,22.,-114.049490293754));
#2292=CARTESIAN_POINT('Origin',(-194.499998334795,22.,-111.60000055097));
#2293=CARTESIAN_POINT('',(-194.999998334795,22.,-153.179875743647));
#2294=CARTESIAN_POINT('',(-194.999998334795,22.,-161.717321102497));
#2295=CARTESIAN_POINT('',(-185.875639260223,22.,-156.799998965114));
#2296=CARTESIAN_POINT('Origin',(-193.4375,22.,-162.5505));
#2297=CARTESIAN_POINT('',(-140.125000749831,22.,-156.799998965114));
#2298=CARTESIAN_POINT('',(-112.5,22.,-181.383));
#2299=CARTESIAN_POINT('Origin',(-110.,22.,-181.383));
#2300=CARTESIAN_POINT('',(-112.5,22.,-100.));
#2301=CARTESIAN_POINT('Origin',(-110.,22.,-100.));
#2302=CARTESIAN_POINT('',(-218.15,22.,-100.));
#2303=CARTESIAN_POINT('Origin',(-215.65,22.,-100.));
#2304=CARTESIAN_POINT('',(-217.500001490116,22.,-180.000001117587));
#2305=CARTESIAN_POINT('Origin',(-215.000001490116,22.,-180.000001117587));
#2306=CARTESIAN_POINT('',(-150.50000051409,22.,-166.49999974668));
#2307=CARTESIAN_POINT('',(-150.50000051409,22.,-159.499999597669));
#2308=CARTESIAN_POINT('',(-150.50000051409,22.,-171.701965060984));
#2309=CARTESIAN_POINT('',(-152.50000051409,22.,-157.499999597669));
#2310=CARTESIAN_POINT('Origin',(-152.50000051409,22.,-159.499999597669));
#2311=CARTESIAN_POINT('',(-172.500000946224,22.,-157.499999597669));
#2312=CARTESIAN_POINT('',(-163.250000730157,22.,-157.499999597669));
#2313=CARTESIAN_POINT('',(-174.500000946224,22.,-159.499999597669));
#2314=CARTESIAN_POINT('Origin',(-172.500000946224,22.,-159.499999597669));
#2315=CARTESIAN_POINT('',(-174.500000946224,22.,-166.49999974668));
#2316=CARTESIAN_POINT('',(-174.500000946224,22.,-162.567321418774));
#2317=CARTESIAN_POINT('',(-172.500000946224,22.,-168.49999974668));
#2318=CARTESIAN_POINT('Origin',(-172.500000946224,22.,-166.49999974668));
#2319=CARTESIAN_POINT('',(-152.50000051409,22.,-168.49999974668));
#2320=CARTESIAN_POINT('',(-148.75000051409,22.,-168.49999974668));
#2321=CARTESIAN_POINT('Origin',(-152.50000051409,22.,-166.49999974668));
#2322=CARTESIAN_POINT('Origin',(-140.125000749831,21.5,-156.799998965114));
#2323=CARTESIAN_POINT('',(-186.283393709701,21.5,-156.299998965114));
#2324=CARTESIAN_POINT('Ctrl Pts',(-185.875639260223,22.,-156.799998965114));
#2325=CARTESIAN_POINT('Ctrl Pts',(-185.925066687642,22.,-156.735002311675));
#2326=CARTESIAN_POINT('Ctrl Pts',(-185.97927053166,21.9867082853472,-156.665633485336));
#2327=CARTESIAN_POINT('Ctrl Pts',(-186.082862472377,21.9308097664858,-156.536670310462));
#2328=CARTESIAN_POINT('Ctrl Pts',(-186.132232820657,21.8882618269255,-156.477036200966));
#2329=CARTESIAN_POINT('Ctrl Pts',(-186.203186538463,21.7952404771156,-156.392822844777));
#2330=CARTESIAN_POINT('Ctrl Pts',(-186.232266599,21.7436786002605,-156.358928663235));
#2331=CARTESIAN_POINT('Ctrl Pts',(-186.272465574609,21.6273638918348,-156.312453378125));
#2332=CARTESIAN_POINT('Ctrl Pts',(-186.283393709701,21.5624946464436,-156.299998965114));
#2333=CARTESIAN_POINT('Ctrl Pts',(-186.283393709701,21.5,-156.299998965114));
#2334=CARTESIAN_POINT('',(-140.125000749831,21.5,-156.299998965114));
#2335=CARTESIAN_POINT('Origin',(-193.4375,-28.,-162.5505));
#2336=CARTESIAN_POINT('',(-194.499998334795,21.5,-153.110102906204));
#2337=CARTESIAN_POINT('Ctrl Pts',(-194.499998334795,21.5,-153.110102906204));
#2338=CARTESIAN_POINT('Ctrl Pts',(-194.499998334795,21.5627272407098,-153.110102906204));
#2339=CARTESIAN_POINT('Ctrl Pts',(-194.51252765764,21.6296106107274,-153.1114867626));
#2340=CARTESIAN_POINT('Ctrl Pts',(-194.563383045369,21.7525740650084,-153.11741764424));
#2341=CARTESIAN_POINT('Ctrl Pts',(-194.601707092188,21.8086532408796,-153.12200075212));
#2342=CARTESIAN_POINT('Ctrl Pts',(-194.690429320514,21.8976996674146,-153.133377691316));
#2343=CARTESIAN_POINT('Ctrl Pts',(-194.746917987211,21.9363667727236,-153.140966681411));
#2344=CARTESIAN_POINT('Ctrl Pts',(-194.870395049515,21.9875126767384,-153.158976986334));
#2345=CARTESIAN_POINT('Ctrl Pts',(-194.937374759942,22.,-153.169433618474));
#2346=CARTESIAN_POINT('Ctrl Pts',(-194.999998334795,22.,-153.179875743646));
#2347=CARTESIAN_POINT('',(-194.499998334795,13.,-153.110102906204));
#2348=CARTESIAN_POINT('',(-194.499998334795,-28.,-153.110102906204));
#2349=CARTESIAN_POINT('',(-186.283393709701,13.,-156.299998965114));
#2350=CARTESIAN_POINT('Origin',(-193.4375,13.,-162.5505));
#2351=CARTESIAN_POINT('',(-186.283393709701,-28.,-156.299998965114));
#2352=CARTESIAN_POINT('Origin',(-171.999999424443,21.5,-111.10000055097));
#2353=CARTESIAN_POINT('',(-191.999998334795,21.5,-111.60000055097));
#2354=CARTESIAN_POINT('Ctrl Pts',(-191.999998334795,21.5,-111.60000055097));
#2355=CARTESIAN_POINT('Ctrl Pts',(-191.999998334795,21.562797937245,-111.60000055097));
#2356=CARTESIAN_POINT('Ctrl Pts',(-191.999899577391,21.6297784010175,-111.587446013125));
#2357=CARTESIAN_POINT('Ctrl Pts',(-192.000676989326,21.7529733495195,-111.536406320053));
#2358=CARTESIAN_POINT('Ctrl Pts',(-192.001687932599,21.8091867185393,-111.497920613617));
#2359=CARTESIAN_POINT('Ctrl Pts',(-192.006916324435,21.8982876824758,-111.408819649681));
#2360=CARTESIAN_POINT('Ctrl Pts',(-192.011533964856,21.9368697666997,-111.352187380239));
#2361=CARTESIAN_POINT('Ctrl Pts',(-192.026930315842,21.9877170379711,-111.228785165025));
#2362=CARTESIAN_POINT('Ctrl Pts',(-192.037844936505,22.,-111.162039539509));
#2363=CARTESIAN_POINT('Ctrl Pts',(-192.050508592012,22.,-111.10000055097));
#2364=CARTESIAN_POINT('',(-133.250000985572,21.5,-111.60000055097));
#2365=CARTESIAN_POINT('Ctrl Pts',(-133.199490728355,22.,-111.10000055097));
#2366=CARTESIAN_POINT('Ctrl Pts',(-133.212154383862,22.,-111.162039539509));
#2367=CARTESIAN_POINT('Ctrl Pts',(-133.223069004525,21.9877170379711,-111.228785165025));
#2368=CARTESIAN_POINT('Ctrl Pts',(-133.238465355511,21.9368697666997,-111.352187380239));
#2369=CARTESIAN_POINT('Ctrl Pts',(-133.243082995932,21.8982876824758,-111.408819649681));
#2370=CARTESIAN_POINT('Ctrl Pts',(-133.248311387768,21.8091867185393,-111.497920613617));
#2371=CARTESIAN_POINT('Ctrl Pts',(-133.249322331041,21.7529733495195,-111.536406320053));
#2372=CARTESIAN_POINT('Ctrl Pts',(-133.250099742976,21.6297784010175,-111.587446013125));
#2373=CARTESIAN_POINT('Ctrl Pts',(-133.250000985572,21.562797937245,-111.60000055097));
#2374=CARTESIAN_POINT('Ctrl Pts',(-133.250000985572,21.5,-111.60000055097));
#2375=CARTESIAN_POINT('',(-171.999999424443,21.5,-111.60000055097));
#2376=CARTESIAN_POINT('Origin',(-194.499998334795,13.,-111.60000055097));
#2377=CARTESIAN_POINT('',(-133.250000985572,13.,-111.60000055097));
#2378=CARTESIAN_POINT('',(-133.250000985572,-28.,-111.60000055097));
#2379=CARTESIAN_POINT('',(-191.999998334795,13.,-111.60000055097));
#2380=CARTESIAN_POINT('',(-178.662499167398,13.,-111.60000055097));
#2381=CARTESIAN_POINT('',(-191.999998334795,-28.,-111.60000055097));
#2382=CARTESIAN_POINT('Origin',(-130.750000985572,-28.,-111.60000055097));
#2383=CARTESIAN_POINT('',(-130.750000985572,13.,-114.10000055097));
#2384=CARTESIAN_POINT('',(-130.750000985572,-28.,-114.10000055097));
#2385=CARTESIAN_POINT('Origin',(-130.750000985572,13.,-111.60000055097));
#2386=CARTESIAN_POINT('Origin',(-194.999998334795,21.5,-161.717321102497));
#2387=CARTESIAN_POINT('',(-194.499998334795,21.5,-114.10000055097));
#2388=CARTESIAN_POINT('Ctrl Pts',(-194.999998334795,22.,-114.049490293753));
#2389=CARTESIAN_POINT('Ctrl Pts',(-194.937959346256,22.,-114.06215394926));
#2390=CARTESIAN_POINT('Ctrl Pts',(-194.87121372074,21.9877170379711,-114.073068569923));
#2391=CARTESIAN_POINT('Ctrl Pts',(-194.747811505526,21.9368697666997,-114.088464920909));
#2392=CARTESIAN_POINT('Ctrl Pts',(-194.691179236084,21.8982876824758,-114.09308256133));
#2393=CARTESIAN_POINT('Ctrl Pts',(-194.602078272148,21.8091867185393,-114.098310953166));
#2394=CARTESIAN_POINT('Ctrl Pts',(-194.563592565712,21.7529733495195,-114.099321896439));
#2395=CARTESIAN_POINT('Ctrl Pts',(-194.51255287264,21.6297784010175,-114.100099308374));
#2396=CARTESIAN_POINT('Ctrl Pts',(-194.499998334795,21.562797937245,-114.10000055097));
#2397=CARTESIAN_POINT('Ctrl Pts',(-194.499998334795,21.5,-114.10000055097));
#2398=CARTESIAN_POINT('',(-194.499998334795,21.5,-161.717321102497));
#2399=CARTESIAN_POINT('Origin',(-194.499998334795,13.,-156.299998965114));
#2400=CARTESIAN_POINT('',(-194.499998334795,13.,-114.10000055097));
#2401=CARTESIAN_POINT('',(-194.499998334795,-28.,-114.10000055097));
#2402=CARTESIAN_POINT('',(-194.499998334795,13.,-148.495749482557));
#2403=CARTESIAN_POINT('Origin',(-194.499998334795,-28.,-111.60000055097));
#2404=CARTESIAN_POINT('Origin',(-194.499998334795,13.,-111.60000055097));
#2405=CARTESIAN_POINT('Origin',(-149.50000051409,13.,-167.134643239879));
#2406=CARTESIAN_POINT('',(-110.,13.,-95.));
#2407=CARTESIAN_POINT('',(-105.,13.,-100.));
#2408=CARTESIAN_POINT('Origin',(-110.,13.,-100.));
#2409=CARTESIAN_POINT('',(-215.65,13.,-95.));
#2410=CARTESIAN_POINT('',(-110.,13.,-95.));
#2411=CARTESIAN_POINT('',(-220.65,13.,-100.));
#2412=CARTESIAN_POINT('Origin',(-215.65,13.,-100.));
#2413=CARTESIAN_POINT('',(-220.65,13.,-181.383));
#2414=CARTESIAN_POINT('',(-220.65,13.,-100.));
#2415=CARTESIAN_POINT('',(-215.65,13.,-186.383));
#2416=CARTESIAN_POINT('Origin',(-215.65,13.,-181.383));
#2417=CARTESIAN_POINT('',(-110.,13.,-186.383));
#2418=CARTESIAN_POINT('',(-215.65,13.,-186.383));
#2419=CARTESIAN_POINT('',(-105.,13.,-181.383));
#2420=CARTESIAN_POINT('Origin',(-110.,13.,-181.383));
#2421=CARTESIAN_POINT('',(-105.,13.,-181.383));
#2422=CARTESIAN_POINT('',(-150.50000051409,13.,-159.499999597669));
#2423=CARTESIAN_POINT('',(-150.50000051409,13.,-166.49999974668));
#2424=CARTESIAN_POINT('',(-150.50000051409,13.,-171.701965060984));
#2425=CARTESIAN_POINT('',(-152.50000051409,13.,-168.49999974668));
#2426=CARTESIAN_POINT('Origin',(-152.50000051409,13.,-166.49999974668));
#2427=CARTESIAN_POINT('',(-172.500000946224,13.,-168.49999974668));
#2428=CARTESIAN_POINT('',(-148.75000051409,13.,-168.49999974668));
#2429=CARTESIAN_POINT('',(-174.500000946224,13.,-166.49999974668));
#2430=CARTESIAN_POINT('Origin',(-172.500000946224,13.,-166.49999974668));
#2431=CARTESIAN_POINT('',(-174.500000946224,13.,-159.499999597669));
#2432=CARTESIAN_POINT('',(-174.500000946224,13.,-162.567321418774));
#2433=CARTESIAN_POINT('',(-172.500000946224,13.,-157.499999597669));
#2434=CARTESIAN_POINT('Origin',(-172.500000946224,13.,-159.499999597669));
#2435=CARTESIAN_POINT('',(-152.50000051409,13.,-157.499999597669));
#2436=CARTESIAN_POINT('',(-163.250000730157,13.,-157.499999597669));
#2437=CARTESIAN_POINT('Origin',(-152.50000051409,13.,-159.499999597669));
#2438=CARTESIAN_POINT('',(-217.500001490116,13.,-180.000001117587));
#2439=CARTESIAN_POINT('Origin',(-215.000001490116,13.,-180.000001117587));
#2440=CARTESIAN_POINT('',(-218.15,13.,-100.));
#2441=CARTESIAN_POINT('Origin',(-215.65,13.,-100.));
#2442=CARTESIAN_POINT('',(-112.5,13.,-100.));
#2443=CARTESIAN_POINT('Origin',(-110.,13.,-100.));
#2444=CARTESIAN_POINT('',(-112.5,13.,-181.383));
#2445=CARTESIAN_POINT('Origin',(-110.,13.,-181.383));
#2446=CARTESIAN_POINT('',(-130.750000985572,13.,-126.145750275485));
#2447=CARTESIAN_POINT('',(-146.787500492786,13.,-156.299998965114));
#2448=CARTESIAN_POINT('Origin',(-130.750000985572,13.,-111.60000055097));
#2449=CARTESIAN_POINT('Origin',(-152.50000051409,1.50000000000001,-159.499999597669));
#2450=CARTESIAN_POINT('',(-152.50000051409,1.50000000000001,-157.499999597669));
#2451=CARTESIAN_POINT('',(-150.50000051409,1.50000000000001,-159.499999597669));
#2452=CARTESIAN_POINT('Origin',(-177.000000946224,-9.99999999999999,-157.499999597669));
#2453=CARTESIAN_POINT('',(-172.500000946224,1.50000000000001,-157.499999597669));
#2454=CARTESIAN_POINT('Origin',(-172.500000946224,1.50000000000001,-159.499999597669));
#2455=CARTESIAN_POINT('',(-174.500000946224,1.50000000000001,-159.499999597669));
#2456=CARTESIAN_POINT('Origin',(-174.500000946224,13.,-157.999999597669));
#2457=CARTESIAN_POINT('',(-174.500000946224,1.50000000000001,-166.49999974668));
#2458=CARTESIAN_POINT('Origin',(-152.50000051409,1.50000000000001,-166.49999974668));
#2459=CARTESIAN_POINT('',(-152.50000051409,1.50000000000001,-168.49999974668));
#2460=CARTESIAN_POINT('',(-150.50000051409,1.50000000000001,-166.49999974668));
#2461=CARTESIAN_POINT('Origin',(-148.00000051409,-9.99999999999999,-168.49999974668));
#2462=CARTESIAN_POINT('',(-172.500000946224,1.50000000000001,-168.49999974668));
#2463=CARTESIAN_POINT('Origin',(-172.500000946224,1.50000000000001,-166.49999974668));
#2464=CARTESIAN_POINT('Origin',(-130.750000985572,13.,-156.299998965114));
#2465=CARTESIAN_POINT('Origin',(-110.,13.,-181.383));
#2466=CARTESIAN_POINT('',(-112.5,13.,-181.383));
#2467=CARTESIAN_POINT('Origin',(-110.,13.,-100.));
#2468=CARTESIAN_POINT('',(-112.5,13.,-100.));
#2469=CARTESIAN_POINT('Origin',(-215.65,13.,-100.));
#2470=CARTESIAN_POINT('',(-218.15,13.,-100.));
#2471=CARTESIAN_POINT('Origin',(-215.000001490116,13.,-180.000001117587));
#2472=CARTESIAN_POINT('',(-217.500001490116,13.,-180.000001117587));
#2473=CARTESIAN_POINT('Origin',(-215.65,13.,-95.));
#2474=CARTESIAN_POINT('',(-110.,13.,-95.));
#2475=CARTESIAN_POINT('',(-215.65,13.,-95.));
#2476=CARTESIAN_POINT('Origin',(-215.65,13.,-100.));
#2477=CARTESIAN_POINT('',(-220.65,13.,-100.));
#2478=CARTESIAN_POINT('Origin',(-220.65,13.,-181.383));
#2479=CARTESIAN_POINT('',(-220.65,13.,-181.383));
#2480=CARTESIAN_POINT('Origin',(-215.65,13.,-181.383));
#2481=CARTESIAN_POINT('',(-215.65,13.,-186.383));
#2482=CARTESIAN_POINT('Origin',(-110.,13.,-186.383));
#2483=CARTESIAN_POINT('',(-110.,13.,-186.383));
#2484=CARTESIAN_POINT('Origin',(-110.,13.,-181.383));
#2485=CARTESIAN_POINT('',(-105.,13.,-181.383));
#2486=CARTESIAN_POINT('Origin',(-105.,13.,-100.));
#2487=CARTESIAN_POINT('',(-105.,13.,-100.));
#2488=CARTESIAN_POINT('Origin',(-110.,13.,-100.));
#2489=CARTESIAN_POINT('Origin',(-150.50000051409,13.,-176.26928688209));
#2490=CARTESIAN_POINT('Origin',(-150.500000543892,22.5,-161.499999642372));
#2491=CARTESIAN_POINT('',(-150.000000543892,22.5,-159.999999597669));
#2492=CARTESIAN_POINT('',(-150.50000090152,23.,-159.999999761581));
#2493=CARTESIAN_POINT('Origin',(-150.500000543892,22.5,-159.999999597669));
#2494=CARTESIAN_POINT('',(-150.000000543892,22.5,-165.999999776483));
#2495=CARTESIAN_POINT('',(-150.000000543892,22.5,-161.499999642372));
#2496=CARTESIAN_POINT('',(-150.50000090152,23.,-165.999999761581));
#2497=CARTESIAN_POINT('Origin',(-150.500000543892,22.5,-165.999999776483));
#2498=CARTESIAN_POINT('',(-150.50000090152,23.,-164.499999724328));
#2499=CARTESIAN_POINT('Origin',(-157.750000637025,22.5,-168.499999776483));
#2500=CARTESIAN_POINT('',(-153.000000543892,22.5,-168.999999776483));
#2501=CARTESIAN_POINT('',(-153.00000090152,23.,-168.499999761581));
#2502=CARTESIAN_POINT('Origin',(-153.000000543892,22.5,-168.499999776483));
#2503=CARTESIAN_POINT('',(-172.000000916421,22.5,-168.999999776483));
#2504=CARTESIAN_POINT('',(-157.750000637025,22.5,-168.999999776483));
#2505=CARTESIAN_POINT('',(-172.00000090152,23.,-168.499999761581));
#2506=CARTESIAN_POINT('Origin',(-172.000000916421,22.5,-168.499999776483));
#2507=CARTESIAN_POINT('',(-167.250000815839,23.,-168.499999761581));
#2508=CARTESIAN_POINT('Origin',(-174.500000916421,22.5,-164.499999731779));
#2509=CARTESIAN_POINT('',(-175.000000916421,22.5,-165.999999776483));
#2510=CARTESIAN_POINT('',(-174.50000090152,23.,-165.999999761581));
#2511=CARTESIAN_POINT('Origin',(-174.500000916421,22.5,-165.999999776483));
#2512=CARTESIAN_POINT('',(-175.000000916421,22.5,-159.999999597669));
#2513=CARTESIAN_POINT('',(-175.000000916421,22.5,-164.499999731779));
#2514=CARTESIAN_POINT('',(-174.50000090152,23.,-159.999999761581));
#2515=CARTESIAN_POINT('Origin',(-174.500000916421,22.5,-159.999999597669));
#2516=CARTESIAN_POINT('',(-174.50000090152,23.,-161.499999724328));
#2517=CARTESIAN_POINT('Origin',(-167.250000823289,22.5,-157.499999597669));
#2518=CARTESIAN_POINT('',(-172.000000916421,22.5,-156.999999597669));
#2519=CARTESIAN_POINT('',(-172.00000090152,23.,-157.499999761581));
#2520=CARTESIAN_POINT('Origin',(-172.000000916421,22.5,-157.499999597669));
#2521=CARTESIAN_POINT('',(-153.000000543892,22.5,-156.999999597669));
#2522=CARTESIAN_POINT('',(-167.250000823289,22.5,-156.999999597669));
#2523=CARTESIAN_POINT('',(-153.00000090152,23.,-157.499999761581));
#2524=CARTESIAN_POINT('Origin',(-153.00000090152,22.5,-157.499999597669));
#2525=CARTESIAN_POINT('',(-157.750000815839,23.,-157.499999761581));
#2526=CARTESIAN_POINT('Origin',(-153.000000543892,13.,-168.999999776483));
#2527=CARTESIAN_POINT('',(-153.000000543892,13.,-168.999999776483));
#2528=CARTESIAN_POINT('',(-153.000000543892,13.,-168.999999776483));
#2529=CARTESIAN_POINT('',(-172.000000916421,13.,-168.999999776483));
#2530=CARTESIAN_POINT('',(-172.000000916421,13.,-168.999999776483));
#2531=CARTESIAN_POINT('',(-172.000000916421,13.,-168.999999776483));
#2532=CARTESIAN_POINT('Origin',(-153.000000543892,13.,-165.999999776483));
#2533=CARTESIAN_POINT('Origin',(-153.000000543892,22.5,-165.999999776483));
#2534=CARTESIAN_POINT('',(-150.000000543892,13.,-165.999999776483));
#2535=CARTESIAN_POINT('',(-150.000000543892,13.,-165.999999776483));
#2536=CARTESIAN_POINT('Origin',(-153.000000543892,13.,-165.999999776483));
#2537=CARTESIAN_POINT('Origin',(-150.000000543892,13.,-159.999999597669));
#2538=CARTESIAN_POINT('',(-150.000000543892,13.,-159.999999597669));
#2539=CARTESIAN_POINT('',(-150.000000543892,13.,-159.999999597669));
#2540=CARTESIAN_POINT('',(-150.000000543892,13.,-165.999999776483));
#2541=CARTESIAN_POINT('Origin',(-153.000000543892,13.,-159.999999597669));
#2542=CARTESIAN_POINT('Origin',(-153.000000543892,22.5,-159.999999597669));
#2543=CARTESIAN_POINT('',(-153.000000543892,13.,-156.999999597669));
#2544=CARTESIAN_POINT('',(-153.000000543892,13.,-156.999999597669));
#2545=CARTESIAN_POINT('Origin',(-153.000000543892,13.,-159.999999597669));
#2546=CARTESIAN_POINT('Origin',(-153.00000090152,22.5,-159.999999761581));
#2547=CARTESIAN_POINT('',(-151.00000090152,22.5,-159.999999761581));
#2548=CARTESIAN_POINT('Origin',(-150.50000090152,22.5,-159.999999761581));
#2549=CARTESIAN_POINT('',(-153.00000090152,22.5,-157.999999761581));
#2550=CARTESIAN_POINT('Origin',(-153.00000090152,22.5,-159.999999761581));
#2551=CARTESIAN_POINT('Origin',(-153.00000090152,22.5,-157.499999761581));
#2552=CARTESIAN_POINT('Origin',(-157.750000815839,22.5,-157.499999761581));
#2553=CARTESIAN_POINT('',(-172.00000090152,22.5,-157.999999761581));
#2554=CARTESIAN_POINT('Origin',(-172.00000090152,22.5,-157.499999761581));
#2555=CARTESIAN_POINT('',(-157.750000815839,22.5,-157.999999761581));
#2556=CARTESIAN_POINT('Origin',(-172.00000090152,22.5,-159.999999761581));
#2557=CARTESIAN_POINT('',(-174.00000090152,22.5,-159.999999761581));
#2558=CARTESIAN_POINT('Origin',(-174.50000090152,22.5,-159.999999761581));
#2559=CARTESIAN_POINT('Origin',(-172.000000916421,22.5,-159.999999597669));
#2560=CARTESIAN_POINT('Origin',(-172.00000090152,22.5,-159.999999761581));
#2561=CARTESIAN_POINT('Origin',(-174.50000090152,22.5,-161.499999724328));
#2562=CARTESIAN_POINT('',(-174.00000090152,22.5,-165.999999761581));
#2563=CARTESIAN_POINT('Origin',(-174.50000090152,22.5,-165.999999761581));
#2564=CARTESIAN_POINT('',(-174.00000090152,22.5,-161.499999724328));
#2565=CARTESIAN_POINT('Origin',(-172.00000090152,22.5,-165.999999761581));
#2566=CARTESIAN_POINT('',(-172.00000090152,22.5,-167.999999761581));
#2567=CARTESIAN_POINT('Origin',(-172.00000090152,22.5,-168.499999761581));
#2568=CARTESIAN_POINT('Origin',(-172.000000916421,22.5,-165.999999776483));
#2569=CARTESIAN_POINT('Origin',(-172.00000090152,22.5,-165.999999761581));
#2570=CARTESIAN_POINT('Origin',(-167.250000815839,22.5,-168.499999761581));
#2571=CARTESIAN_POINT('',(-153.00000090152,22.5,-167.999999761581));
#2572=CARTESIAN_POINT('Origin',(-153.00000090152,22.5,-168.499999761581));
#2573=CARTESIAN_POINT('',(-167.250000815839,22.5,-167.999999761581));
#2574=CARTESIAN_POINT('Origin',(-153.00000090152,22.5,-165.999999761581));
#2575=CARTESIAN_POINT('',(-151.00000090152,22.5,-165.999999761581));
#2576=CARTESIAN_POINT('Origin',(-150.50000090152,22.5,-165.999999761581));
#2577=CARTESIAN_POINT('Origin',(-153.00000090152,22.5,-165.999999761581));
#2578=CARTESIAN_POINT('Origin',(-150.50000090152,22.5,-164.499999724328));
#2579=CARTESIAN_POINT('',(-151.00000090152,22.5,-164.499999724328));
#2580=CARTESIAN_POINT('Origin',(-174.00000090152,13.,-159.999999761581));
#2581=CARTESIAN_POINT('',(-174.00000090152,13.,-159.999999761581));
#2582=CARTESIAN_POINT('',(-174.00000090152,13.,-159.999999761581));
#2583=CARTESIAN_POINT('',(-174.00000090152,13.,-165.999999761581));
#2584=CARTESIAN_POINT('',(-174.00000090152,13.,-159.999999761581));
#2585=CARTESIAN_POINT('',(-174.00000090152,13.,-165.999999761581));
#2586=CARTESIAN_POINT('Origin',(-172.00000090152,13.,-159.999999761581));
#2587=CARTESIAN_POINT('',(-172.00000090152,13.,-157.999999761581));
#2588=CARTESIAN_POINT('',(-172.00000090152,13.,-157.999999761581));
#2589=CARTESIAN_POINT('Origin',(-172.00000090152,13.,-159.999999761581));
#2590=CARTESIAN_POINT('Origin',(-153.00000090152,13.,-157.999999761581));
#2591=CARTESIAN_POINT('',(-153.00000090152,13.,-157.999999761581));
#2592=CARTESIAN_POINT('',(-153.00000090152,13.,-157.999999761581));
#2593=CARTESIAN_POINT('',(-153.00000090152,13.,-157.999999761581));
#2594=CARTESIAN_POINT('Origin',(-153.00000090152,13.,-159.999999761581));
#2595=CARTESIAN_POINT('',(-151.00000090152,13.,-159.999999761581));
#2596=CARTESIAN_POINT('',(-151.00000090152,13.,-159.999999761581));
#2597=CARTESIAN_POINT('Origin',(-153.00000090152,13.,-159.999999761581));
#2598=CARTESIAN_POINT('Origin',(-151.00000090152,13.,-165.999999761581));
#2599=CARTESIAN_POINT('',(-151.00000090152,13.,-165.999999761581));
#2600=CARTESIAN_POINT('',(-151.00000090152,13.,-165.999999761581));
#2601=CARTESIAN_POINT('',(-151.00000090152,13.,-165.999999761581));
#2602=CARTESIAN_POINT('Origin',(-153.00000090152,13.,-165.999999761581));
#2603=CARTESIAN_POINT('',(-153.00000090152,13.,-167.999999761581));
#2604=CARTESIAN_POINT('',(-153.00000090152,13.,-167.999999761581));
#2605=CARTESIAN_POINT('Origin',(-153.00000090152,13.,-165.999999761581));
#2606=CARTESIAN_POINT('Origin',(-172.00000090152,13.,-167.999999761581));
#2607=CARTESIAN_POINT('',(-172.00000090152,13.,-167.999999761581));
#2608=CARTESIAN_POINT('',(-172.00000090152,13.,-167.999999761581));
#2609=CARTESIAN_POINT('',(-172.00000090152,13.,-167.999999761581));
#2610=CARTESIAN_POINT('Origin',(-172.00000090152,13.,-165.999999761581));
#2611=CARTESIAN_POINT('Origin',(-172.00000090152,13.,-165.999999761581));
#2612=CARTESIAN_POINT('Origin',(-172.000000916421,13.,-156.999999597669));
#2613=CARTESIAN_POINT('',(-172.000000916421,13.,-156.999999597669));
#2614=CARTESIAN_POINT('',(-172.000000916421,13.,-156.999999597669));
#2615=CARTESIAN_POINT('',(-153.000000543892,13.,-156.999999597669));
#2616=CARTESIAN_POINT('Origin',(-172.000000916421,13.,-159.999999597669));
#2617=CARTESIAN_POINT('',(-175.000000916421,13.,-159.999999597669));
#2618=CARTESIAN_POINT('',(-175.000000916421,13.,-159.999999597669));
#2619=CARTESIAN_POINT('Origin',(-172.000000916421,13.,-159.999999597669));
#2620=CARTESIAN_POINT('Origin',(-175.000000916421,13.,-165.999999776483));
#2621=CARTESIAN_POINT('',(-175.000000916421,13.,-165.999999776483));
#2622=CARTESIAN_POINT('',(-175.000000916421,13.,-165.999999776483));
#2623=CARTESIAN_POINT('',(-175.000000916421,13.,-159.999999597669));
#2624=CARTESIAN_POINT('Origin',(-172.000000916421,13.,-165.999999776483));
#2625=CARTESIAN_POINT('Origin',(-172.000000916421,13.,-165.999999776483));
#2626=CARTESIAN_POINT('Origin',(-162.500000730157,13.,-162.999999687076));
#2627=CARTESIAN_POINT('Origin',(-193.4375,24.1339745962156,-162.5505));
#2628=CARTESIAN_POINT('',(-183.6875,24.1339745962156,-162.5505));
#2629=CARTESIAN_POINT('',(-203.187499928138,24.1339745962156,-162.551683771887));
#2630=CARTESIAN_POINT('Origin',(-193.4375,24.1339745962156,-162.5505));
#2631=CARTESIAN_POINT('',(-202.687499931823,25.,-162.551623065636));
#2632=CARTESIAN_POINT('Origin',(-202.187499935508,24.1339745962156,-162.551562359385));
#2633=CARTESIAN_POINT('',(-184.1875,25.,-162.5505));
#2634=CARTESIAN_POINT('Origin',(-193.4375,25.,-162.5505));
#2635=CARTESIAN_POINT('Origin',(-193.4375,25.,-162.5505));
#2636=CARTESIAN_POINT('Origin',(-193.4375,24.1339745962156,-162.5505));
#2637=CARTESIAN_POINT('Origin',(-193.4375,20.,-162.5505));
#2638=CARTESIAN_POINT('',(-183.6875,13.,-162.5505));
#2639=CARTESIAN_POINT('',(-183.6875,20.,-162.5505));
#2640=CARTESIAN_POINT('Origin',(-193.4375,13.,-162.5505));
#2641=CARTESIAN_POINT('Origin',(-193.4375,20.,-162.5505));
#2642=CARTESIAN_POINT('',(-184.1875,13.,-162.5505));
#2643=CARTESIAN_POINT('Origin',(-193.4375,13.,-162.5505));
#2644=CARTESIAN_POINT('',(-184.1875,20.,-162.5505));
#2645=CARTESIAN_POINT('Origin',(-193.4375,13.,-162.5505));
#2646=CARTESIAN_POINT('Origin',(-131.525,24.1339745962156,-162.5505));
#2647=CARTESIAN_POINT('',(-121.775,24.1339745962156,-162.5505));
#2648=CARTESIAN_POINT('',(-141.274999990138,24.1339745962156,-162.550938540948));
#2649=CARTESIAN_POINT('Origin',(-131.525,24.1339745962156,-162.5505));
#2650=CARTESIAN_POINT('',(-140.774999990643,25.,-162.550916051668));
#2651=CARTESIAN_POINT('Origin',(-140.274999991149,24.1339745962156,-162.550893562389));
#2652=CARTESIAN_POINT('',(-122.275,25.,-162.5505));
#2653=CARTESIAN_POINT('Origin',(-131.525,25.,-162.5505));
#2654=CARTESIAN_POINT('Origin',(-131.525,25.,-162.5505));
#2655=CARTESIAN_POINT('Origin',(-131.525,24.1339745962156,-162.5505));
#2656=CARTESIAN_POINT('Origin',(-131.525,22.,-162.5505));
#2657=CARTESIAN_POINT('',(-121.775,13.,-162.5505));
#2658=CARTESIAN_POINT('',(-121.775,22.,-162.5505));
#2659=CARTESIAN_POINT('Origin',(-131.525,13.,-162.5505));
#2660=CARTESIAN_POINT('Origin',(-131.525,20.,-162.5505));
#2661=CARTESIAN_POINT('',(-122.275,13.,-162.5505));
#2662=CARTESIAN_POINT('Origin',(-131.525,13.,-162.5505));
#2663=CARTESIAN_POINT('',(-122.275,20.,-162.5505));
#2664=CARTESIAN_POINT('Origin',(-131.525,13.,-162.5505));
#2665=CARTESIAN_POINT('Origin',(-194.499998223037,22.,-111.599999852478));
#2666=CARTESIAN_POINT('',(-192.199998223037,22.3938730760029,-111.407999852478));
#2667=CARTESIAN_POINT('',(-192.557726558184,22.5,-111.12294557893));
#2668=CARTESIAN_POINT('Ctrl Pts',(-192.199998223037,22.3938730760029,-111.407999852478));
#2669=CARTESIAN_POINT('Ctrl Pts',(-192.24832542711,22.4286406125027,-111.363538824731));
#2670=CARTESIAN_POINT('Ctrl Pts',(-192.302010271855,22.4541471536178,-111.316948605281));
#2671=CARTESIAN_POINT('Ctrl Pts',(-192.42041214052,22.490389491312,-111.221363700442));
#2672=CARTESIAN_POINT('Ctrl Pts',(-192.486384483032,22.4996577633014,-111.171998909723));
#2673=CARTESIAN_POINT('Ctrl Pts',(-192.555212680071,22.4999969069298,-111.124670158169));
#2674=CARTESIAN_POINT('Ctrl Pts',(-192.556469305186,22.5,-111.123807408454));
#2675=CARTESIAN_POINT('Ctrl Pts',(-192.557726558184,22.5,-111.12294557893));
#2676=CARTESIAN_POINT('',(-194.977052496585,22.5,-113.542271517331));
#2677=CARTESIAN_POINT('Origin',(-194.499998223037,22.5,-111.599999852478));
#2678=CARTESIAN_POINT('',(-194.691998223037,22.3938730760029,-113.899999852478));
#2679=CARTESIAN_POINT('Ctrl Pts',(-194.977052496585,22.5,-113.542271517331));
#2680=CARTESIAN_POINT('Ctrl Pts',(-194.976190667062,22.5,-113.543528770328));
#2681=CARTESIAN_POINT('Ctrl Pts',(-194.975327917346,22.4999969069298,-113.544785395445));
#2682=CARTESIAN_POINT('Ctrl Pts',(-194.927999165809,22.4996577633016,-113.613613592459));
#2683=CARTESIAN_POINT('Ctrl Pts',(-194.878634375077,22.4903894913131,-113.679585934991));
#2684=CARTESIAN_POINT('Ctrl Pts',(-194.783049470234,22.4541471536178,-113.79798780366));
#2685=CARTESIAN_POINT('Ctrl Pts',(-194.736459250784,22.4286406125027,-113.851672648405));
#2686=CARTESIAN_POINT('Ctrl Pts',(-194.691998223037,22.3938730760029,-113.899999852478));
#2687=CARTESIAN_POINT('',(-194.499998223037,22.,-114.099999834129));
#2688=CARTESIAN_POINT('Ctrl Pts',(-194.691998223037,22.3938730760029,-113.899999852478));
#2689=CARTESIAN_POINT('Ctrl Pts',(-194.650326565341,22.3612867649489,-113.945295132583));
#2690=CARTESIAN_POINT('Ctrl Pts',(-194.610932750563,22.3198498547163,-113.986725668333));
#2691=CARTESIAN_POINT('Ctrl Pts',(-194.553392847564,22.229564149572,-114.046158328446));
#2692=CARTESIAN_POINT('Ctrl Pts',(-194.532709098624,22.1850733148168,-114.067111821638));
#2693=CARTESIAN_POINT('Ctrl Pts',(-194.506556664422,22.0924736246696,-114.09346340552));
#2694=CARTESIAN_POINT('Ctrl Pts',(-194.499998223037,22.0467429740845,-114.099999852478));
#2695=CARTESIAN_POINT('Ctrl Pts',(-194.499998223037,22.,-114.099999852478));
#2696=CARTESIAN_POINT('',(-191.999998241386,22.,-111.599999852478));
#2697=CARTESIAN_POINT('Origin',(-194.499998223037,22.,-111.599999852478));
#2698=CARTESIAN_POINT('Ctrl Pts',(-191.999998223037,22.,-111.599999852478));
#2699=CARTESIAN_POINT('Ctrl Pts',(-191.999998223037,22.0467429740844,-111.599999852478));
#2700=CARTESIAN_POINT('Ctrl Pts',(-192.006534669994,22.0924736246694,-111.593441411093));
#2701=CARTESIAN_POINT('Ctrl Pts',(-192.032886253877,22.1850733148168,-111.567288976891));
#2702=CARTESIAN_POINT('Ctrl Pts',(-192.053839747069,22.2295641495721,-111.546605227951));
#2703=CARTESIAN_POINT('Ctrl Pts',(-192.113272407182,22.3198498547163,-111.489065324952));
#2704=CARTESIAN_POINT('Ctrl Pts',(-192.154702942932,22.3612867649489,-111.449671510174));
#2705=CARTESIAN_POINT('Ctrl Pts',(-192.199998223037,22.3938730760029,-111.407999852478));
#2706=CARTESIAN_POINT('Origin',(-194.499998223037,17.5,-111.599999852478));
#2707=CARTESIAN_POINT('',(-194.499998223037,13.,-114.099999824865));
#2708=CARTESIAN_POINT('',(-194.499998223037,17.5,-114.099999796599));
#2709=CARTESIAN_POINT('',(-191.999998250649,13.,-111.599999852478));
#2710=CARTESIAN_POINT('Origin',(-194.499998223037,13.,-111.599999852478));
#2711=CARTESIAN_POINT('',(-191.999998278916,17.5,-111.599999852478));
#2712=CARTESIAN_POINT('Origin',(-194.999998223037,22.,-112.749999852478));
#2713=CARTESIAN_POINT('',(-194.499998223037,22.,-113.899999852478));
#2714=CARTESIAN_POINT('Origin',(-194.999998223037,22.,-113.899999852478));
#2715=CARTESIAN_POINT('',(-194.499998223037,22.,-112.749999852478));
#2716=CARTESIAN_POINT('Origin',(-193.249998250976,22.,-111.099999852478));
#2717=CARTESIAN_POINT('',(-192.199998223037,22.,-111.599999852478));
#2718=CARTESIAN_POINT('',(-193.249998250976,22.,-111.599999852478));
#2719=CARTESIAN_POINT('Origin',(-192.199998223037,22.,-111.099999852478));
#2720=CARTESIAN_POINT('Origin',(-192.199998223037,22.,-113.899999852478));
#2721=CARTESIAN_POINT('Origin',(-192.199998223037,22.,-113.899999852478));
#2722=CARTESIAN_POINT('Origin',(-192.199998223037,22.5,-113.899999852478));
#2723=CARTESIAN_POINT('Origin',(-194.499998223037,17.5,-113.899999852478));
#2724=CARTESIAN_POINT('',(-194.499998223037,13.,-113.899999852478));
#2725=CARTESIAN_POINT('',(-194.499998223037,17.5,-113.899999852478));
#2726=CARTESIAN_POINT('',(-194.499998223037,13.,-112.749999852478));
#2727=CARTESIAN_POINT('Origin',(-192.199998223037,17.5,-113.899999852478));
#2728=CARTESIAN_POINT('',(-192.199998223037,13.,-111.599999852478));
#2729=CARTESIAN_POINT('',(-192.199998223037,17.5,-111.599999852478));
#2730=CARTESIAN_POINT('Origin',(-192.199998223037,13.,-113.899999852478));
#2731=CARTESIAN_POINT('Origin',(-191.999998278916,17.5,-111.599999852478));
#2732=CARTESIAN_POINT('',(-193.249998250976,13.,-111.599999852478));
#2733=CARTESIAN_POINT('Origin',(-194.499998223037,22.5,-111.599999852478));
#2734=CARTESIAN_POINT('Origin',(-194.499998223037,13.,-111.599999852478));
#2735=CARTESIAN_POINT('Ctrl Pts',(-132.770905306552,22.5108023710216,-111.604307498091));
#2736=CARTESIAN_POINT('Ctrl Pts',(-132.770954300618,22.5108023710216,-111.463664447551));
#2737=CARTESIAN_POINT('Ctrl Pts',(-132.742103144475,22.5108023710216,-111.20482859969));
#2738=CARTESIAN_POINT('Ctrl Pts',(-132.606281288679,22.5108023710216,-110.751671803802));
#2739=CARTESIAN_POINT('Ctrl Pts',(-132.311538858386,22.5108023710216,-110.274376783567));
#2740=CARTESIAN_POINT('Ctrl Pts',(-131.808467945653,22.5108023710216,-109.851113288151));
#2741=CARTESIAN_POINT('Ctrl Pts',(-131.284133083892,22.5108023710216,-109.648155967376));
#2742=CARTESIAN_POINT('Ctrl Pts',(-130.845971002015,22.5108023710216,-109.596393578888));
#2743=CARTESIAN_POINT('Ctrl Pts',(-130.409334039303,22.5108023710216,-109.615393131232));
#2744=CARTESIAN_POINT('Ctrl Pts',(-129.87300857512,22.5108023710216,-109.776017064938));
#2745=CARTESIAN_POINT('Ctrl Pts',(-129.331482263562,22.5108023710216,-110.163942737753));
#2746=CARTESIAN_POINT('Ctrl Pts',(-128.877402950512,22.5108023710216,-110.797434577684));
#2747=CARTESIAN_POINT('Ctrl Pts',(-128.748197709483,22.5108023710216,-111.406955806998));
#2748=CARTESIAN_POINT('Ctrl Pts',(-128.783146162377,22.5108023710216,-111.842661314297));
#2749=CARTESIAN_POINT('Ctrl Pts',(-128.835704716292,22.5108023710216,-112.169294450479));
#2750=CARTESIAN_POINT('Ctrl Pts',(-129.018478854519,22.5108023710216,-112.640647227307));
#2751=CARTESIAN_POINT('Ctrl Pts',(-129.441624027511,22.5108023710216,-113.144479327018));
#2752=CARTESIAN_POINT('Ctrl Pts',(-129.918989632462,22.5108023710216,-113.438892866152));
#2753=CARTESIAN_POINT('Ctrl Pts',(-130.372132715569,22.5108023710216,-113.574814308525));
#2754=CARTESIAN_POINT('Ctrl Pts',(-130.630975971992,22.5108023710216,-113.603642750309));
#2755=CARTESIAN_POINT('Ctrl Pts',(-130.771619009967,22.5108023710216,-113.603593794742));
#2756=CARTESIAN_POINT('Ctrl Pts',(-132.844997970769,22.5108023710216,-111.604333888889));
#2757=CARTESIAN_POINT('Ctrl Pts',(-132.845048786447,22.5108023710216,-111.458489337989));
#2758=CARTESIAN_POINT('Ctrl Pts',(-132.815124931928,22.5108023710216,-111.190080618928));
#2759=CARTESIAN_POINT('Ctrl Pts',(-132.67427587994,22.5108023710216,-110.720164228299));
#2760=CARTESIAN_POINT('Ctrl Pts',(-132.368607312668,22.5108023710216,-110.225217511192));
#2761=CARTESIAN_POINT('Ctrl Pts',(-131.846919256945,22.5108023710216,-109.786300750485));
#2762=CARTESIAN_POINT('Ctrl Pts',(-131.303187489698,22.5108023710216,-109.57583887727));
#2763=CARTESIAN_POINT('Ctrl Pts',(-130.848812480507,22.5108023710216,-109.522164857314));
#2764=CARTESIAN_POINT('Ctrl Pts',(-130.396024765628,22.5108023710216,-109.541868609366));
#2765=CARTESIAN_POINT('Ctrl Pts',(-129.839844388568,22.5108023710216,-109.708445802116));
#2766=CARTESIAN_POINT('Ctrl Pts',(-129.278276447492,22.5108023710216,-110.110730827656));
#2767=CARTESIAN_POINT('Ctrl Pts',(-128.807394560463,22.5108023710216,-110.767661799614));
#2768=CARTESIAN_POINT('Ctrl Pts',(-128.673396437475,22.5108023710216,-111.399747420702));
#2769=CARTESIAN_POINT('Ctrl Pts',(-128.70963716914,22.5108023710216,-111.851568343516));
#2770=CARTESIAN_POINT('Ctrl Pts',(-128.764138245883,22.5108023710216,-112.190285534356));
#2771=CARTESIAN_POINT('Ctrl Pts',(-128.953669111291,22.5108023710216,-112.679082333775));
#2772=CARTESIAN_POINT('Ctrl Pts',(-129.39246350587,22.5108023710216,-113.201556607017));
#2773=CARTESIAN_POINT('Ctrl Pts',(-129.88748248817,22.5108023710216,-113.506884975286));
#2774=CARTESIAN_POINT('Ctrl Pts',(-130.357384628345,22.5108023710216,-113.647836918453));
#2775=CARTESIAN_POINT('Ctrl Pts',(-130.62580086261,22.5108023710216,-113.677737234745));
#2776=CARTESIAN_POINT('Ctrl Pts',(-130.771645400764,22.5108023710216,-113.677686458962));
#2777=CARTESIAN_POINT('Ctrl Pts',(-132.997163326423,22.4829610973433,-111.604388356672));
#2778=CARTESIAN_POINT('Ctrl Pts',(-132.997217843749,22.4829610973433,-111.447808464754));
#2779=CARTESIAN_POINT('Ctrl Pts',(-132.96511421713,22.4829610973433,-111.159643348838));
#2780=CARTESIAN_POINT('Ctrl Pts',(-132.813913653781,22.4829610973433,-110.655138027691));
#2781=CARTESIAN_POINT('Ctrl Pts',(-132.485848017941,22.4829610973433,-110.123757452599));
#2782=CARTESIAN_POINT('Ctrl Pts',(-131.925806706296,22.4829610973433,-109.652530505089));
#2783=CARTESIAN_POINT('Ctrl Pts',(-131.342072268524,22.4829610973433,-109.426570646779));
#2784=CARTESIAN_POINT('Ctrl Pts',(-130.854284096879,22.4829610973433,-109.368934772945));
#2785=CARTESIAN_POINT('Ctrl Pts',(-130.368176809552,22.4829610973433,-109.390082733257));
#2786=CARTESIAN_POINT('Ctrl Pts',(-129.771136062463,22.4829610973433,-109.568869824224));
#2787=CARTESIAN_POINT('Ctrl Pts',(-129.168288501939,22.4829610973433,-110.000716227769));
#2788=CARTESIAN_POINT('Ctrl Pts',(-128.662782314464,22.4829610973433,-110.70596130977));
#2789=CARTESIAN_POINT('Ctrl Pts',(-128.51897883241,22.4829610973433,-111.384484757704));
#2790=CARTESIAN_POINT('Ctrl Pts',(-128.557888159932,22.4829610973433,-111.869557666616));
#2791=CARTESIAN_POINT('Ctrl Pts',(-128.616406142335,22.4829610973433,-112.233191263537));
#2792=CARTESIAN_POINT('Ctrl Pts',(-128.819899846433,22.4829610973433,-112.757920523263));
#2793=CARTESIAN_POINT('Ctrl Pts',(-129.290994081968,22.4829610973433,-113.318818497701));
#2794=CARTESIAN_POINT('Ctrl Pts',(-129.822455988233,22.4829610973433,-113.646515445546));
#2795=CARTESIAN_POINT('Ctrl Pts',(-130.326946132937,22.4829610973433,-113.79782799846));
#2796=CARTESIAN_POINT('Ctrl Pts',(-130.615119991451,22.4829610973433,-113.829906289008));
#2797=CARTESIAN_POINT('Ctrl Pts',(-130.771699868542,22.4829610973433,-113.829851814624));
#2798=CARTESIAN_POINT('Ctrl Pts',(-133.214618713747,22.3157065453475,-111.604465793546));
#2799=CARTESIAN_POINT('Ctrl Pts',(-133.214678579953,22.3157065453475,-111.432623463207));
#2800=CARTESIAN_POINT('Ctrl Pts',(-133.179425140424,22.3157065453475,-111.116369202482));
#2801=CARTESIAN_POINT('Ctrl Pts',(-133.013471994593,22.3157065453475,-110.562687175076));
#2802=CARTESIAN_POINT('Ctrl Pts',(-132.65333632962,22.3157065453475,-109.979512500475));
#2803=CARTESIAN_POINT('Ctrl Pts',(-132.038663227018,22.3157065453475,-109.462355384845));
#2804=CARTESIAN_POINT('Ctrl Pts',(-131.398011641503,22.3157065453475,-109.214376007363));
#2805=CARTESIAN_POINT('Ctrl Pts',(-130.862647671875,22.3157065453475,-109.151132041136));
#2806=CARTESIAN_POINT('Ctrl Pts',(-130.329149321857,22.3157065453475,-109.174346898621));
#2807=CARTESIAN_POINT('Ctrl Pts',(-129.673841728481,22.3157065453475,-109.370607362061));
#2808=CARTESIAN_POINT('Ctrl Pts',(-129.012181693261,22.3157065453475,-109.844592469386));
#2809=CARTESIAN_POINT('Ctrl Pts',(-128.457369158524,22.3157065453474,-110.618617623012));
#2810=CARTESIAN_POINT('Ctrl Pts',(-128.299496487881,22.3157065453475,-111.363359139781));
#2811=CARTESIAN_POINT('Ctrl Pts',(-128.342197571165,22.3157065453474,-111.895719071528));
#2812=CARTESIAN_POINT('Ctrl Pts',(-128.406414864631,22.3157065453475,-112.294811731667));
#2813=CARTESIAN_POINT('Ctrl Pts',(-128.629733242533,22.3157065453475,-112.870730541812));
#2814=CARTESIAN_POINT('Ctrl Pts',(-129.146745913364,22.3157065453475,-113.486332509573));
#2815=CARTESIAN_POINT('Ctrl Pts',(-129.7300064796,22.3157065453475,-113.846066647531));
#2816=CARTESIAN_POINT('Ctrl Pts',(-130.283671740752,22.3157065453475,-114.012141328648));
#2817=CARTESIAN_POINT('Ctrl Pts',(-130.599934990321,22.3157065453475,-114.047367021136));
#2818=CARTESIAN_POINT('Ctrl Pts',(-130.771777305415,22.3157065453475,-114.047307201959));
#2819=CARTESIAN_POINT('Ctrl Pts',(-133.270914024747,22.1219112581901,-111.604486331048));
#2820=CARTESIAN_POINT('Ctrl Pts',(-133.270975203673,22.1219112581901,-111.428596155516));
#2821=CARTESIAN_POINT('Ctrl Pts',(-133.23494879075,22.1219112581901,-111.104894002087));
#2822=CARTESIAN_POINT('Ctrl Pts',(-133.065127018841,22.1219112581901,-110.538171495253));
#2823=CARTESIAN_POINT('Ctrl Pts',(-132.696765929518,22.1219112581901,-109.941255363361));
#2824=CARTESIAN_POINT('Ctrl Pts',(-132.067732451358,22.1219112581901,-109.411910395678));
#2825=CARTESIAN_POINT('Ctrl Pts',(-131.412041181041,22.1219112581901,-109.158073931401));
#2826=CARTESIAN_POINT('Ctrl Pts',(-130.864148099801,22.1219112581901,-109.093312556531));
#2827=CARTESIAN_POINT('Ctrl Pts',(-130.318106183611,22.1219112581901,-109.117058810089));
#2828=CARTESIAN_POINT('Ctrl Pts',(-129.647560930955,22.1219112581901,-109.317812845827));
#2829=CARTESIAN_POINT('Ctrl Pts',(-128.970456624264,22.1219112581901,-109.802837189601));
#2830=CARTESIAN_POINT('Ctrl Pts',(-128.402666657923,22.1219112581901,-110.594991117665));
#2831=CARTESIAN_POINT('Ctrl Pts',(-128.24122087852,22.1219112581901,-111.357052382199));
#2832=CARTESIAN_POINT('Ctrl Pts',(-128.284930283031,22.1219112581901,-111.901938050717));
#2833=CARTESIAN_POINT('Ctrl Pts',(-128.35067327625,22.1219112581901,-112.310391564955));
#2834=CARTESIAN_POINT('Ctrl Pts',(-128.579281767445,22.1219112581901,-112.899758542767));
#2835=CARTESIAN_POINT('Ctrl Pts',(-129.1084755249,22.1219112581901,-113.529774351252));
#2836=CARTESIAN_POINT('Ctrl Pts',(-129.70548898363,22.1219112581901,-113.897715794716));
#2837=CARTESIAN_POINT('Ctrl Pts',(-130.272194638157,22.1219112581901,-114.067665795081));
#2838=CARTESIAN_POINT('Ctrl Pts',(-130.595907685854,22.1219112581901,-114.103663643475));
#2839=CARTESIAN_POINT('Ctrl Pts',(-130.771797842909,22.1219112581901,-114.103602512962));
#2840=CARTESIAN_POINT('Ctrl Pts',(-133.270905273779,22.0107591893472,-111.604485892709));
#2841=CARTESIAN_POINT('Ctrl Pts',(-133.270966516385,22.0107591893472,-111.428682112972));
#2842=CARTESIAN_POINT('Ctrl Pts',(-133.234902556598,22.0107591893472,-111.105137364064));
#2843=CARTESIAN_POINT('Ctrl Pts',(-133.065125254011,22.0107591893472,-110.538691476258));
#2844=CARTESIAN_POINT('Ctrl Pts',(-132.69669718988,22.0107591893472,-109.9420728161));
#2845=CARTESIAN_POINT('Ctrl Pts',(-132.067858624243,22.0107591893472,-109.412993549671));
#2846=CARTESIAN_POINT('Ctrl Pts',(-131.412440152553,22.0107591893472,-109.159296952855));
#2847=CARTESIAN_POINT('Ctrl Pts',(-130.864737623847,22.0107591893472,-109.094593989889));
#2848=CARTESIAN_POINT('Ctrl Pts',(-130.318941515559,22.0107591893472,-109.118343431573));
#2849=CARTESIAN_POINT('Ctrl Pts',(-129.64853473866,22.0107591893472,-109.319123358898));
#2850=CARTESIAN_POINT('Ctrl Pts',(-128.971626925072,22.0107591893472,-109.804030404687));
#2851=CARTESIAN_POINT('Ctrl Pts',(-128.40402785752,22.0107591893472,-110.595895092796));
#2852=CARTESIAN_POINT('Ctrl Pts',(-128.242521282511,22.0107591893472,-111.357796567893));
#2853=CARTESIAN_POINT('Ctrl Pts',(-128.286206839395,22.0107591893472,-111.902428353778));
#2854=CARTESIAN_POINT('Ctrl Pts',(-128.351905014426,22.0107591893472,-112.310719711299));
#2855=CARTESIAN_POINT('Ctrl Pts',(-128.580372632649,22.0107591893472,-112.899910614346));
#2856=CARTESIAN_POINT('Ctrl Pts',(-129.109303997333,22.0107591893472,-113.529700651721));
#2857=CARTESIAN_POINT('Ctrl Pts',(-129.706010884853,22.0107591893472,-113.897717605217));
#2858=CARTESIAN_POINT('Ctrl Pts',(-130.272439631568,22.0107591893472,-114.067619389572));
#2859=CARTESIAN_POINT('Ctrl Pts',(-130.595993640544,22.0107591893472,-114.103654956476));
#2860=CARTESIAN_POINT('Ctrl Pts',(-130.771797404577,22.0107591893472,-114.103593761993));
#2861=CARTESIAN_POINT('',(-130.578954644293,22.4144050051183,-113.90359391894));
#2862=CARTESIAN_POINT('',(-130.294137723985,22.5108023710216,-113.545925671981));
#2863=CARTESIAN_POINT('Ctrl Pts',(-130.578816975139,22.4142654592953,-113.903565636971));
#2864=CARTESIAN_POINT('Ctrl Pts',(-130.546448059363,22.4382213681945,-113.868385762729));
#2865=CARTESIAN_POINT('Ctrl Pts',(-130.497998425974,22.4684396945844,-113.814847174771));
#2866=CARTESIAN_POINT('Ctrl Pts',(-130.386939725522,22.5036027527439,-113.675688405765));
#2867=CARTESIAN_POINT('Ctrl Pts',(-130.34062598581,22.5104962579047,-113.613296841382));
#2868=CARTESIAN_POINT('Ctrl Pts',(-130.29635661292,22.5107990598095,-113.548820463595));
#2869=CARTESIAN_POINT('Ctrl Pts',(-130.295388700723,22.5108023710216,-113.54740827022));
#2870=CARTESIAN_POINT('Ctrl Pts',(-130.294421951645,22.5108023710216,-113.545995296305));
#2871=CARTESIAN_POINT('',(-132.713318839614,22.5108023710216,-111.127152152942));
#2872=CARTESIAN_POINT('Ctrl Pts',(-130.293853496326,22.5108023710216,-113.545856047657));
#2873=CARTESIAN_POINT('Ctrl Pts',(-130.204586525422,22.5108023710216,-113.523975443826));
#2874=CARTESIAN_POINT('Ctrl Pts',(-129.896031914461,22.5108023710216,-113.424733775223));
#2875=CARTESIAN_POINT('Ctrl Pts',(-129.441624027511,22.5108023710216,-113.144479327018));
#2876=CARTESIAN_POINT('Ctrl Pts',(-129.018478854519,22.5108023710216,-112.640647227307));
#2877=CARTESIAN_POINT('Ctrl Pts',(-128.835704716292,22.5108023710216,-112.169294450479));
#2878=CARTESIAN_POINT('Ctrl Pts',(-128.783146162377,22.5108023710216,-111.842661314297));
#2879=CARTESIAN_POINT('Ctrl Pts',(-128.748197709483,22.5108023710216,-111.406955806998));
#2880=CARTESIAN_POINT('Ctrl Pts',(-128.877402950512,22.5108023710216,-110.797434577684));
#2881=CARTESIAN_POINT('Ctrl Pts',(-129.331482263562,22.5108023710216,-110.163942737753));
#2882=CARTESIAN_POINT('Ctrl Pts',(-129.87300857512,22.5108023710216,-109.776017064938));
#2883=CARTESIAN_POINT('Ctrl Pts',(-130.409334039303,22.5108023710216,-109.615393131232));
#2884=CARTESIAN_POINT('Ctrl Pts',(-130.845971002015,22.5108023710216,-109.596393578888));
#2885=CARTESIAN_POINT('Ctrl Pts',(-131.284133083892,22.5108023710216,-109.648155967376));
#2886=CARTESIAN_POINT('Ctrl Pts',(-131.808467945653,22.5108023710216,-109.851113288151));
#2887=CARTESIAN_POINT('Ctrl Pts',(-132.311538858386,22.5108023710216,-110.274376783567));
#2888=CARTESIAN_POINT('Ctrl Pts',(-132.592105728666,22.5108023710216,-110.728716424772));
#2889=CARTESIAN_POINT('Ctrl Pts',(-132.691298633924,22.5108023710216,-111.037275194111));
#2890=CARTESIAN_POINT('Ctrl Pts',(-132.713169434436,22.5108023710216,-111.126541524574));
#2891=CARTESIAN_POINT('',(-133.070905418753,22.4141815775154,-111.411618769066));
#2892=CARTESIAN_POINT('Ctrl Pts',(-132.713468244792,22.5108023710216,-111.127762781311));
#2893=CARTESIAN_POINT('Ctrl Pts',(-132.71487958655,22.5108023710216,-111.128724994347));
#2894=CARTESIAN_POINT('Ctrl Pts',(-132.716290145129,22.5107990595392,-111.129688378208));
#2895=CARTESIAN_POINT('Ctrl Pts',(-132.780704189593,22.5104961860142,-111.173759772058));
#2896=CARTESIAN_POINT('Ctrl Pts',(-132.843021159903,22.5036000465572,-111.21988842479));
#2897=CARTESIAN_POINT('Ctrl Pts',(-132.982180127081,22.4684416306906,-111.330725124416));
#2898=CARTESIAN_POINT('Ctrl Pts',(-133.035748600809,22.4381842224853,-111.37918857754));
#2899=CARTESIAN_POINT('Ctrl Pts',(-133.07088461696,22.4142574121909,-111.411516336114));
#2900=CARTESIAN_POINT('',(-133.270905412499,22.0108023710216,-111.60359391894));
#2901=CARTESIAN_POINT('Ctrl Pts',(-133.070905418471,22.4142617535291,-111.411836736186));
#2902=CARTESIAN_POINT('Ctrl Pts',(-133.087490693762,22.402966063248,-111.427094146965));
#2903=CARTESIAN_POINT('Ctrl Pts',(-133.103635372031,22.3904119825187,-111.442006933428));
#2904=CARTESIAN_POINT('Ctrl Pts',(-133.119040610625,22.376563423744,-111.456384815864));
#2905=CARTESIAN_POINT('Ctrl Pts',(-133.121374407143,22.374465454404,-111.458562974402));
#2906=CARTESIAN_POINT('Ctrl Pts',(-133.123691233269,22.3723378103671,-111.460728765183));
#2907=CARTESIAN_POINT('Ctrl Pts',(-133.125990049978,22.3701804053094,-111.462881425638));
#2908=CARTESIAN_POINT('Ctrl Pts',(-133.138385867704,22.3585471159942,-111.474489130821));
#2909=CARTESIAN_POINT('Ctrl Pts',(-133.150209993437,22.3460981778571,-111.485670590468));
#2910=CARTESIAN_POINT('Ctrl Pts',(-133.161349786004,22.3327731152517,-111.496352125738));
#2911=CARTESIAN_POINT('Ctrl Pts',(-133.162746956814,22.3311018643371,-111.497691821177));
#2912=CARTESIAN_POINT('Ctrl Pts',(-133.164133362665,22.3294168167509,-111.499023586534));
#2913=CARTESIAN_POINT('Ctrl Pts',(-133.165508781321,22.3277178420474,-111.500347217645));
#2914=CARTESIAN_POINT('Ctrl Pts',(-133.175927180245,22.3148485995451,-111.510373340877));
#2915=CARTESIAN_POINT('Ctrl Pts',(-133.185715223325,22.3011839420089,-111.519933825354));
#2916=CARTESIAN_POINT('Ctrl Pts',(-133.194845387116,22.2866742654128,-111.528909088517));
#2917=CARTESIAN_POINT('Ctrl Pts',(-133.199265239567,22.2796502260698,-111.53325395459));
#2918=CARTESIAN_POINT('Ctrl Pts',(-133.203530920334,22.2724281616006,-111.537460955082));
#2919=CARTESIAN_POINT('Ctrl Pts',(-133.207639307001,22.2650027757001,-111.541512046329));
#2920=CARTESIAN_POINT('Ctrl Pts',(-133.211242330828,22.2584907687996,-111.545064822509));
#2921=CARTESIAN_POINT('Ctrl Pts',(-133.21472374459,22.2518212809926,-111.548498182612));
#2922=CARTESIAN_POINT('Ctrl Pts',(-133.218078351447,22.2449911493908,-111.551806032994));
#2923=CARTESIAN_POINT('Ctrl Pts',(-133.227865571479,22.2250639258147,-111.561456838857));
#2924=CARTESIAN_POINT('Ctrl Pts',(-133.236416002463,22.20410218016,-111.569876690992));
#2925=CARTESIAN_POINT('Ctrl Pts',(-133.243631859487,22.182254980214,-111.576970151357));
#2926=CARTESIAN_POINT('Ctrl Pts',(-133.249189026142,22.1654297395494,-111.582433056356));
#2927=CARTESIAN_POINT('Ctrl Pts',(-133.253954651369,22.1480799904674,-111.587108981882));
#2928=CARTESIAN_POINT('Ctrl Pts',(-133.257884070065,22.1302944575513,-111.590949094508));
#2929=CARTESIAN_POINT('Ctrl Pts',(-133.263231646279,22.1060899886131,-111.596175133404));
#2930=CARTESIAN_POINT('Ctrl Pts',(-133.266981914595,22.0812773999233,-111.59980909892));
#2931=CARTESIAN_POINT('Ctrl Pts',(-133.269042179477,22.0561798638493,-111.601798798882));
#2932=CARTESIAN_POINT('Ctrl Pts',(-133.27027768358,22.0411293191003,-111.60299198646));
#2933=CARTESIAN_POINT('Ctrl Pts',(-133.270905430848,22.0259772402945,-111.60359391894));
#2934=CARTESIAN_POINT('Ctrl Pts',(-133.270905430848,22.0108023710216,-111.60359391894));
#2935=CARTESIAN_POINT('',(-130.770905430848,22.0108023710216,-114.103593900591));
#2936=CARTESIAN_POINT('Origin',(-130.770905430848,22.0108023710216,-111.60359391894));
#2937=CARTESIAN_POINT('Ctrl Pts',(-130.770905430848,22.0108023710216,-114.10359391894));
#2938=CARTESIAN_POINT('Ctrl Pts',(-130.770905430848,22.0360928643393,-114.10359391894));
#2939=CARTESIAN_POINT('Ctrl Pts',(-130.769233364277,22.0613147527535,-114.101850737804));
#2940=CARTESIAN_POINT('Ctrl Pts',(-130.765940141116,22.086115075394,-114.098456951525));
#2941=CARTESIAN_POINT('Ctrl Pts',(-130.763799892078,22.1022326793593,-114.096251347026));
#2942=CARTESIAN_POINT('Ctrl Pts',(-130.760974996968,22.1181733700173,-114.093348587292));
#2943=CARTESIAN_POINT('Ctrl Pts',(-130.757480066266,22.1338519549847,-114.089774083677));
#2944=CARTESIAN_POINT('Ctrl Pts',(-130.752349952391,22.1568661241203,-114.084527166883));
#2945=CARTESIAN_POINT('Ctrl Pts',(-130.745819813044,22.1791217525418,-114.077880759435));
#2946=CARTESIAN_POINT('Ctrl Pts',(-130.73799799308,22.2004368685536,-114.069933151362));
#2947=CARTESIAN_POINT('Ctrl Pts',(-130.731500245065,22.2181437773568,-114.063330908555));
#2948=CARTESIAN_POINT('Ctrl Pts',(-130.724110901141,22.2352030096067,-114.055830711182));
#2949=CARTESIAN_POINT('Ctrl Pts',(-130.715884752993,22.2515363336087,-114.047488906738));
#2950=CARTESIAN_POINT('Ctrl Pts',(-130.713587822089,22.2560969755979,-114.04515968192));
#2951=CARTESIAN_POINT('Ctrl Pts',(-130.71123356339,22.2605853933512,-114.042772401277));
#2952=CARTESIAN_POINT('Ctrl Pts',(-130.708823562114,22.2650027686027,-114.040328356632));
#2953=CARTESIAN_POINT('Ctrl Pts',(-130.700591962612,22.2800907539454,-114.031980478611));
#2954=CARTESIAN_POINT('Ctrl Pts',(-130.691711085496,22.2943560545062,-114.022975078384));
#2955=CARTESIAN_POINT('Ctrl Pts',(-130.682304503693,22.3078520746102,-114.013320929763));
#2956=CARTESIAN_POINT('Ctrl Pts',(-130.677553891252,22.3146679788739,-114.008445288483));
#2957=CARTESIAN_POINT('Ctrl Pts',(-130.67266830568,22.3212876946716,-114.003404180037));
#2958=CARTESIAN_POINT('Ctrl Pts',(-130.667658729559,22.3277178420473,-113.998198734591));
#2959=CARTESIAN_POINT('Ctrl Pts',(-130.664104464205,22.3322799945103,-113.99450550108));
#2960=CARTESIAN_POINT('Ctrl Pts',(-130.660488326115,22.3367459535887,-113.990729127335));
#2961=CARTESIAN_POINT('Ctrl Pts',(-130.656812827955,22.3411186750257,-113.986873273845));
#2962=CARTESIAN_POINT('Ctrl Pts',(-130.643732074467,22.3566807808175,-113.973150652634));
#2963=CARTESIAN_POINT('Ctrl Pts',(-130.629968416051,22.3709817299918,-113.958495505938));
#2964=CARTESIAN_POINT('Ctrl Pts',(-130.615744989891,22.3840411739587,-113.943199785683));
#2965=CARTESIAN_POINT('Ctrl Pts',(-130.603791284793,22.3950166407817,-113.930344899164));
#2966=CARTESIAN_POINT('Ctrl Pts',(-130.591511712534,22.4051158699342,-113.917037567806));
#2967=CARTESIAN_POINT('Ctrl Pts',(-130.579012876703,22.4143619348058,-113.903451094693));
#2968=CARTESIAN_POINT('Origin',(-130.770905430848,17.5108023710216,-111.60359391894));
#2969=CARTESIAN_POINT('',(-133.270905403235,13.0108023710216,-111.60359391894));
#2970=CARTESIAN_POINT('',(-133.270905374969,17.5108023710216,-111.60359391894));
#2971=CARTESIAN_POINT('',(-130.770905430848,13.0108023710216,-114.103593891327));
#2972=CARTESIAN_POINT('Origin',(-130.770905430848,13.0108023710216,-111.60359391894));
#2973=CARTESIAN_POINT('',(-130.770905430848,17.5108023710216,-114.10359386306));
#2974=CARTESIAN_POINT('Ctrl Pts',(-133.070905418471,22.414441401712,-111.411593907553));
#2975=CARTESIAN_POINT('Ctrl Pts',(-133.310905433323,22.414441401712,-111.411593907553));
#2976=CARTESIAN_POINT('Ctrl Pts',(-133.070905418471,22.3748942913345,-111.465087394821));
#2977=CARTESIAN_POINT('Ctrl Pts',(-133.310905433323,22.3748942913345,-111.465087394821));
#2978=CARTESIAN_POINT('Ctrl Pts',(-133.070905418471,22.2545403622464,-111.569181111772));
#2979=CARTESIAN_POINT('Ctrl Pts',(-133.310905433323,22.2545403622464,-111.569181111772));
#2980=CARTESIAN_POINT('Ctrl Pts',(-133.070905418471,22.0975398504485,-111.60359391894));
#2981=CARTESIAN_POINT('Ctrl Pts',(-133.310905433323,22.0975398504485,-111.60359391894));
#2982=CARTESIAN_POINT('Ctrl Pts',(-133.070905418471,22.0108023710216,-111.60359391894));
#2983=CARTESIAN_POINT('Ctrl Pts',(-133.310905433323,22.0108023710216,-111.60359391894));
#2984=CARTESIAN_POINT('',(-133.070905424568,22.0108023710216,-111.60359391894));
#2985=CARTESIAN_POINT('Ctrl Pts',(-133.070905419684,22.0108023710216,-111.60359391894));
#2986=CARTESIAN_POINT('Ctrl Pts',(-133.070905419684,22.1219413742783,-111.60359391894));
#2987=CARTESIAN_POINT('Ctrl Pts',(-133.07090541946,22.2806244527358,-111.557490636778));
#2988=CARTESIAN_POINT('Ctrl Pts',(-133.070905418914,22.3894723353567,-111.444985136305));
#2989=CARTESIAN_POINT('Ctrl Pts',(-133.070905418753,22.4141815775154,-111.411618769066));
#2990=CARTESIAN_POINT('',(-133.070905419684,22.0108023710216,-111.60359391894));
#2991=CARTESIAN_POINT('Ctrl Pts',(-130.578905430848,22.4144413932937,-114.103602134336));
#2992=CARTESIAN_POINT('Ctrl Pts',(-130.578905430848,22.4144413932937,-113.863592275861));
#2993=CARTESIAN_POINT('Ctrl Pts',(-130.632398915267,22.3748942824738,-114.103602134336));
#2994=CARTESIAN_POINT('Ctrl Pts',(-130.632398915267,22.3748942824738,-113.863592275861));
#2995=CARTESIAN_POINT('Ctrl Pts',(-130.736492625904,22.2545403546524,-114.103602134336));
#2996=CARTESIAN_POINT('Ctrl Pts',(-130.736492625904,22.2545403546524,-113.863592275861));
#2997=CARTESIAN_POINT('Ctrl Pts',(-130.770905430848,22.0975398478109,-114.103602134336));
#2998=CARTESIAN_POINT('Ctrl Pts',(-130.770905430848,22.0975398478109,-113.863592275861));
#2999=CARTESIAN_POINT('Ctrl Pts',(-130.770905430848,22.0108023710216,-114.103602134336));
#3000=CARTESIAN_POINT('Ctrl Pts',(-130.770905430848,22.0108023710216,-113.863592275861));
#3001=CARTESIAN_POINT('',(-130.770905430848,22.0108023710216,-113.90359391894));
#3002=CARTESIAN_POINT('',(-130.770905430848,22.0108023710216,-114.103593863061));
#3003=CARTESIAN_POINT('Ctrl Pts',(-130.770905430848,22.0108023710216,-113.90359391894));
#3004=CARTESIAN_POINT('Ctrl Pts',(-130.770905430848,22.0975398478109,-113.90359391894));
#3005=CARTESIAN_POINT('Ctrl Pts',(-130.736497148909,22.2545197194843,-113.90359391894));
#3006=CARTESIAN_POINT('Ctrl Pts',(-130.63242627692,22.3748626447005,-113.90359391894));
#3007=CARTESIAN_POINT('Ctrl Pts',(-130.578954644293,22.4144050051183,-113.90359391894));
#3008=CARTESIAN_POINT('Ctrl Pts',(-130.270905430848,22.5108023710216,-113.90359391894));
#3009=CARTESIAN_POINT('Ctrl Pts',(-130.270905430848,22.5108023710216,-113.27564984696));
#3010=CARTESIAN_POINT('Ctrl Pts',(-130.783163767741,22.5108023710216,-111.807122458933));
#3011=CARTESIAN_POINT('Ctrl Pts',(-132.233646654626,22.5108023710216,-111.103593923004));
#3012=CARTESIAN_POINT('Ctrl Pts',(-133.070905417257,22.5108023710216,-111.10359391894));
#3013=CARTESIAN_POINT('Ctrl Pts',(-130.344998099686,22.5108023710216,-113.90359391894));
#3014=CARTESIAN_POINT('Ctrl Pts',(-130.344998099686,22.5108023710216,-113.29223820145));
#3015=CARTESIAN_POINT('Ctrl Pts',(-130.843680805865,22.5108023710216,-111.862549430573));
#3016=CARTESIAN_POINT('Ctrl Pts',(-132.255764460971,22.5108023710216,-111.177686591734));
#3017=CARTESIAN_POINT('Ctrl Pts',(-133.070905417617,22.5108023710216,-111.177686587778));
#3018=CARTESIAN_POINT('Ctrl Pts',(-130.497163471465,22.482961096345,-113.90359391894));
#3019=CARTESIAN_POINT('Ctrl Pts',(-130.497163471465,22.482961096345,-113.326474787508));
#3020=CARTESIAN_POINT('Ctrl Pts',(-130.968088377907,22.482961096345,-111.976676124701));
#3021=CARTESIAN_POINT('Ctrl Pts',(-132.30141324312,22.482961096345,-111.329851963292));
#3022=CARTESIAN_POINT('Ctrl Pts',(-133.070905418355,22.482961096345,-111.329851959557));
#3023=CARTESIAN_POINT('Ctrl Pts',(-130.714606811908,22.3157158247585,-113.90359391894));
#3024=CARTESIAN_POINT('Ctrl Pts',(-130.714606811908,22.3157158247585,-113.375146261341));
#3025=CARTESIAN_POINT('Ctrl Pts',(-131.145682536366,22.3157158247585,-112.139320789358));
#3026=CARTESIAN_POINT('Ctrl Pts',(-132.366308542619,22.3157158247585,-111.54729530342));
#3027=CARTESIAN_POINT('Ctrl Pts',(-133.070905419411,22.3157158247585,-111.5472953));
#3028=CARTESIAN_POINT('Ctrl Pts',(-130.770905430848,22.1219413742783,-113.90359391894));
#3029=CARTESIAN_POINT('Ctrl Pts',(-130.770905430848,22.1219413742783,-113.388056124407));
#3030=CARTESIAN_POINT('Ctrl Pts',(-131.191887808145,22.1219413742783,-112.181970793279));
#3031=CARTESIAN_POINT('Ctrl Pts',(-132.383521693648,22.1219413742783,-111.603593922276));
#3032=CARTESIAN_POINT('Ctrl Pts',(-133.070905419684,22.1219413742783,-111.60359391894));
#3033=CARTESIAN_POINT('Ctrl Pts',(-130.770905430848,22.0108023710216,-113.90359391894));
#3034=CARTESIAN_POINT('Ctrl Pts',(-130.770905430848,22.0108023710216,-113.387782716957));
#3035=CARTESIAN_POINT('Ctrl Pts',(-131.191689064725,22.0108023710216,-112.181492362506));
#3036=CARTESIAN_POINT('Ctrl Pts',(-132.38315715038,22.0108023710216,-111.603593922278));
#3037=CARTESIAN_POINT('Ctrl Pts',(-133.070905419684,22.0108023710216,-111.60359391894));
#3038=CARTESIAN_POINT('Origin',(-133.070905430848,22.0108023710216,-113.90359391894));
#3039=CARTESIAN_POINT('Ctrl Pts',(-132.713344337184,22.5108023710216,-111.127779492178));
#3040=CARTESIAN_POINT('Ctrl Pts',(-132.003009861159,22.5108023710216,-111.223595679285));
#3041=CARTESIAN_POINT('Ctrl Pts',(-130.85337588912,22.5108023710216,-111.864573008522));
#3042=CARTESIAN_POINT('Ctrl Pts',(-130.360698037919,22.5108023710216,-113.041211740272));
#3043=CARTESIAN_POINT('Ctrl Pts',(-130.294429020274,22.5108023710216,-113.545941454918));
#3044=CARTESIAN_POINT('Origin',(-133.070905430848,17.5108023710216,-111.60359391894));
#3045=CARTESIAN_POINT('',(-133.070905430848,13.0108023710216,-111.60359391894));
#3046=CARTESIAN_POINT('',(-133.070905430848,17.5108023710216,-111.60359391894));
#3047=CARTESIAN_POINT('',(-131.920905430848,13.0108023710216,-111.60359391894));
#3048=CARTESIAN_POINT('Origin',(-133.070905430848,17.5108023710216,-113.90359391894));
#3049=CARTESIAN_POINT('',(-130.770905430848,13.0108023710216,-113.90359391894));
#3050=CARTESIAN_POINT('',(-130.770905430848,17.5108023710216,-113.90359391894));
#3051=CARTESIAN_POINT('Origin',(-133.070905430848,13.0108023710216,-113.90359391894));
#3052=CARTESIAN_POINT('Origin',(-130.770905430848,17.5108023710216,-114.10359386306));
#3053=CARTESIAN_POINT('',(-130.770905430848,13.0108023710216,-112.853593891));
#3054=CARTESIAN_POINT('Origin',(-130.770905430848,22.5108023710216,-111.60359391894));
#3055=CARTESIAN_POINT('Origin',(-130.770905430848,13.0108023710216,-111.60359391894));
#3056=UNCERTAINTY_MEASURE_WITH_UNIT(LENGTH_MEASURE(0.01),#3060,
'DISTANCE_ACCURACY_VALUE',
'Maximum model space distance between geometric entities at asserted c
onnectivities');
#3057=UNCERTAINTY_MEASURE_WITH_UNIT(LENGTH_MEASURE(0.01),#3060,
'DISTANCE_ACCURACY_VALUE',
'Maximum model space distance between geometric entities at asserted c
onnectivities');
#3058=(
GEOMETRIC_REPRESENTATION_CONTEXT(3)
GLOBAL_UNCERTAINTY_ASSIGNED_CONTEXT((#3056))
GLOBAL_UNIT_ASSIGNED_CONTEXT((#3060,#3062,#3063))
REPRESENTATION_CONTEXT('','3D')
);
#3059=(
GEOMETRIC_REPRESENTATION_CONTEXT(3)
GLOBAL_UNCERTAINTY_ASSIGNED_CONTEXT((#3057))
GLOBAL_UNIT_ASSIGNED_CONTEXT((#3060,#3062,#3063))
REPRESENTATION_CONTEXT('','3D')
);
#3060=(
LENGTH_UNIT()
NAMED_UNIT(*)
SI_UNIT(.MILLI.,.METRE.)
);
#3061=(
LENGTH_UNIT()
NAMED_UNIT(*)
SI_UNIT($,.METRE.)
);
#3062=(
NAMED_UNIT(*)
PLANE_ANGLE_UNIT()
SI_UNIT($,.RADIAN.)
);
#3063=(
NAMED_UNIT(*)
SI_UNIT($,.STERADIAN.)
SOLID_ANGLE_UNIT()
);
#3064=SHAPE_DEFINITION_REPRESENTATION(#3065,#3066);
#3065=PRODUCT_DEFINITION_SHAPE('',$,#3068);
#3066=SHAPE_REPRESENTATION('',(#1577),#3058);
#3067=PRODUCT_DEFINITION_CONTEXT('part definition',#3072,'design');
#3068=PRODUCT_DEFINITION('2026-08-12-17-39-30-226',
'(Nicht gespeichert)',#3069,#3067);
#3069=PRODUCT_DEFINITION_FORMATION('',$,#3074);
#3070=PRODUCT_RELATED_PRODUCT_CATEGORY('(Nicht gespeichert)',
'(Nicht gespeichert)',(#3074));
#3071=APPLICATION_PROTOCOL_DEFINITION('international standard',
'automotive_design',2009,#3072);
#3072=APPLICATION_CONTEXT(
'Core Data for Automotive Mechanical Design Process');
#3073=PRODUCT_CONTEXT('part definition',#3072,'mechanical');
#3074=PRODUCT('2026-08-12-17-39-30-226','(Nicht gespeichert)',$,(#3073));
#3075=PRESENTATION_STYLE_ASSIGNMENT((#3091));
#3076=PRESENTATION_STYLE_ASSIGNMENT((#3092));
#3077=PRESENTATION_STYLE_ASSIGNMENT((#3093));
#3078=PRESENTATION_STYLE_ASSIGNMENT((#3094));
#3079=PRESENTATION_STYLE_ASSIGNMENT((#3095));
#3080=PRESENTATION_STYLE_ASSIGNMENT((#3096));
#3081=PRESENTATION_STYLE_ASSIGNMENT((#3097));
#3082=PRESENTATION_STYLE_ASSIGNMENT((#3098));
#3083=PRESENTATION_STYLE_ASSIGNMENT((#3099));
#3084=PRESENTATION_STYLE_ASSIGNMENT((#3100));
#3085=PRESENTATION_STYLE_ASSIGNMENT((#3101));
#3086=PRESENTATION_STYLE_ASSIGNMENT((#3102));
#3087=PRESENTATION_STYLE_ASSIGNMENT((#3103));
#3088=PRESENTATION_STYLE_ASSIGNMENT((#3104));
#3089=PRESENTATION_STYLE_ASSIGNMENT((#3105));
#3090=PRESENTATION_STYLE_ASSIGNMENT((#3106));
#3091=SURFACE_STYLE_USAGE(.BOTH.,#3107);
#3092=SURFACE_STYLE_USAGE(.BOTH.,#3108);
#3093=SURFACE_STYLE_USAGE(.BOTH.,#3109);
#3094=SURFACE_STYLE_USAGE(.BOTH.,#3110);
#3095=SURFACE_STYLE_USAGE(.BOTH.,#3111);
#3096=SURFACE_STYLE_USAGE(.BOTH.,#3112);
#3097=SURFACE_STYLE_USAGE(.BOTH.,#3113);
#3098=SURFACE_STYLE_USAGE(.BOTH.,#3114);
#3099=SURFACE_STYLE_USAGE(.BOTH.,#3115);
#3100=SURFACE_STYLE_USAGE(.BOTH.,#3116);
#3101=SURFACE_STYLE_USAGE(.BOTH.,#3117);
#3102=SURFACE_STYLE_USAGE(.BOTH.,#3118);
#3103=SURFACE_STYLE_USAGE(.BOTH.,#3119);
#3104=SURFACE_STYLE_USAGE(.BOTH.,#3120);
#3105=SURFACE_STYLE_USAGE(.BOTH.,#3121);
#3106=SURFACE_STYLE_USAGE(.BOTH.,#3122);
#3107=SURFACE_SIDE_STYLE('',(#3123));
#3108=SURFACE_SIDE_STYLE('',(#3124));
#3109=SURFACE_SIDE_STYLE('',(#3125));
#3110=SURFACE_SIDE_STYLE('',(#3126));
#3111=SURFACE_SIDE_STYLE('',(#3127));
#3112=SURFACE_SIDE_STYLE('',(#3128));
#3113=SURFACE_SIDE_STYLE('',(#3129));
#3114=SURFACE_SIDE_STYLE('',(#3130));
#3115=SURFACE_SIDE_STYLE('',(#3131));
#3116=SURFACE_SIDE_STYLE('',(#3132));
#3117=SURFACE_SIDE_STYLE('',(#3133));
#3118=SURFACE_SIDE_STYLE('',(#3134));
#3119=SURFACE_SIDE_STYLE('',(#3135));
#3120=SURFACE_SIDE_STYLE('',(#3136));
#3121=SURFACE_SIDE_STYLE('',(#3137));
#3122=SURFACE_SIDE_STYLE('',(#3138));
#3123=SURFACE_STYLE_FILL_AREA(#3139);
#3124=SURFACE_STYLE_FILL_AREA(#3140);
#3125=SURFACE_STYLE_FILL_AREA(#3141);
#3126=SURFACE_STYLE_FILL_AREA(#3142);
#3127=SURFACE_STYLE_FILL_AREA(#3143);
#3128=SURFACE_STYLE_FILL_AREA(#3144);
#3129=SURFACE_STYLE_FILL_AREA(#3145);
#3130=SURFACE_STYLE_FILL_AREA(#3146);
#3131=SURFACE_STYLE_FILL_AREA(#3147);
#3132=SURFACE_STYLE_FILL_AREA(#3148);
#3133=SURFACE_STYLE_FILL_AREA(#3149);
#3134=SURFACE_STYLE_FILL_AREA(#3150);
#3135=SURFACE_STYLE_FILL_AREA(#3151);
#3136=SURFACE_STYLE_FILL_AREA(#3152);
#3137=SURFACE_STYLE_FILL_AREA(#3153);
#3138=SURFACE_STYLE_FILL_AREA(#3154);
#3139=FILL_AREA_STYLE('Kunststoff - gl\X\E4nzend (Wei\X\DF)',(#3155));
#3140=FILL_AREA_STYLE('Opaque(246,246,243)',(#3156));
#3141=FILL_AREA_STYLE('Opaque(89,149,218)',(#3157));
#3142=FILL_AREA_STYLE('Opaque(242,242,255)',(#3158));
#3143=FILL_AREA_STYLE('Opaque(255,255,255)',(#3159));
#3144=FILL_AREA_STYLE('Opaque(211,214,211)',(#3160));
#3145=FILL_AREA_STYLE('Opaque(127,127,127)',(#3161));
#3146=FILL_AREA_STYLE('Opaque(0,191,161)',(#3162));
#3147=FILL_AREA_STYLE('Opaque(229,229,229)',(#3163));
#3148=FILL_AREA_STYLE('Opaque(64,64,64)',(#3164));
#3149=FILL_AREA_STYLE('Opaque(244,244,244)',(#3165));
#3150=FILL_AREA_STYLE('Opaque(242,242,242)',(#3166));
#3151=FILL_AREA_STYLE('Opaque(10,74,171)',(#3167));
#3152=FILL_AREA_STYLE('Opaque(5,5,5)',(#3168));
#3153=FILL_AREA_STYLE('Opaque(204,204,204)',(#3169));
#3154=FILL_AREA_STYLE('Opaque(10,10,10)',(#3170));
#3155=FILL_AREA_STYLE_COLOUR('Kunststoff - gl\X\E4nzend (Wei\X\DF)',#3171);
#3156=FILL_AREA_STYLE_COLOUR('Opaque(246,246,243)',#3172);
#3157=FILL_AREA_STYLE_COLOUR('Opaque(89,149,218)',#3173);
#3158=FILL_AREA_STYLE_COLOUR('Opaque(242,242,255)',#3174);
#3159=FILL_AREA_STYLE_COLOUR('Opaque(255,255,255)',#3175);
#3160=FILL_AREA_STYLE_COLOUR('Opaque(211,214,211)',#3176);
#3161=FILL_AREA_STYLE_COLOUR('Opaque(127,127,127)',#3177);
#3162=FILL_AREA_STYLE_COLOUR('Opaque(0,191,161)',#3178);
#3163=FILL_AREA_STYLE_COLOUR('Opaque(229,229,229)',#3179);
#3164=FILL_AREA_STYLE_COLOUR('Opaque(64,64,64)',#3180);
#3165=FILL_AREA_STYLE_COLOUR('Opaque(244,244,244)',#3181);
#3166=FILL_AREA_STYLE_COLOUR('Opaque(242,242,242)',#3182);
#3167=FILL_AREA_STYLE_COLOUR('Opaque(10,74,171)',#3183);
#3168=FILL_AREA_STYLE_COLOUR('Opaque(5,5,5)',#3184);
#3169=FILL_AREA_STYLE_COLOUR('Opaque(204,204,204)',#3185);
#3170=FILL_AREA_STYLE_COLOUR('Opaque(10,10,10)',#3186);
#3171=COLOUR_RGB('Kunststoff - gl\X\E4nzend (Wei\X\DF)',0.964705882352941,
0.964705882352941,0.952941176470588);
#3172=COLOUR_RGB('Opaque(246,246,243)',0.964705882352941,0.964705882352941,
0.952941176470588);
#3173=COLOUR_RGB('Opaque(89,149,218)',0.349019607843137,0.584313725490196,
0.854901960784314);
#3174=COLOUR_RGB('Opaque(242,242,255)',0.949019607843137,0.949019607843137,
1.);
#3175=COLOUR_RGB('Opaque(255,255,255)',1.,1.,1.);
#3176=COLOUR_RGB('Opaque(211,214,211)',0.827450980392157,0.83921568627451,
0.827450980392157);
#3177=COLOUR_RGB('Opaque(127,127,127)',0.498039215686275,0.498039215686275,
0.498039215686275);
#3178=COLOUR_RGB('Opaque(0,191,161)',0.,0.749019607843137,0.631372549019608);
#3179=COLOUR_RGB('Opaque(229,229,229)',0.898039215686275,0.898039215686275,
0.898039215686275);
#3180=COLOUR_RGB('Opaque(64,64,64)',0.250980392156863,0.250980392156863,
0.250980392156863);
#3181=COLOUR_RGB('Opaque(244,244,244)',0.956862745098039,0.956862745098039,
0.956862745098039);
#3182=COLOUR_RGB('Opaque(242,242,242)',0.949019607843137,0.949019607843137,
0.949019607843137);
#3183=COLOUR_RGB('Opaque(10,74,171)',0.0392156862745098,0.290196078431373,
0.670588235294118);
#3184=COLOUR_RGB('Opaque(5,5,5)',0.0196078431372549,0.0196078431372549,
0.0196078431372549);
#3185=COLOUR_RGB('Opaque(204,204,204)',0.8,0.8,0.8);
#3186=COLOUR_RGB('Opaque(10,10,10)',0.0392156862745098,0.0392156862745098,
0.0392156862745098);
ENDSEC;
END-ISO-10303-21;
