ISO-10303-21;
HEADER;
/* Generated by software containing ST-Developer
 * from STEP Tools, Inc. (www.steptools.com) 
 */

FILE_DESCRIPTION(
/* description */ (''),
/* implementation_level */ '2;1');

FILE_NAME(
/* name */ 'Case Hackpad.step',
/* time_stamp */ '2026-09-07T22:07:55+02:00',
/* author */ (''),
/* organization */ (''),
/* preprocessor_version */ 'ST-DEVELOPER v20.1',
/* originating_system */ 'Autodesk Translation Framework v15.8.0.0',
/* authorisation */ '');

FILE_SCHEMA (('AUTOMOTIVE_DESIGN { 1 0 10303 214 3 1 1 }'));
ENDSEC;

DATA;
#10=MECHANICAL_DESIGN_GEOMETRIC_PRESENTATION_REPRESENTATION('',(#17,#18),
#2031);
#11=SHAPE_REPRESENTATION_RELATIONSHIP('SRR','None',#2038,#12);
#12=ADVANCED_BREP_SHAPE_REPRESENTATION('',(#19,#20),#2030);
#13=(
BOUNDED_SURFACE()
B_SPLINE_SURFACE(2,2,((#1872,#1873,#1874),(#1875,#1876,#1877),(#1878,#1879,
#1880)),.UNSPECIFIED.,.F.,.F.,.F.)
B_SPLINE_SURFACE_WITH_KNOTS((3,3),(3,3),(-4.47940397994815E-16,1.5707963267949),
(-3.14159265358979,-1.5707963267949),.UNSPECIFIED.)
GEOMETRIC_REPRESENTATION_ITEM()
RATIONAL_B_SPLINE_SURFACE(((1.,0.707106781186548,1.),(0.707106781186517,
0.499999999999979,0.707106781186517),(1.,0.707106781186548,1.)))
REPRESENTATION_ITEM('')
SURFACE()
);
#14=(
BOUNDED_SURFACE()
B_SPLINE_SURFACE(2,2,((#1896,#1897,#1898),(#1899,#1900,#1901),(#1902,#1903,
#1904)),.UNSPECIFIED.,.F.,.F.,.F.)
B_SPLINE_SURFACE_WITH_KNOTS((3,3),(3,3),(-4.47940397994815E-16,1.57079632679491),
(-1.5707963267949,0.),.UNSPECIFIED.)
GEOMETRIC_REPRESENTATION_ITEM()
RATIONAL_B_SPLINE_SURFACE(((1.,0.707106781186548,1.),(0.707106781186481,
0.499999999999953,0.707106781186481),(1.,0.707106781186548,1.)))
REPRESENTATION_ITEM('')
SURFACE()
);
#15=(
BOUNDED_SURFACE()
B_SPLINE_SURFACE(2,2,((#1920,#1921,#1922),(#1923,#1924,#1925),(#1926,#1927,
#1928)),.UNSPECIFIED.,.F.,.F.,.F.)
B_SPLINE_SURFACE_WITH_KNOTS((3,3),(3,3),(0.,1.57079632679491),(-2.22044604925039E-16,
1.5707963267949),.UNSPECIFIED.)
GEOMETRIC_REPRESENTATION_ITEM()
RATIONAL_B_SPLINE_SURFACE(((1.,0.707106781186547,1.),(0.707106781186481,
0.499999999999953,0.707106781186481),(1.,0.707106781186547,1.)))
REPRESENTATION_ITEM('')
SURFACE()
);
#16=(
BOUNDED_SURFACE()
B_SPLINE_SURFACE(2,2,((#1944,#1945,#1946),(#1947,#1948,#1949),(#1950,#1951,
#1952)),.UNSPECIFIED.,.F.,.F.,.F.)
B_SPLINE_SURFACE_WITH_KNOTS((3,3),(3,3),(0.,1.5707963267949),(1.5707963267949,
3.14159265358979),.UNSPECIFIED.)
GEOMETRIC_REPRESENTATION_ITEM()
RATIONAL_B_SPLINE_SURFACE(((1.,0.707106781186548,1.),(0.707106781186517,
0.499999999999979,0.707106781186517),(1.,0.707106781186548,1.)))
REPRESENTATION_ITEM('')
SURFACE()
);
#17=STYLED_ITEM('',(#2047),#19);
#18=STYLED_ITEM('',(#2049),#20);
#19=MANIFOLD_SOLID_BREP('Case Unten',#1186);
#20=MANIFOLD_SOLID_BREP('K\X\F6rper33',#1187);
#21=FACE_BOUND('',#139,.T.);
#22=FACE_BOUND('',#143,.T.);
#23=FACE_BOUND('',#145,.T.);
#24=FACE_BOUND('',#146,.T.);
#25=FACE_BOUND('',#147,.T.);
#26=FACE_BOUND('',#148,.T.);
#27=FACE_BOUND('',#149,.T.);
#28=FACE_BOUND('',#167,.T.);
#29=FACE_BOUND('',#168,.T.);
#30=FACE_BOUND('',#169,.T.);
#31=FACE_BOUND('',#170,.T.);
#32=FACE_BOUND('',#171,.T.);
#33=FACE_BOUND('',#209,.T.);
#34=PLANE('',#1204);
#35=PLANE('',#1208);
#36=PLANE('',#1212);
#37=PLANE('',#1217);
#38=PLANE('',#1218);
#39=PLANE('',#1219);
#40=PLANE('',#1230);
#41=PLANE('',#1231);
#42=PLANE('',#1240);
#43=PLANE('',#1241);
#44=PLANE('',#1242);
#45=PLANE('',#1245);
#46=PLANE('',#1250);
#47=PLANE('',#1253);
#48=PLANE('',#1254);
#49=PLANE('',#1255);
#50=PLANE('',#1256);
#51=PLANE('',#1257);
#52=PLANE('',#1258);
#53=PLANE('',#1259);
#54=PLANE('',#1260);
#55=PLANE('',#1261);
#56=PLANE('',#1284);
#57=PLANE('',#1287);
#58=PLANE('',#1288);
#59=PLANE('',#1290);
#60=PLANE('',#1292);
#61=PLANE('',#1294);
#62=PLANE('',#1297);
#63=PLANE('',#1301);
#64=PLANE('',#1304);
#65=PLANE('',#1309);
#66=PLANE('',#1312);
#67=PLANE('',#1313);
#68=PLANE('',#1314);
#69=FACE_OUTER_BOUND('',#133,.T.);
#70=FACE_OUTER_BOUND('',#134,.T.);
#71=FACE_OUTER_BOUND('',#135,.T.);
#72=FACE_OUTER_BOUND('',#136,.T.);
#73=FACE_OUTER_BOUND('',#137,.T.);
#74=FACE_OUTER_BOUND('',#138,.T.);
#75=FACE_OUTER_BOUND('',#140,.T.);
#76=FACE_OUTER_BOUND('',#141,.T.);
#77=FACE_OUTER_BOUND('',#142,.T.);
#78=FACE_OUTER_BOUND('',#144,.T.);
#79=FACE_OUTER_BOUND('',#150,.T.);
#80=FACE_OUTER_BOUND('',#151,.T.);
#81=FACE_OUTER_BOUND('',#152,.T.);
#82=FACE_OUTER_BOUND('',#153,.T.);
#83=FACE_OUTER_BOUND('',#154,.T.);
#84=FACE_OUTER_BOUND('',#155,.T.);
#85=FACE_OUTER_BOUND('',#156,.T.);
#86=FACE_OUTER_BOUND('',#157,.T.);
#87=FACE_OUTER_BOUND('',#158,.T.);
#88=FACE_OUTER_BOUND('',#159,.T.);
#89=FACE_OUTER_BOUND('',#160,.T.);
#90=FACE_OUTER_BOUND('',#161,.T.);
#91=FACE_OUTER_BOUND('',#162,.T.);
#92=FACE_OUTER_BOUND('',#163,.T.);
#93=FACE_OUTER_BOUND('',#164,.T.);
#94=FACE_OUTER_BOUND('',#165,.T.);
#95=FACE_OUTER_BOUND('',#166,.T.);
#96=FACE_OUTER_BOUND('',#172,.T.);
#97=FACE_OUTER_BOUND('',#173,.T.);
#98=FACE_OUTER_BOUND('',#174,.T.);
#99=FACE_OUTER_BOUND('',#175,.T.);
#100=FACE_OUTER_BOUND('',#176,.T.);
#101=FACE_OUTER_BOUND('',#177,.T.);
#102=FACE_OUTER_BOUND('',#178,.T.);
#103=FACE_OUTER_BOUND('',#179,.T.);
#104=FACE_OUTER_BOUND('',#180,.T.);
#105=FACE_OUTER_BOUND('',#181,.T.);
#106=FACE_OUTER_BOUND('',#182,.T.);
#107=FACE_OUTER_BOUND('',#183,.T.);
#108=FACE_OUTER_BOUND('',#184,.T.);
#109=FACE_OUTER_BOUND('',#185,.T.);
#110=FACE_OUTER_BOUND('',#186,.T.);
#111=FACE_OUTER_BOUND('',#187,.T.);
#112=FACE_OUTER_BOUND('',#188,.T.);
#113=FACE_OUTER_BOUND('',#189,.T.);
#114=FACE_OUTER_BOUND('',#190,.T.);
#115=FACE_OUTER_BOUND('',#191,.T.);
#116=FACE_OUTER_BOUND('',#192,.T.);
#117=FACE_OUTER_BOUND('',#193,.T.);
#118=FACE_OUTER_BOUND('',#194,.T.);
#119=FACE_OUTER_BOUND('',#195,.T.);
#120=FACE_OUTER_BOUND('',#196,.T.);
#121=FACE_OUTER_BOUND('',#197,.T.);
#122=FACE_OUTER_BOUND('',#198,.T.);
#123=FACE_OUTER_BOUND('',#199,.T.);
#124=FACE_OUTER_BOUND('',#200,.T.);
#125=FACE_OUTER_BOUND('',#201,.T.);
#126=FACE_OUTER_BOUND('',#202,.T.);
#127=FACE_OUTER_BOUND('',#203,.T.);
#128=FACE_OUTER_BOUND('',#204,.T.);
#129=FACE_OUTER_BOUND('',#205,.T.);
#130=FACE_OUTER_BOUND('',#206,.T.);
#131=FACE_OUTER_BOUND('',#207,.T.);
#132=FACE_OUTER_BOUND('',#208,.T.);
#133=EDGE_LOOP('',(#763,#764,#765,#766));
#134=EDGE_LOOP('',(#767,#768,#769,#770));
#135=EDGE_LOOP('',(#771,#772,#773,#774));
#136=EDGE_LOOP('',(#775,#776,#777,#778));
#137=EDGE_LOOP('',(#779,#780,#781,#782));
#138=EDGE_LOOP('',(#783,#784,#785,#786,#787,#788,#789,#790,#791,#792,#793,
#794));
#139=EDGE_LOOP('',(#795));
#140=EDGE_LOOP('',(#796,#797,#798,#799));
#141=EDGE_LOOP('',(#800,#801,#802,#803));
#142=EDGE_LOOP('',(#804,#805,#806,#807));
#143=EDGE_LOOP('',(#808,#809,#810,#811,#812,#813,#814,#815));
#144=EDGE_LOOP('',(#816,#817,#818,#819,#820,#821,#822,#823));
#145=EDGE_LOOP('',(#824));
#146=EDGE_LOOP('',(#825));
#147=EDGE_LOOP('',(#826));
#148=EDGE_LOOP('',(#827));
#149=EDGE_LOOP('',(#828));
#150=EDGE_LOOP('',(#829,#830,#831,#832));
#151=EDGE_LOOP('',(#833,#834,#835,#836));
#152=EDGE_LOOP('',(#837,#838,#839,#840,#841,#842,#843,#844,#845,#846,#847,
#848,#849,#850,#851,#852));
#153=EDGE_LOOP('',(#853,#854,#855,#856));
#154=EDGE_LOOP('',(#857,#858,#859,#860));
#155=EDGE_LOOP('',(#861,#862,#863,#864));
#156=EDGE_LOOP('',(#865,#866,#867,#868));
#157=EDGE_LOOP('',(#869,#870,#871,#872));
#158=EDGE_LOOP('',(#873,#874,#875,#876));
#159=EDGE_LOOP('',(#877,#878,#879,#880));
#160=EDGE_LOOP('',(#881,#882,#883,#884));
#161=EDGE_LOOP('',(#885,#886,#887,#888));
#162=EDGE_LOOP('',(#889,#890,#891,#892));
#163=EDGE_LOOP('',(#893,#894,#895,#896));
#164=EDGE_LOOP('',(#897,#898,#899,#900));
#165=EDGE_LOOP('',(#901,#902,#903,#904));
#166=EDGE_LOOP('',(#905,#906,#907,#908,#909,#910,#911,#912));
#167=EDGE_LOOP('',(#913));
#168=EDGE_LOOP('',(#914));
#169=EDGE_LOOP('',(#915,#916,#917,#918));
#170=EDGE_LOOP('',(#919));
#171=EDGE_LOOP('',(#920));
#172=EDGE_LOOP('',(#921,#922,#923,#924,#925,#926,#927,#928,#929,#930,#931,
#932));
#173=EDGE_LOOP('',(#933,#934,#935,#936));
#174=EDGE_LOOP('',(#937,#938,#939,#940));
#175=EDGE_LOOP('',(#941,#942,#943,#944));
#176=EDGE_LOOP('',(#945,#946,#947,#948));
#177=EDGE_LOOP('',(#949,#950,#951,#952));
#178=EDGE_LOOP('',(#953,#954,#955,#956));
#179=EDGE_LOOP('',(#957,#958,#959,#960));
#180=EDGE_LOOP('',(#961,#962,#963,#964,#965,#966));
#181=EDGE_LOOP('',(#967,#968,#969,#970));
#182=EDGE_LOOP('',(#971,#972,#973,#974,#975,#976));
#183=EDGE_LOOP('',(#977,#978,#979,#980));
#184=EDGE_LOOP('',(#981,#982,#983,#984,#985,#986));
#185=EDGE_LOOP('',(#987,#988,#989,#990));
#186=EDGE_LOOP('',(#991,#992,#993,#994,#995,#996));
#187=EDGE_LOOP('',(#997,#998,#999,#1000));
#188=EDGE_LOOP('',(#1001,#1002,#1003,#1004));
#189=EDGE_LOOP('',(#1005,#1006,#1007,#1008));
#190=EDGE_LOOP('',(#1009,#1010,#1011,#1012));
#191=EDGE_LOOP('',(#1013,#1014,#1015,#1016));
#192=EDGE_LOOP('',(#1017,#1018,#1019,#1020));
#193=EDGE_LOOP('',(#1021,#1022,#1023,#1024));
#194=EDGE_LOOP('',(#1025,#1026,#1027,#1028));
#195=EDGE_LOOP('',(#1029,#1030,#1031,#1032));
#196=EDGE_LOOP('',(#1033,#1034,#1035,#1036));
#197=EDGE_LOOP('',(#1037,#1038,#1039,#1040));
#198=EDGE_LOOP('',(#1041,#1042,#1043,#1044));
#199=EDGE_LOOP('',(#1045,#1046,#1047,#1048));
#200=EDGE_LOOP('',(#1049,#1050,#1051,#1052));
#201=EDGE_LOOP('',(#1053,#1054,#1055,#1056));
#202=EDGE_LOOP('',(#1057,#1058,#1059,#1060));
#203=EDGE_LOOP('',(#1061,#1062,#1063,#1064));
#204=EDGE_LOOP('',(#1065,#1066,#1067,#1068));
#205=EDGE_LOOP('',(#1069,#1070,#1071,#1072));
#206=EDGE_LOOP('',(#1073,#1074,#1075,#1076));
#207=EDGE_LOOP('',(#1077,#1078,#1079,#1080));
#208=EDGE_LOOP('',(#1081,#1082,#1083,#1084,#1085,#1086,#1087,#1088));
#209=EDGE_LOOP('',(#1089,#1090,#1091,#1092,#1093,#1094,#1095,#1096));
#210=LINE('',#1664,#323);
#211=LINE('',#1667,#324);
#212=LINE('',#1670,#325);
#213=LINE('',#1672,#326);
#214=LINE('',#1673,#327);
#215=LINE('',#1679,#328);
#216=LINE('',#1682,#329);
#217=LINE('',#1685,#330);
#218=LINE('',#1687,#331);
#219=LINE('',#1688,#332);
#220=LINE('',#1693,#333);
#221=LINE('',#1696,#334);
#222=LINE('',#1698,#335);
#223=LINE('',#1700,#336);
#224=LINE('',#1702,#337);
#225=LINE('',#1704,#338);
#226=LINE('',#1706,#339);
#227=LINE('',#1708,#340);
#228=LINE('',#1710,#341);
#229=LINE('',#1712,#342);
#230=LINE('',#1713,#343);
#231=LINE('',#1720,#344);
#232=LINE('',#1723,#345);
#233=LINE('',#1724,#346);
#234=LINE('',#1728,#347);
#235=LINE('',#1730,#348);
#236=LINE('',#1732,#349);
#237=LINE('',#1733,#350);
#238=LINE('',#1739,#351);
#239=LINE('',#1743,#352);
#240=LINE('',#1747,#353);
#241=LINE('',#1759,#354);
#242=LINE('',#1763,#355);
#243=LINE('',#1765,#356);
#244=LINE('',#1767,#357);
#245=LINE('',#1768,#358);
#246=LINE('',#1771,#359);
#247=LINE('',#1773,#360);
#248=LINE('',#1775,#361);
#249=LINE('',#1776,#362);
#250=LINE('',#1778,#363);
#251=LINE('',#1779,#364);
#252=LINE('',#1783,#365);
#253=LINE('',#1787,#366);
#254=LINE('',#1791,#367);
#255=LINE('',#1795,#368);
#256=LINE('',#1798,#369);
#257=LINE('',#1800,#370);
#258=LINE('',#1801,#371);
#259=LINE('',#1803,#372);
#260=LINE('',#1804,#373);
#261=LINE('',#1807,#374);
#262=LINE('',#1809,#375);
#263=LINE('',#1810,#376);
#264=LINE('',#1814,#377);
#265=LINE('',#1817,#378);
#266=LINE('',#1818,#379);
#267=LINE('',#1824,#380);
#268=LINE('',#1827,#381);
#269=LINE('',#1828,#382);
#270=LINE('',#1834,#383);
#271=LINE('',#1836,#384);
#272=LINE('',#1838,#385);
#273=LINE('',#1840,#386);
#274=LINE('',#1842,#387);
#275=LINE('',#1844,#388);
#276=LINE('',#1845,#389);
#277=LINE('',#1847,#390);
#278=LINE('',#1849,#391);
#279=LINE('',#1851,#392);
#280=LINE('',#1853,#393);
#281=LINE('',#1855,#394);
#282=LINE('',#1857,#395);
#283=LINE('',#1864,#396);
#284=LINE('',#1868,#397);
#285=LINE('',#1870,#398);
#286=LINE('',#1871,#399);
#287=LINE('',#1891,#400);
#288=LINE('',#1893,#401);
#289=LINE('',#1894,#402);
#290=LINE('',#1895,#403);
#291=LINE('',#1915,#404);
#292=LINE('',#1917,#405);
#293=LINE('',#1918,#406);
#294=LINE('',#1919,#407);
#295=LINE('',#1939,#408);
#296=LINE('',#1941,#409);
#297=LINE('',#1942,#410);
#298=LINE('',#1943,#411);
#299=LINE('',#1957,#412);
#300=LINE('',#1960,#413);
#301=LINE('',#1963,#414);
#302=LINE('',#1964,#415);
#303=LINE('',#1967,#416);
#304=LINE('',#1971,#417);
#305=LINE('',#1972,#418);
#306=LINE('',#1982,#419);
#307=LINE('',#1983,#420);
#308=LINE('',#1984,#421);
#309=LINE('',#1988,#422);
#310=LINE('',#1991,#423);
#311=LINE('',#1992,#424);
#312=LINE('',#1997,#425);
#313=LINE('',#2000,#426);
#314=LINE('',#2001,#427);
#315=LINE('',#2005,#428);
#316=LINE('',#2008,#429);
#317=LINE('',#2009,#430);
#318=LINE('',#2014,#431);
#319=LINE('',#2018,#432);
#320=LINE('',#2019,#433);
#321=LINE('',#2022,#434);
#322=LINE('',#2025,#435);
#323=VECTOR('',#1321,10.);
#324=VECTOR('',#1324,10.);
#325=VECTOR('',#1327,10.);
#326=VECTOR('',#1328,10.);
#327=VECTOR('',#1329,10.);
#328=VECTOR('',#1334,10.);
#329=VECTOR('',#1337,10.);
#330=VECTOR('',#1340,10.);
#331=VECTOR('',#1341,10.);
#332=VECTOR('',#1342,10.);
#333=VECTOR('',#1347,10.);
#334=VECTOR('',#1352,10.);
#335=VECTOR('',#1353,10.);
#336=VECTOR('',#1354,10.);
#337=VECTOR('',#1355,10.);
#338=VECTOR('',#1356,10.);
#339=VECTOR('',#1357,10.);
#340=VECTOR('',#1358,10.);
#341=VECTOR('',#1359,10.);
#342=VECTOR('',#1360,10.);
#343=VECTOR('',#1361,10.);
#344=VECTOR('',#1368,10.);
#345=VECTOR('',#1373,10.);
#346=VECTOR('',#1374,10.);
#347=VECTOR('',#1377,10.);
#348=VECTOR('',#1378,10.);
#349=VECTOR('',#1379,10.);
#350=VECTOR('',#1380,10.);
#351=VECTOR('',#1385,10.);
#352=VECTOR('',#1388,10.);
#353=VECTOR('',#1393,10.);
#354=VECTOR('',#1406,5.);
#355=VECTOR('',#1409,10.);
#356=VECTOR('',#1410,10.);
#357=VECTOR('',#1411,10.);
#358=VECTOR('',#1412,10.);
#359=VECTOR('',#1415,10.);
#360=VECTOR('',#1416,10.);
#361=VECTOR('',#1417,10.);
#362=VECTOR('',#1418,10.);
#363=VECTOR('',#1419,10.);
#364=VECTOR('',#1420,10.);
#365=VECTOR('',#1425,2.5);
#366=VECTOR('',#1430,2.5);
#367=VECTOR('',#1435,2.5);
#368=VECTOR('',#1440,2.5);
#369=VECTOR('',#1443,10.);
#370=VECTOR('',#1444,10.);
#371=VECTOR('',#1445,10.);
#372=VECTOR('',#1448,10.);
#373=VECTOR('',#1449,10.);
#374=VECTOR('',#1452,10.);
#375=VECTOR('',#1453,10.);
#376=VECTOR('',#1454,10.);
#377=VECTOR('',#1459,10.);
#378=VECTOR('',#1462,10.);
#379=VECTOR('',#1463,10.);
#380=VECTOR('',#1472,10.);
#381=VECTOR('',#1475,10.);
#382=VECTOR('',#1476,10.);
#383=VECTOR('',#1485,10.);
#384=VECTOR('',#1486,10.);
#385=VECTOR('',#1487,10.);
#386=VECTOR('',#1488,10.);
#387=VECTOR('',#1489,10.);
#388=VECTOR('',#1490,10.);
#389=VECTOR('',#1491,10.);
#390=VECTOR('',#1494,10.);
#391=VECTOR('',#1497,10.);
#392=VECTOR('',#1500,10.);
#393=VECTOR('',#1503,10.);
#394=VECTOR('',#1506,10.);
#395=VECTOR('',#1509,10.);
#396=VECTOR('',#1516,10.);
#397=VECTOR('',#1519,10.);
#398=VECTOR('',#1520,10.);
#399=VECTOR('',#1521,10.);
#400=VECTOR('',#1532,10.);
#401=VECTOR('',#1533,10.);
#402=VECTOR('',#1534,10.);
#403=VECTOR('',#1535,10.);
#404=VECTOR('',#1546,10.);
#405=VECTOR('',#1547,10.);
#406=VECTOR('',#1548,10.);
#407=VECTOR('',#1549,10.);
#408=VECTOR('',#1560,10.);
#409=VECTOR('',#1561,10.);
#410=VECTOR('',#1562,10.);
#411=VECTOR('',#1563,10.);
#412=VECTOR('',#1570,10.);
#413=VECTOR('',#1573,10.);
#414=VECTOR('',#1576,10.);
#415=VECTOR('',#1577,10.);
#416=VECTOR('',#1580,10.);
#417=VECTOR('',#1585,10.);
#418=VECTOR('',#1586,10.);
#419=VECTOR('',#1601,10.);
#420=VECTOR('',#1602,10.);
#421=VECTOR('',#1603,10.);
#422=VECTOR('',#1608,10.);
#423=VECTOR('',#1611,10.);
#424=VECTOR('',#1612,10.);
#425=VECTOR('',#1619,10.);
#426=VECTOR('',#1622,10.);
#427=VECTOR('',#1623,10.);
#428=VECTOR('',#1628,10.);
#429=VECTOR('',#1631,10.);
#430=VECTOR('',#1632,10.);
#431=VECTOR('',#1639,10.);
#432=VECTOR('',#1644,10.);
#433=VECTOR('',#1645,10.);
#434=VECTOR('',#1648,10.);
#435=VECTOR('',#1653,10.);
#436=CIRCLE('',#1202,1.5);
#437=CIRCLE('',#1203,1.5);
#438=CIRCLE('',#1206,1.5);
#439=CIRCLE('',#1207,1.5);
#440=CIRCLE('',#1210,1.5);
#441=CIRCLE('',#1211,1.5);
#442=CIRCLE('',#1213,5.);
#443=CIRCLE('',#1215,1.5);
#444=CIRCLE('',#1216,1.5);
#445=CIRCLE('',#1220,4.99999999999999);
#446=CIRCLE('',#1221,5.00000000000002);
#447=CIRCLE('',#1222,4.99999999999999);
#448=CIRCLE('',#1223,5.);
#449=CIRCLE('',#1224,2.5);
#450=CIRCLE('',#1225,2.5);
#451=CIRCLE('',#1226,5.);
#452=CIRCLE('',#1227,2.5);
#453=CIRCLE('',#1228,2.5);
#454=CIRCLE('',#1233,2.5);
#455=CIRCLE('',#1235,2.5);
#456=CIRCLE('',#1237,2.5);
#457=CIRCLE('',#1239,2.5);
#458=CIRCLE('',#1244,5.00000000000002);
#459=CIRCLE('',#1247,4.99999999999999);
#460=CIRCLE('',#1249,5.);
#461=CIRCLE('',#1252,4.99999999999999);
#462=CIRCLE('',#1263,1.00000000000001);
#463=CIRCLE('',#1264,0.999999999999996);
#464=CIRCLE('',#1265,1.);
#465=CIRCLE('',#1266,0.999999999999993);
#466=CIRCLE('',#1267,1.99999999999999);
#467=CIRCLE('',#1269,0.999999999999994);
#468=CIRCLE('',#1270,1.00000000000001);
#469=CIRCLE('',#1271,0.999999999999993);
#470=CIRCLE('',#1272,1.99999999999999);
#471=CIRCLE('',#1274,1.00000000000001);
#472=CIRCLE('',#1275,0.999999999999999);
#473=CIRCLE('',#1276,0.999999999999993);
#474=CIRCLE('',#1277,1.99999999999999);
#475=CIRCLE('',#1279,1.);
#476=CIRCLE('',#1280,0.999999999999997);
#477=CIRCLE('',#1281,2.);
#478=CIRCLE('',#1283,1.99999999999999);
#479=CIRCLE('',#1286,1.99999999999999);
#480=CIRCLE('',#1289,1.99999999999999);
#481=CIRCLE('',#1291,1.99999999999999);
#482=CIRCLE('',#1293,2.);
#483=CIRCLE('',#1296,2.);
#484=CIRCLE('',#1299,1.99999999999999);
#485=CIRCLE('',#1300,1.99999999999999);
#486=CIRCLE('',#1303,1.99999999999999);
#487=CIRCLE('',#1306,1.99999999999999);
#488=CIRCLE('',#1308,2.);
#489=CIRCLE('',#1311,1.99999999999999);
#490=VERTEX_POINT('',#1660);
#491=VERTEX_POINT('',#1661);
#492=VERTEX_POINT('',#1663);
#493=VERTEX_POINT('',#1665);
#494=VERTEX_POINT('',#1669);
#495=VERTEX_POINT('',#1671);
#496=VERTEX_POINT('',#1675);
#497=VERTEX_POINT('',#1676);
#498=VERTEX_POINT('',#1678);
#499=VERTEX_POINT('',#1680);
#500=VERTEX_POINT('',#1684);
#501=VERTEX_POINT('',#1686);
#502=VERTEX_POINT('',#1690);
#503=VERTEX_POINT('',#1692);
#504=VERTEX_POINT('',#1697);
#505=VERTEX_POINT('',#1699);
#506=VERTEX_POINT('',#1701);
#507=VERTEX_POINT('',#1703);
#508=VERTEX_POINT('',#1705);
#509=VERTEX_POINT('',#1707);
#510=VERTEX_POINT('',#1709);
#511=VERTEX_POINT('',#1711);
#512=VERTEX_POINT('',#1714);
#513=VERTEX_POINT('',#1717);
#514=VERTEX_POINT('',#1719);
#515=VERTEX_POINT('',#1726);
#516=VERTEX_POINT('',#1727);
#517=VERTEX_POINT('',#1729);
#518=VERTEX_POINT('',#1731);
#519=VERTEX_POINT('',#1735);
#520=VERTEX_POINT('',#1736);
#521=VERTEX_POINT('',#1738);
#522=VERTEX_POINT('',#1740);
#523=VERTEX_POINT('',#1742);
#524=VERTEX_POINT('',#1745);
#525=VERTEX_POINT('',#1748);
#526=VERTEX_POINT('',#1750);
#527=VERTEX_POINT('',#1752);
#528=VERTEX_POINT('',#1754);
#529=VERTEX_POINT('',#1756);
#530=VERTEX_POINT('',#1761);
#531=VERTEX_POINT('',#1762);
#532=VERTEX_POINT('',#1764);
#533=VERTEX_POINT('',#1766);
#534=VERTEX_POINT('',#1770);
#535=VERTEX_POINT('',#1772);
#536=VERTEX_POINT('',#1774);
#537=VERTEX_POINT('',#1777);
#538=VERTEX_POINT('',#1781);
#539=VERTEX_POINT('',#1785);
#540=VERTEX_POINT('',#1789);
#541=VERTEX_POINT('',#1793);
#542=VERTEX_POINT('',#1797);
#543=VERTEX_POINT('',#1799);
#544=VERTEX_POINT('',#1806);
#545=VERTEX_POINT('',#1808);
#546=VERTEX_POINT('',#1812);
#547=VERTEX_POINT('',#1816);
#548=VERTEX_POINT('',#1822);
#549=VERTEX_POINT('',#1826);
#550=VERTEX_POINT('',#1833);
#551=VERTEX_POINT('',#1835);
#552=VERTEX_POINT('',#1837);
#553=VERTEX_POINT('',#1839);
#554=VERTEX_POINT('',#1841);
#555=VERTEX_POINT('',#1843);
#556=VERTEX_POINT('',#1860);
#557=VERTEX_POINT('',#1861);
#558=VERTEX_POINT('',#1863);
#559=VERTEX_POINT('',#1865);
#560=VERTEX_POINT('',#1867);
#561=VERTEX_POINT('',#1869);
#562=VERTEX_POINT('',#1881);
#563=VERTEX_POINT('',#1882);
#564=VERTEX_POINT('',#1887);
#565=VERTEX_POINT('',#1888);
#566=VERTEX_POINT('',#1890);
#567=VERTEX_POINT('',#1892);
#568=VERTEX_POINT('',#1905);
#569=VERTEX_POINT('',#1906);
#570=VERTEX_POINT('',#1911);
#571=VERTEX_POINT('',#1912);
#572=VERTEX_POINT('',#1914);
#573=VERTEX_POINT('',#1916);
#574=VERTEX_POINT('',#1929);
#575=VERTEX_POINT('',#1930);
#576=VERTEX_POINT('',#1935);
#577=VERTEX_POINT('',#1936);
#578=VERTEX_POINT('',#1938);
#579=VERTEX_POINT('',#1940);
#580=VERTEX_POINT('',#1956);
#581=VERTEX_POINT('',#1958);
#582=VERTEX_POINT('',#1962);
#583=VERTEX_POINT('',#1966);
#584=VERTEX_POINT('',#1970);
#585=VERTEX_POINT('',#1980);
#586=VERTEX_POINT('',#1981);
#587=VERTEX_POINT('',#1986);
#588=VERTEX_POINT('',#1990);
#589=VERTEX_POINT('',#1994);
#590=VERTEX_POINT('',#1999);
#591=VERTEX_POINT('',#2003);
#592=VERTEX_POINT('',#2007);
#593=VERTEX_POINT('',#2013);
#594=VERTEX_POINT('',#2017);
#595=VERTEX_POINT('',#2021);
#596=EDGE_CURVE('',#490,#491,#436,.T.);
#597=EDGE_CURVE('',#491,#492,#210,.T.);
#598=EDGE_CURVE('',#492,#493,#437,.T.);
#599=EDGE_CURVE('',#493,#490,#211,.T.);
#600=EDGE_CURVE('',#494,#491,#212,.T.);
#601=EDGE_CURVE('',#495,#494,#213,.T.);
#602=EDGE_CURVE('',#492,#495,#214,.T.);
#603=EDGE_CURVE('',#496,#497,#438,.T.);
#604=EDGE_CURVE('',#497,#498,#215,.T.);
#605=EDGE_CURVE('',#498,#499,#439,.T.);
#606=EDGE_CURVE('',#499,#496,#216,.T.);
#607=EDGE_CURVE('',#500,#497,#217,.T.);
#608=EDGE_CURVE('',#501,#500,#218,.T.);
#609=EDGE_CURVE('',#498,#501,#219,.T.);
#610=EDGE_CURVE('',#500,#502,#440,.T.);
#611=EDGE_CURVE('',#502,#503,#220,.T.);
#612=EDGE_CURVE('',#503,#501,#441,.T.);
#613=EDGE_CURVE('',#503,#493,#221,.T.);
#614=EDGE_CURVE('',#502,#504,#222,.T.);
#615=EDGE_CURVE('',#504,#505,#223,.T.);
#616=EDGE_CURVE('',#505,#506,#224,.T.);
#617=EDGE_CURVE('',#507,#506,#225,.T.);
#618=EDGE_CURVE('',#507,#508,#226,.T.);
#619=EDGE_CURVE('',#508,#509,#227,.T.);
#620=EDGE_CURVE('',#510,#509,#228,.T.);
#621=EDGE_CURVE('',#511,#510,#229,.T.);
#622=EDGE_CURVE('',#511,#490,#230,.T.);
#623=EDGE_CURVE('',#512,#512,#442,.T.);
#624=EDGE_CURVE('',#494,#513,#443,.T.);
#625=EDGE_CURVE('',#513,#514,#231,.T.);
#626=EDGE_CURVE('',#514,#495,#444,.T.);
#627=EDGE_CURVE('',#514,#499,#232,.T.);
#628=EDGE_CURVE('',#496,#513,#233,.T.);
#629=EDGE_CURVE('',#515,#516,#234,.T.);
#630=EDGE_CURVE('',#515,#517,#235,.T.);
#631=EDGE_CURVE('',#518,#517,#236,.T.);
#632=EDGE_CURVE('',#516,#518,#237,.T.);
#633=EDGE_CURVE('',#519,#520,#445,.T.);
#634=EDGE_CURVE('',#519,#521,#238,.T.);
#635=EDGE_CURVE('',#522,#521,#446,.T.);
#636=EDGE_CURVE('',#522,#523,#239,.T.);
#637=EDGE_CURVE('',#515,#523,#447,.T.);
#638=EDGE_CURVE('',#524,#516,#448,.T.);
#639=EDGE_CURVE('',#524,#520,#240,.T.);
#640=EDGE_CURVE('',#525,#525,#449,.T.);
#641=EDGE_CURVE('',#526,#526,#450,.T.);
#642=EDGE_CURVE('',#527,#527,#451,.T.);
#643=EDGE_CURVE('',#528,#528,#452,.T.);
#644=EDGE_CURVE('',#529,#529,#453,.T.);
#645=EDGE_CURVE('',#512,#527,#241,.T.);
#646=EDGE_CURVE('',#530,#531,#242,.T.);
#647=EDGE_CURVE('',#530,#532,#243,.T.);
#648=EDGE_CURVE('',#533,#532,#244,.T.);
#649=EDGE_CURVE('',#531,#533,#245,.T.);
#650=EDGE_CURVE('',#511,#534,#246,.T.);
#651=EDGE_CURVE('',#535,#534,#247,.T.);
#652=EDGE_CURVE('',#535,#536,#248,.T.);
#653=EDGE_CURVE('',#532,#536,#249,.T.);
#654=EDGE_CURVE('',#537,#530,#250,.T.);
#655=EDGE_CURVE('',#504,#537,#251,.T.);
#656=EDGE_CURVE('',#538,#538,#454,.T.);
#657=EDGE_CURVE('',#538,#529,#252,.T.);
#658=EDGE_CURVE('',#539,#539,#455,.T.);
#659=EDGE_CURVE('',#539,#526,#253,.T.);
#660=EDGE_CURVE('',#540,#540,#456,.T.);
#661=EDGE_CURVE('',#540,#528,#254,.T.);
#662=EDGE_CURVE('',#541,#541,#457,.T.);
#663=EDGE_CURVE('',#541,#525,#255,.T.);
#664=EDGE_CURVE('',#531,#542,#256,.T.);
#665=EDGE_CURVE('',#543,#533,#257,.T.);
#666=EDGE_CURVE('',#542,#543,#258,.T.);
#667=EDGE_CURVE('',#542,#535,#259,.T.);
#668=EDGE_CURVE('',#536,#543,#260,.T.);
#669=EDGE_CURVE('',#519,#544,#261,.T.);
#670=EDGE_CURVE('',#545,#544,#262,.T.);
#671=EDGE_CURVE('',#521,#545,#263,.T.);
#672=EDGE_CURVE('',#546,#545,#458,.T.);
#673=EDGE_CURVE('',#522,#546,#264,.T.);
#674=EDGE_CURVE('',#547,#546,#265,.T.);
#675=EDGE_CURVE('',#523,#547,#266,.T.);
#676=EDGE_CURVE('',#517,#547,#459,.T.);
#677=EDGE_CURVE('',#548,#518,#460,.T.);
#678=EDGE_CURVE('',#524,#548,#267,.T.);
#679=EDGE_CURVE('',#549,#548,#268,.T.);
#680=EDGE_CURVE('',#520,#549,#269,.T.);
#681=EDGE_CURVE('',#544,#549,#461,.T.);
#682=EDGE_CURVE('',#534,#550,#270,.T.);
#683=EDGE_CURVE('',#550,#551,#271,.T.);
#684=EDGE_CURVE('',#551,#552,#272,.F.);
#685=EDGE_CURVE('',#552,#553,#273,.T.);
#686=EDGE_CURVE('',#553,#554,#274,.T.);
#687=EDGE_CURVE('',#554,#555,#275,.T.);
#688=EDGE_CURVE('',#555,#537,#276,.T.);
#689=EDGE_CURVE('',#505,#555,#277,.T.);
#690=EDGE_CURVE('',#506,#554,#278,.T.);
#691=EDGE_CURVE('',#507,#553,#279,.T.);
#692=EDGE_CURVE('',#508,#552,#280,.F.);
#693=EDGE_CURVE('',#509,#551,#281,.T.);
#694=EDGE_CURVE('',#510,#550,#282,.T.);
#695=EDGE_CURVE('',#556,#557,#462,.T.);
#696=EDGE_CURVE('',#557,#558,#283,.T.);
#697=EDGE_CURVE('',#558,#559,#463,.T.);
#698=EDGE_CURVE('',#559,#560,#284,.T.);
#699=EDGE_CURVE('',#560,#561,#285,.T.);
#700=EDGE_CURVE('',#561,#556,#286,.T.);
#701=EDGE_CURVE('',#562,#563,#464,.T.);
#702=EDGE_CURVE('',#563,#559,#465,.T.);
#703=EDGE_CURVE('',#558,#562,#466,.T.);
#704=EDGE_CURVE('',#564,#565,#467,.T.);
#705=EDGE_CURVE('',#565,#566,#287,.T.);
#706=EDGE_CURVE('',#566,#567,#288,.T.);
#707=EDGE_CURVE('',#567,#563,#289,.T.);
#708=EDGE_CURVE('',#562,#564,#290,.T.);
#709=EDGE_CURVE('',#568,#569,#468,.T.);
#710=EDGE_CURVE('',#569,#565,#469,.T.);
#711=EDGE_CURVE('',#564,#568,#470,.T.);
#712=EDGE_CURVE('',#570,#571,#471,.T.);
#713=EDGE_CURVE('',#571,#572,#291,.T.);
#714=EDGE_CURVE('',#572,#573,#292,.T.);
#715=EDGE_CURVE('',#573,#569,#293,.T.);
#716=EDGE_CURVE('',#568,#570,#294,.T.);
#717=EDGE_CURVE('',#574,#575,#472,.T.);
#718=EDGE_CURVE('',#575,#571,#473,.T.);
#719=EDGE_CURVE('',#570,#574,#474,.T.);
#720=EDGE_CURVE('',#576,#577,#475,.T.);
#721=EDGE_CURVE('',#577,#578,#295,.T.);
#722=EDGE_CURVE('',#578,#579,#296,.T.);
#723=EDGE_CURVE('',#579,#575,#297,.T.);
#724=EDGE_CURVE('',#574,#576,#298,.T.);
#725=EDGE_CURVE('',#556,#577,#476,.T.);
#726=EDGE_CURVE('',#576,#557,#477,.T.);
#727=EDGE_CURVE('',#580,#564,#299,.T.);
#728=EDGE_CURVE('',#580,#581,#478,.T.);
#729=EDGE_CURVE('',#581,#568,#300,.T.);
#730=EDGE_CURVE('',#582,#562,#301,.T.);
#731=EDGE_CURVE('',#580,#582,#302,.F.);
#732=EDGE_CURVE('',#583,#558,#303,.T.);
#733=EDGE_CURVE('',#583,#582,#479,.T.);
#734=EDGE_CURVE('',#584,#557,#304,.T.);
#735=EDGE_CURVE('',#583,#584,#305,.F.);
#736=EDGE_CURVE('',#573,#566,#480,.T.);
#737=EDGE_CURVE('',#579,#572,#481,.T.);
#738=EDGE_CURVE('',#561,#578,#482,.T.);
#739=EDGE_CURVE('',#585,#586,#306,.T.);
#740=EDGE_CURVE('',#586,#579,#307,.T.);
#741=EDGE_CURVE('',#585,#578,#308,.T.);
#742=EDGE_CURVE('',#587,#585,#483,.T.);
#743=EDGE_CURVE('',#587,#561,#309,.T.);
#744=EDGE_CURVE('',#588,#587,#310,.T.);
#745=EDGE_CURVE('',#588,#560,#311,.T.);
#746=EDGE_CURVE('',#589,#588,#484,.T.);
#747=EDGE_CURVE('',#567,#560,#485,.T.);
#748=EDGE_CURVE('',#589,#567,#312,.T.);
#749=EDGE_CURVE('',#590,#589,#313,.T.);
#750=EDGE_CURVE('',#590,#566,#314,.T.);
#751=EDGE_CURVE('',#591,#590,#486,.T.);
#752=EDGE_CURVE('',#591,#573,#315,.T.);
#753=EDGE_CURVE('',#592,#591,#316,.T.);
#754=EDGE_CURVE('',#592,#572,#317,.T.);
#755=EDGE_CURVE('',#586,#592,#487,.T.);
#756=EDGE_CURVE('',#593,#576,#318,.T.);
#757=EDGE_CURVE('',#593,#584,#488,.T.);
#758=EDGE_CURVE('',#594,#574,#319,.T.);
#759=EDGE_CURVE('',#593,#594,#320,.F.);
#760=EDGE_CURVE('',#595,#570,#321,.T.);
#761=EDGE_CURVE('',#595,#594,#489,.T.);
#762=EDGE_CURVE('',#595,#581,#322,.F.);
#763=ORIENTED_EDGE('',*,*,#596,.T.);
#764=ORIENTED_EDGE('',*,*,#597,.T.);
#765=ORIENTED_EDGE('',*,*,#598,.T.);
#766=ORIENTED_EDGE('',*,*,#599,.T.);
#767=ORIENTED_EDGE('',*,*,#597,.F.);
#768=ORIENTED_EDGE('',*,*,#600,.F.);
#769=ORIENTED_EDGE('',*,*,#601,.F.);
#770=ORIENTED_EDGE('',*,*,#602,.F.);
#771=ORIENTED_EDGE('',*,*,#603,.T.);
#772=ORIENTED_EDGE('',*,*,#604,.T.);
#773=ORIENTED_EDGE('',*,*,#605,.T.);
#774=ORIENTED_EDGE('',*,*,#606,.T.);
#775=ORIENTED_EDGE('',*,*,#604,.F.);
#776=ORIENTED_EDGE('',*,*,#607,.F.);
#777=ORIENTED_EDGE('',*,*,#608,.F.);
#778=ORIENTED_EDGE('',*,*,#609,.F.);
#779=ORIENTED_EDGE('',*,*,#610,.T.);
#780=ORIENTED_EDGE('',*,*,#611,.T.);
#781=ORIENTED_EDGE('',*,*,#612,.T.);
#782=ORIENTED_EDGE('',*,*,#608,.T.);
#783=ORIENTED_EDGE('',*,*,#599,.F.);
#784=ORIENTED_EDGE('',*,*,#613,.F.);
#785=ORIENTED_EDGE('',*,*,#611,.F.);
#786=ORIENTED_EDGE('',*,*,#614,.T.);
#787=ORIENTED_EDGE('',*,*,#615,.T.);
#788=ORIENTED_EDGE('',*,*,#616,.T.);
#789=ORIENTED_EDGE('',*,*,#617,.F.);
#790=ORIENTED_EDGE('',*,*,#618,.T.);
#791=ORIENTED_EDGE('',*,*,#619,.T.);
#792=ORIENTED_EDGE('',*,*,#620,.F.);
#793=ORIENTED_EDGE('',*,*,#621,.F.);
#794=ORIENTED_EDGE('',*,*,#622,.T.);
#795=ORIENTED_EDGE('',*,*,#623,.T.);
#796=ORIENTED_EDGE('',*,*,#624,.T.);
#797=ORIENTED_EDGE('',*,*,#625,.T.);
#798=ORIENTED_EDGE('',*,*,#626,.T.);
#799=ORIENTED_EDGE('',*,*,#601,.T.);
#800=ORIENTED_EDGE('',*,*,#606,.F.);
#801=ORIENTED_EDGE('',*,*,#627,.F.);
#802=ORIENTED_EDGE('',*,*,#625,.F.);
#803=ORIENTED_EDGE('',*,*,#628,.F.);
#804=ORIENTED_EDGE('',*,*,#629,.F.);
#805=ORIENTED_EDGE('',*,*,#630,.T.);
#806=ORIENTED_EDGE('',*,*,#631,.F.);
#807=ORIENTED_EDGE('',*,*,#632,.F.);
#808=ORIENTED_EDGE('',*,*,#609,.T.);
#809=ORIENTED_EDGE('',*,*,#612,.F.);
#810=ORIENTED_EDGE('',*,*,#613,.T.);
#811=ORIENTED_EDGE('',*,*,#598,.F.);
#812=ORIENTED_EDGE('',*,*,#602,.T.);
#813=ORIENTED_EDGE('',*,*,#626,.F.);
#814=ORIENTED_EDGE('',*,*,#627,.T.);
#815=ORIENTED_EDGE('',*,*,#605,.F.);
#816=ORIENTED_EDGE('',*,*,#633,.F.);
#817=ORIENTED_EDGE('',*,*,#634,.T.);
#818=ORIENTED_EDGE('',*,*,#635,.F.);
#819=ORIENTED_EDGE('',*,*,#636,.T.);
#820=ORIENTED_EDGE('',*,*,#637,.F.);
#821=ORIENTED_EDGE('',*,*,#629,.T.);
#822=ORIENTED_EDGE('',*,*,#638,.F.);
#823=ORIENTED_EDGE('',*,*,#639,.T.);
#824=ORIENTED_EDGE('',*,*,#640,.F.);
#825=ORIENTED_EDGE('',*,*,#641,.F.);
#826=ORIENTED_EDGE('',*,*,#642,.T.);
#827=ORIENTED_EDGE('',*,*,#643,.F.);
#828=ORIENTED_EDGE('',*,*,#644,.F.);
#829=ORIENTED_EDGE('',*,*,#623,.F.);
#830=ORIENTED_EDGE('',*,*,#645,.T.);
#831=ORIENTED_EDGE('',*,*,#642,.F.);
#832=ORIENTED_EDGE('',*,*,#645,.F.);
#833=ORIENTED_EDGE('',*,*,#646,.F.);
#834=ORIENTED_EDGE('',*,*,#647,.T.);
#835=ORIENTED_EDGE('',*,*,#648,.F.);
#836=ORIENTED_EDGE('',*,*,#649,.F.);
#837=ORIENTED_EDGE('',*,*,#600,.T.);
#838=ORIENTED_EDGE('',*,*,#596,.F.);
#839=ORIENTED_EDGE('',*,*,#622,.F.);
#840=ORIENTED_EDGE('',*,*,#650,.T.);
#841=ORIENTED_EDGE('',*,*,#651,.F.);
#842=ORIENTED_EDGE('',*,*,#652,.T.);
#843=ORIENTED_EDGE('',*,*,#653,.F.);
#844=ORIENTED_EDGE('',*,*,#647,.F.);
#845=ORIENTED_EDGE('',*,*,#654,.F.);
#846=ORIENTED_EDGE('',*,*,#655,.F.);
#847=ORIENTED_EDGE('',*,*,#614,.F.);
#848=ORIENTED_EDGE('',*,*,#610,.F.);
#849=ORIENTED_EDGE('',*,*,#607,.T.);
#850=ORIENTED_EDGE('',*,*,#603,.F.);
#851=ORIENTED_EDGE('',*,*,#628,.T.);
#852=ORIENTED_EDGE('',*,*,#624,.F.);
#853=ORIENTED_EDGE('',*,*,#656,.F.);
#854=ORIENTED_EDGE('',*,*,#657,.T.);
#855=ORIENTED_EDGE('',*,*,#644,.T.);
#856=ORIENTED_EDGE('',*,*,#657,.F.);
#857=ORIENTED_EDGE('',*,*,#658,.F.);
#858=ORIENTED_EDGE('',*,*,#659,.T.);
#859=ORIENTED_EDGE('',*,*,#641,.T.);
#860=ORIENTED_EDGE('',*,*,#659,.F.);
#861=ORIENTED_EDGE('',*,*,#660,.F.);
#862=ORIENTED_EDGE('',*,*,#661,.T.);
#863=ORIENTED_EDGE('',*,*,#643,.T.);
#864=ORIENTED_EDGE('',*,*,#661,.F.);
#865=ORIENTED_EDGE('',*,*,#662,.F.);
#866=ORIENTED_EDGE('',*,*,#663,.T.);
#867=ORIENTED_EDGE('',*,*,#640,.T.);
#868=ORIENTED_EDGE('',*,*,#663,.F.);
#869=ORIENTED_EDGE('',*,*,#664,.F.);
#870=ORIENTED_EDGE('',*,*,#649,.T.);
#871=ORIENTED_EDGE('',*,*,#665,.F.);
#872=ORIENTED_EDGE('',*,*,#666,.F.);
#873=ORIENTED_EDGE('',*,*,#667,.F.);
#874=ORIENTED_EDGE('',*,*,#666,.T.);
#875=ORIENTED_EDGE('',*,*,#668,.F.);
#876=ORIENTED_EDGE('',*,*,#652,.F.);
#877=ORIENTED_EDGE('',*,*,#634,.F.);
#878=ORIENTED_EDGE('',*,*,#669,.T.);
#879=ORIENTED_EDGE('',*,*,#670,.F.);
#880=ORIENTED_EDGE('',*,*,#671,.F.);
#881=ORIENTED_EDGE('',*,*,#635,.T.);
#882=ORIENTED_EDGE('',*,*,#671,.T.);
#883=ORIENTED_EDGE('',*,*,#672,.F.);
#884=ORIENTED_EDGE('',*,*,#673,.F.);
#885=ORIENTED_EDGE('',*,*,#636,.F.);
#886=ORIENTED_EDGE('',*,*,#673,.T.);
#887=ORIENTED_EDGE('',*,*,#674,.F.);
#888=ORIENTED_EDGE('',*,*,#675,.F.);
#889=ORIENTED_EDGE('',*,*,#637,.T.);
#890=ORIENTED_EDGE('',*,*,#675,.T.);
#891=ORIENTED_EDGE('',*,*,#676,.F.);
#892=ORIENTED_EDGE('',*,*,#630,.F.);
#893=ORIENTED_EDGE('',*,*,#638,.T.);
#894=ORIENTED_EDGE('',*,*,#632,.T.);
#895=ORIENTED_EDGE('',*,*,#677,.F.);
#896=ORIENTED_EDGE('',*,*,#678,.F.);
#897=ORIENTED_EDGE('',*,*,#639,.F.);
#898=ORIENTED_EDGE('',*,*,#678,.T.);
#899=ORIENTED_EDGE('',*,*,#679,.F.);
#900=ORIENTED_EDGE('',*,*,#680,.F.);
#901=ORIENTED_EDGE('',*,*,#633,.T.);
#902=ORIENTED_EDGE('',*,*,#680,.T.);
#903=ORIENTED_EDGE('',*,*,#681,.F.);
#904=ORIENTED_EDGE('',*,*,#669,.F.);
#905=ORIENTED_EDGE('',*,*,#681,.T.);
#906=ORIENTED_EDGE('',*,*,#679,.T.);
#907=ORIENTED_EDGE('',*,*,#677,.T.);
#908=ORIENTED_EDGE('',*,*,#631,.T.);
#909=ORIENTED_EDGE('',*,*,#676,.T.);
#910=ORIENTED_EDGE('',*,*,#674,.T.);
#911=ORIENTED_EDGE('',*,*,#672,.T.);
#912=ORIENTED_EDGE('',*,*,#670,.T.);
#913=ORIENTED_EDGE('',*,*,#662,.T.);
#914=ORIENTED_EDGE('',*,*,#658,.T.);
#915=ORIENTED_EDGE('',*,*,#653,.T.);
#916=ORIENTED_EDGE('',*,*,#668,.T.);
#917=ORIENTED_EDGE('',*,*,#665,.T.);
#918=ORIENTED_EDGE('',*,*,#648,.T.);
#919=ORIENTED_EDGE('',*,*,#656,.T.);
#920=ORIENTED_EDGE('',*,*,#660,.T.);
#921=ORIENTED_EDGE('',*,*,#664,.T.);
#922=ORIENTED_EDGE('',*,*,#667,.T.);
#923=ORIENTED_EDGE('',*,*,#651,.T.);
#924=ORIENTED_EDGE('',*,*,#682,.T.);
#925=ORIENTED_EDGE('',*,*,#683,.T.);
#926=ORIENTED_EDGE('',*,*,#684,.T.);
#927=ORIENTED_EDGE('',*,*,#685,.T.);
#928=ORIENTED_EDGE('',*,*,#686,.T.);
#929=ORIENTED_EDGE('',*,*,#687,.T.);
#930=ORIENTED_EDGE('',*,*,#688,.T.);
#931=ORIENTED_EDGE('',*,*,#654,.T.);
#932=ORIENTED_EDGE('',*,*,#646,.T.);
#933=ORIENTED_EDGE('',*,*,#615,.F.);
#934=ORIENTED_EDGE('',*,*,#655,.T.);
#935=ORIENTED_EDGE('',*,*,#688,.F.);
#936=ORIENTED_EDGE('',*,*,#689,.F.);
#937=ORIENTED_EDGE('',*,*,#616,.F.);
#938=ORIENTED_EDGE('',*,*,#689,.T.);
#939=ORIENTED_EDGE('',*,*,#687,.F.);
#940=ORIENTED_EDGE('',*,*,#690,.F.);
#941=ORIENTED_EDGE('',*,*,#617,.T.);
#942=ORIENTED_EDGE('',*,*,#690,.T.);
#943=ORIENTED_EDGE('',*,*,#686,.F.);
#944=ORIENTED_EDGE('',*,*,#691,.F.);
#945=ORIENTED_EDGE('',*,*,#618,.F.);
#946=ORIENTED_EDGE('',*,*,#691,.T.);
#947=ORIENTED_EDGE('',*,*,#685,.F.);
#948=ORIENTED_EDGE('',*,*,#692,.F.);
#949=ORIENTED_EDGE('',*,*,#619,.F.);
#950=ORIENTED_EDGE('',*,*,#692,.T.);
#951=ORIENTED_EDGE('',*,*,#684,.F.);
#952=ORIENTED_EDGE('',*,*,#693,.F.);
#953=ORIENTED_EDGE('',*,*,#620,.T.);
#954=ORIENTED_EDGE('',*,*,#693,.T.);
#955=ORIENTED_EDGE('',*,*,#683,.F.);
#956=ORIENTED_EDGE('',*,*,#694,.F.);
#957=ORIENTED_EDGE('',*,*,#621,.T.);
#958=ORIENTED_EDGE('',*,*,#694,.T.);
#959=ORIENTED_EDGE('',*,*,#682,.F.);
#960=ORIENTED_EDGE('',*,*,#650,.F.);
#961=ORIENTED_EDGE('',*,*,#695,.T.);
#962=ORIENTED_EDGE('',*,*,#696,.T.);
#963=ORIENTED_EDGE('',*,*,#697,.T.);
#964=ORIENTED_EDGE('',*,*,#698,.T.);
#965=ORIENTED_EDGE('',*,*,#699,.T.);
#966=ORIENTED_EDGE('',*,*,#700,.T.);
#967=ORIENTED_EDGE('',*,*,#701,.T.);
#968=ORIENTED_EDGE('',*,*,#702,.T.);
#969=ORIENTED_EDGE('',*,*,#697,.F.);
#970=ORIENTED_EDGE('',*,*,#703,.T.);
#971=ORIENTED_EDGE('',*,*,#704,.T.);
#972=ORIENTED_EDGE('',*,*,#705,.T.);
#973=ORIENTED_EDGE('',*,*,#706,.T.);
#974=ORIENTED_EDGE('',*,*,#707,.T.);
#975=ORIENTED_EDGE('',*,*,#701,.F.);
#976=ORIENTED_EDGE('',*,*,#708,.T.);
#977=ORIENTED_EDGE('',*,*,#709,.T.);
#978=ORIENTED_EDGE('',*,*,#710,.T.);
#979=ORIENTED_EDGE('',*,*,#704,.F.);
#980=ORIENTED_EDGE('',*,*,#711,.T.);
#981=ORIENTED_EDGE('',*,*,#712,.T.);
#982=ORIENTED_EDGE('',*,*,#713,.T.);
#983=ORIENTED_EDGE('',*,*,#714,.T.);
#984=ORIENTED_EDGE('',*,*,#715,.T.);
#985=ORIENTED_EDGE('',*,*,#709,.F.);
#986=ORIENTED_EDGE('',*,*,#716,.T.);
#987=ORIENTED_EDGE('',*,*,#717,.T.);
#988=ORIENTED_EDGE('',*,*,#718,.T.);
#989=ORIENTED_EDGE('',*,*,#712,.F.);
#990=ORIENTED_EDGE('',*,*,#719,.T.);
#991=ORIENTED_EDGE('',*,*,#720,.T.);
#992=ORIENTED_EDGE('',*,*,#721,.T.);
#993=ORIENTED_EDGE('',*,*,#722,.T.);
#994=ORIENTED_EDGE('',*,*,#723,.T.);
#995=ORIENTED_EDGE('',*,*,#717,.F.);
#996=ORIENTED_EDGE('',*,*,#724,.T.);
#997=ORIENTED_EDGE('',*,*,#695,.F.);
#998=ORIENTED_EDGE('',*,*,#725,.T.);
#999=ORIENTED_EDGE('',*,*,#720,.F.);
#1000=ORIENTED_EDGE('',*,*,#726,.T.);
#1001=ORIENTED_EDGE('',*,*,#711,.F.);
#1002=ORIENTED_EDGE('',*,*,#727,.F.);
#1003=ORIENTED_EDGE('',*,*,#728,.T.);
#1004=ORIENTED_EDGE('',*,*,#729,.T.);
#1005=ORIENTED_EDGE('',*,*,#708,.F.);
#1006=ORIENTED_EDGE('',*,*,#730,.F.);
#1007=ORIENTED_EDGE('',*,*,#731,.F.);
#1008=ORIENTED_EDGE('',*,*,#727,.T.);
#1009=ORIENTED_EDGE('',*,*,#703,.F.);
#1010=ORIENTED_EDGE('',*,*,#732,.F.);
#1011=ORIENTED_EDGE('',*,*,#733,.T.);
#1012=ORIENTED_EDGE('',*,*,#730,.T.);
#1013=ORIENTED_EDGE('',*,*,#696,.F.);
#1014=ORIENTED_EDGE('',*,*,#734,.F.);
#1015=ORIENTED_EDGE('',*,*,#735,.F.);
#1016=ORIENTED_EDGE('',*,*,#732,.T.);
#1017=ORIENTED_EDGE('',*,*,#705,.F.);
#1018=ORIENTED_EDGE('',*,*,#710,.F.);
#1019=ORIENTED_EDGE('',*,*,#715,.F.);
#1020=ORIENTED_EDGE('',*,*,#736,.T.);
#1021=ORIENTED_EDGE('',*,*,#713,.F.);
#1022=ORIENTED_EDGE('',*,*,#718,.F.);
#1023=ORIENTED_EDGE('',*,*,#723,.F.);
#1024=ORIENTED_EDGE('',*,*,#737,.T.);
#1025=ORIENTED_EDGE('',*,*,#700,.F.);
#1026=ORIENTED_EDGE('',*,*,#738,.T.);
#1027=ORIENTED_EDGE('',*,*,#721,.F.);
#1028=ORIENTED_EDGE('',*,*,#725,.F.);
#1029=ORIENTED_EDGE('',*,*,#739,.T.);
#1030=ORIENTED_EDGE('',*,*,#740,.T.);
#1031=ORIENTED_EDGE('',*,*,#722,.F.);
#1032=ORIENTED_EDGE('',*,*,#741,.F.);
#1033=ORIENTED_EDGE('',*,*,#742,.T.);
#1034=ORIENTED_EDGE('',*,*,#741,.T.);
#1035=ORIENTED_EDGE('',*,*,#738,.F.);
#1036=ORIENTED_EDGE('',*,*,#743,.F.);
#1037=ORIENTED_EDGE('',*,*,#744,.T.);
#1038=ORIENTED_EDGE('',*,*,#743,.T.);
#1039=ORIENTED_EDGE('',*,*,#699,.F.);
#1040=ORIENTED_EDGE('',*,*,#745,.F.);
#1041=ORIENTED_EDGE('',*,*,#746,.T.);
#1042=ORIENTED_EDGE('',*,*,#745,.T.);
#1043=ORIENTED_EDGE('',*,*,#747,.F.);
#1044=ORIENTED_EDGE('',*,*,#748,.F.);
#1045=ORIENTED_EDGE('',*,*,#749,.T.);
#1046=ORIENTED_EDGE('',*,*,#748,.T.);
#1047=ORIENTED_EDGE('',*,*,#706,.F.);
#1048=ORIENTED_EDGE('',*,*,#750,.F.);
#1049=ORIENTED_EDGE('',*,*,#751,.T.);
#1050=ORIENTED_EDGE('',*,*,#750,.T.);
#1051=ORIENTED_EDGE('',*,*,#736,.F.);
#1052=ORIENTED_EDGE('',*,*,#752,.F.);
#1053=ORIENTED_EDGE('',*,*,#753,.T.);
#1054=ORIENTED_EDGE('',*,*,#752,.T.);
#1055=ORIENTED_EDGE('',*,*,#714,.F.);
#1056=ORIENTED_EDGE('',*,*,#754,.F.);
#1057=ORIENTED_EDGE('',*,*,#755,.T.);
#1058=ORIENTED_EDGE('',*,*,#754,.T.);
#1059=ORIENTED_EDGE('',*,*,#737,.F.);
#1060=ORIENTED_EDGE('',*,*,#740,.F.);
#1061=ORIENTED_EDGE('',*,*,#726,.F.);
#1062=ORIENTED_EDGE('',*,*,#756,.F.);
#1063=ORIENTED_EDGE('',*,*,#757,.T.);
#1064=ORIENTED_EDGE('',*,*,#734,.T.);
#1065=ORIENTED_EDGE('',*,*,#724,.F.);
#1066=ORIENTED_EDGE('',*,*,#758,.F.);
#1067=ORIENTED_EDGE('',*,*,#759,.F.);
#1068=ORIENTED_EDGE('',*,*,#756,.T.);
#1069=ORIENTED_EDGE('',*,*,#719,.F.);
#1070=ORIENTED_EDGE('',*,*,#760,.F.);
#1071=ORIENTED_EDGE('',*,*,#761,.T.);
#1072=ORIENTED_EDGE('',*,*,#758,.T.);
#1073=ORIENTED_EDGE('',*,*,#716,.F.);
#1074=ORIENTED_EDGE('',*,*,#729,.F.);
#1075=ORIENTED_EDGE('',*,*,#762,.F.);
#1076=ORIENTED_EDGE('',*,*,#760,.T.);
#1077=ORIENTED_EDGE('',*,*,#707,.F.);
#1078=ORIENTED_EDGE('',*,*,#747,.T.);
#1079=ORIENTED_EDGE('',*,*,#698,.F.);
#1080=ORIENTED_EDGE('',*,*,#702,.F.);
#1081=ORIENTED_EDGE('',*,*,#728,.F.);
#1082=ORIENTED_EDGE('',*,*,#731,.T.);
#1083=ORIENTED_EDGE('',*,*,#733,.F.);
#1084=ORIENTED_EDGE('',*,*,#735,.T.);
#1085=ORIENTED_EDGE('',*,*,#757,.F.);
#1086=ORIENTED_EDGE('',*,*,#759,.T.);
#1087=ORIENTED_EDGE('',*,*,#761,.F.);
#1088=ORIENTED_EDGE('',*,*,#762,.T.);
#1089=ORIENTED_EDGE('',*,*,#755,.F.);
#1090=ORIENTED_EDGE('',*,*,#739,.F.);
#1091=ORIENTED_EDGE('',*,*,#742,.F.);
#1092=ORIENTED_EDGE('',*,*,#744,.F.);
#1093=ORIENTED_EDGE('',*,*,#746,.F.);
#1094=ORIENTED_EDGE('',*,*,#749,.F.);
#1095=ORIENTED_EDGE('',*,*,#751,.F.);
#1096=ORIENTED_EDGE('',*,*,#753,.F.);
#1097=CYLINDRICAL_SURFACE('',#1201,1.5);
#1098=CYLINDRICAL_SURFACE('',#1205,1.5);
#1099=CYLINDRICAL_SURFACE('',#1209,1.5);
#1100=CYLINDRICAL_SURFACE('',#1214,1.5);
#1101=CYLINDRICAL_SURFACE('',#1229,5.);
#1102=CYLINDRICAL_SURFACE('',#1232,2.5);
#1103=CYLINDRICAL_SURFACE('',#1234,2.5);
#1104=CYLINDRICAL_SURFACE('',#1236,2.5);
#1105=CYLINDRICAL_SURFACE('',#1238,2.5);
#1106=CYLINDRICAL_SURFACE('',#1243,5.00000000000002);
#1107=CYLINDRICAL_SURFACE('',#1246,4.99999999999999);
#1108=CYLINDRICAL_SURFACE('',#1248,5.);
#1109=CYLINDRICAL_SURFACE('',#1251,4.99999999999999);
#1110=CYLINDRICAL_SURFACE('',#1262,1.);
#1111=CYLINDRICAL_SURFACE('',#1268,1.);
#1112=CYLINDRICAL_SURFACE('',#1273,1.);
#1113=CYLINDRICAL_SURFACE('',#1278,1.);
#1114=CYLINDRICAL_SURFACE('',#1282,1.99999999999999);
#1115=CYLINDRICAL_SURFACE('',#1285,1.99999999999999);
#1116=CYLINDRICAL_SURFACE('',#1295,2.);
#1117=CYLINDRICAL_SURFACE('',#1298,1.99999999999999);
#1118=CYLINDRICAL_SURFACE('',#1302,1.99999999999999);
#1119=CYLINDRICAL_SURFACE('',#1305,1.99999999999999);
#1120=CYLINDRICAL_SURFACE('',#1307,2.);
#1121=CYLINDRICAL_SURFACE('',#1310,1.99999999999999);
#1122=ADVANCED_FACE('',(#69),#1097,.F.);
#1123=ADVANCED_FACE('',(#70),#34,.F.);
#1124=ADVANCED_FACE('',(#71),#1098,.F.);
#1125=ADVANCED_FACE('',(#72),#35,.F.);
#1126=ADVANCED_FACE('',(#73),#1099,.F.);
#1127=ADVANCED_FACE('',(#74,#21),#36,.T.);
#1128=ADVANCED_FACE('',(#75),#1100,.F.);
#1129=ADVANCED_FACE('',(#76),#37,.F.);
#1130=ADVANCED_FACE('',(#77,#22),#38,.T.);
#1131=ADVANCED_FACE('',(#78,#23,#24,#25,#26,#27),#39,.F.);
#1132=ADVANCED_FACE('',(#79),#1101,.F.);
#1133=ADVANCED_FACE('',(#80),#40,.T.);
#1134=ADVANCED_FACE('',(#81),#41,.T.);
#1135=ADVANCED_FACE('',(#82),#1102,.F.);
#1136=ADVANCED_FACE('',(#83),#1103,.F.);
#1137=ADVANCED_FACE('',(#84),#1104,.F.);
#1138=ADVANCED_FACE('',(#85),#1105,.F.);
#1139=ADVANCED_FACE('',(#86),#42,.T.);
#1140=ADVANCED_FACE('',(#87),#43,.T.);
#1141=ADVANCED_FACE('',(#88),#44,.T.);
#1142=ADVANCED_FACE('',(#89),#1106,.T.);
#1143=ADVANCED_FACE('',(#90),#45,.T.);
#1144=ADVANCED_FACE('',(#91),#1107,.T.);
#1145=ADVANCED_FACE('',(#92),#1108,.T.);
#1146=ADVANCED_FACE('',(#93),#46,.T.);
#1147=ADVANCED_FACE('',(#94),#1109,.T.);
#1148=ADVANCED_FACE('',(#95,#28,#29,#30,#31,#32),#47,.T.);
#1149=ADVANCED_FACE('',(#96),#48,.T.);
#1150=ADVANCED_FACE('',(#97),#49,.T.);
#1151=ADVANCED_FACE('',(#98),#50,.T.);
#1152=ADVANCED_FACE('',(#99),#51,.T.);
#1153=ADVANCED_FACE('',(#100),#52,.T.);
#1154=ADVANCED_FACE('',(#101),#53,.T.);
#1155=ADVANCED_FACE('',(#102),#54,.T.);
#1156=ADVANCED_FACE('',(#103),#55,.T.);
#1157=ADVANCED_FACE('',(#104),#1110,.T.);
#1158=ADVANCED_FACE('',(#105),#13,.F.);
#1159=ADVANCED_FACE('',(#106),#1111,.T.);
#1160=ADVANCED_FACE('',(#107),#14,.F.);
#1161=ADVANCED_FACE('',(#108),#1112,.T.);
#1162=ADVANCED_FACE('',(#109),#15,.F.);
#1163=ADVANCED_FACE('',(#110),#1113,.T.);
#1164=ADVANCED_FACE('',(#111),#16,.F.);
#1165=ADVANCED_FACE('',(#112),#1114,.T.);
#1166=ADVANCED_FACE('',(#113),#56,.T.);
#1167=ADVANCED_FACE('',(#114),#1115,.T.);
#1168=ADVANCED_FACE('',(#115),#57,.T.);
#1169=ADVANCED_FACE('',(#116),#58,.T.);
#1170=ADVANCED_FACE('',(#117),#59,.T.);
#1171=ADVANCED_FACE('',(#118),#60,.T.);
#1172=ADVANCED_FACE('',(#119),#61,.T.);
#1173=ADVANCED_FACE('',(#120),#1116,.F.);
#1174=ADVANCED_FACE('',(#121),#62,.T.);
#1175=ADVANCED_FACE('',(#122),#1117,.F.);
#1176=ADVANCED_FACE('',(#123),#63,.T.);
#1177=ADVANCED_FACE('',(#124),#1118,.F.);
#1178=ADVANCED_FACE('',(#125),#64,.T.);
#1179=ADVANCED_FACE('',(#126),#1119,.F.);
#1180=ADVANCED_FACE('',(#127),#1120,.T.);
#1181=ADVANCED_FACE('',(#128),#65,.T.);
#1182=ADVANCED_FACE('',(#129),#1121,.T.);
#1183=ADVANCED_FACE('',(#130),#66,.T.);
#1184=ADVANCED_FACE('',(#131),#67,.T.);
#1185=ADVANCED_FACE('',(#132,#33),#68,.F.);
#1186=CLOSED_SHELL('',(#1122,#1123,#1124,#1125,#1126,#1127,#1128,#1129,
#1130,#1131,#1132,#1133,#1134,#1135,#1136,#1137,#1138,#1139,#1140,#1141,
#1142,#1143,#1144,#1145,#1146,#1147,#1148,#1149,#1150,#1151,#1152,#1153,
#1154,#1155,#1156));
#1187=CLOSED_SHELL('',(#1157,#1158,#1159,#1160,#1161,#1162,#1163,#1164,
#1165,#1166,#1167,#1168,#1169,#1170,#1171,#1172,#1173,#1174,#1175,#1176,
#1177,#1178,#1179,#1180,#1181,#1182,#1183,#1184,#1185));
#1188=DERIVED_UNIT_ELEMENT(#1190,1.);
#1189=DERIVED_UNIT_ELEMENT(#2033,-3.);
#1190=(
MASS_UNIT()
NAMED_UNIT(*)
SI_UNIT(.KILO.,.GRAM.)
);
#1191=DERIVED_UNIT((#1188,#1189));
#1192=MEASURE_REPRESENTATION_ITEM('density measure',
POSITIVE_RATIO_MEASURE(952.),#1191);
#1193=PROPERTY_DEFINITION_REPRESENTATION(#1198,#1195);
#1194=PROPERTY_DEFINITION_REPRESENTATION(#1199,#1196);
#1195=REPRESENTATION('material name',(#1197),#2030);
#1196=REPRESENTATION('density',(#1192),#2030);
#1197=DESCRIPTIVE_REPRESENTATION_ITEM(
'Kunststoff, undurchsichtig Wei\X\DF',
'Kunststoff, undurchsichtig Wei\X\DF');
#1198=PROPERTY_DEFINITION('material property','material name',#2040);
#1199=PROPERTY_DEFINITION('material property','density of part',#2040);
#1200=AXIS2_PLACEMENT_3D('',#1658,#1315,#1316);
#1201=AXIS2_PLACEMENT_3D('',#1659,#1317,#1318);
#1202=AXIS2_PLACEMENT_3D('',#1662,#1319,#1320);
#1203=AXIS2_PLACEMENT_3D('',#1666,#1322,#1323);
#1204=AXIS2_PLACEMENT_3D('',#1668,#1325,#1326);
#1205=AXIS2_PLACEMENT_3D('',#1674,#1330,#1331);
#1206=AXIS2_PLACEMENT_3D('',#1677,#1332,#1333);
#1207=AXIS2_PLACEMENT_3D('',#1681,#1335,#1336);
#1208=AXIS2_PLACEMENT_3D('',#1683,#1338,#1339);
#1209=AXIS2_PLACEMENT_3D('',#1689,#1343,#1344);
#1210=AXIS2_PLACEMENT_3D('',#1691,#1345,#1346);
#1211=AXIS2_PLACEMENT_3D('',#1694,#1348,#1349);
#1212=AXIS2_PLACEMENT_3D('',#1695,#1350,#1351);
#1213=AXIS2_PLACEMENT_3D('',#1715,#1362,#1363);
#1214=AXIS2_PLACEMENT_3D('',#1716,#1364,#1365);
#1215=AXIS2_PLACEMENT_3D('',#1718,#1366,#1367);
#1216=AXIS2_PLACEMENT_3D('',#1721,#1369,#1370);
#1217=AXIS2_PLACEMENT_3D('',#1722,#1371,#1372);
#1218=AXIS2_PLACEMENT_3D('',#1725,#1375,#1376);
#1219=AXIS2_PLACEMENT_3D('',#1734,#1381,#1382);
#1220=AXIS2_PLACEMENT_3D('',#1737,#1383,#1384);
#1221=AXIS2_PLACEMENT_3D('',#1741,#1386,#1387);
#1222=AXIS2_PLACEMENT_3D('',#1744,#1389,#1390);
#1223=AXIS2_PLACEMENT_3D('',#1746,#1391,#1392);
#1224=AXIS2_PLACEMENT_3D('',#1749,#1394,#1395);
#1225=AXIS2_PLACEMENT_3D('',#1751,#1396,#1397);
#1226=AXIS2_PLACEMENT_3D('',#1753,#1398,#1399);
#1227=AXIS2_PLACEMENT_3D('',#1755,#1400,#1401);
#1228=AXIS2_PLACEMENT_3D('',#1757,#1402,#1403);
#1229=AXIS2_PLACEMENT_3D('',#1758,#1404,#1405);
#1230=AXIS2_PLACEMENT_3D('',#1760,#1407,#1408);
#1231=AXIS2_PLACEMENT_3D('',#1769,#1413,#1414);
#1232=AXIS2_PLACEMENT_3D('',#1780,#1421,#1422);
#1233=AXIS2_PLACEMENT_3D('',#1782,#1423,#1424);
#1234=AXIS2_PLACEMENT_3D('',#1784,#1426,#1427);
#1235=AXIS2_PLACEMENT_3D('',#1786,#1428,#1429);
#1236=AXIS2_PLACEMENT_3D('',#1788,#1431,#1432);
#1237=AXIS2_PLACEMENT_3D('',#1790,#1433,#1434);
#1238=AXIS2_PLACEMENT_3D('',#1792,#1436,#1437);
#1239=AXIS2_PLACEMENT_3D('',#1794,#1438,#1439);
#1240=AXIS2_PLACEMENT_3D('',#1796,#1441,#1442);
#1241=AXIS2_PLACEMENT_3D('',#1802,#1446,#1447);
#1242=AXIS2_PLACEMENT_3D('',#1805,#1450,#1451);
#1243=AXIS2_PLACEMENT_3D('',#1811,#1455,#1456);
#1244=AXIS2_PLACEMENT_3D('',#1813,#1457,#1458);
#1245=AXIS2_PLACEMENT_3D('',#1815,#1460,#1461);
#1246=AXIS2_PLACEMENT_3D('',#1819,#1464,#1465);
#1247=AXIS2_PLACEMENT_3D('',#1820,#1466,#1467);
#1248=AXIS2_PLACEMENT_3D('',#1821,#1468,#1469);
#1249=AXIS2_PLACEMENT_3D('',#1823,#1470,#1471);
#1250=AXIS2_PLACEMENT_3D('',#1825,#1473,#1474);
#1251=AXIS2_PLACEMENT_3D('',#1829,#1477,#1478);
#1252=AXIS2_PLACEMENT_3D('',#1830,#1479,#1480);
#1253=AXIS2_PLACEMENT_3D('',#1831,#1481,#1482);
#1254=AXIS2_PLACEMENT_3D('',#1832,#1483,#1484);
#1255=AXIS2_PLACEMENT_3D('',#1846,#1492,#1493);
#1256=AXIS2_PLACEMENT_3D('',#1848,#1495,#1496);
#1257=AXIS2_PLACEMENT_3D('',#1850,#1498,#1499);
#1258=AXIS2_PLACEMENT_3D('',#1852,#1501,#1502);
#1259=AXIS2_PLACEMENT_3D('',#1854,#1504,#1505);
#1260=AXIS2_PLACEMENT_3D('',#1856,#1507,#1508);
#1261=AXIS2_PLACEMENT_3D('',#1858,#1510,#1511);
#1262=AXIS2_PLACEMENT_3D('',#1859,#1512,#1513);
#1263=AXIS2_PLACEMENT_3D('',#1862,#1514,#1515);
#1264=AXIS2_PLACEMENT_3D('',#1866,#1517,#1518);
#1265=AXIS2_PLACEMENT_3D('',#1883,#1522,#1523);
#1266=AXIS2_PLACEMENT_3D('',#1884,#1524,#1525);
#1267=AXIS2_PLACEMENT_3D('',#1885,#1526,#1527);
#1268=AXIS2_PLACEMENT_3D('',#1886,#1528,#1529);
#1269=AXIS2_PLACEMENT_3D('',#1889,#1530,#1531);
#1270=AXIS2_PLACEMENT_3D('',#1907,#1536,#1537);
#1271=AXIS2_PLACEMENT_3D('',#1908,#1538,#1539);
#1272=AXIS2_PLACEMENT_3D('',#1909,#1540,#1541);
#1273=AXIS2_PLACEMENT_3D('',#1910,#1542,#1543);
#1274=AXIS2_PLACEMENT_3D('',#1913,#1544,#1545);
#1275=AXIS2_PLACEMENT_3D('',#1931,#1550,#1551);
#1276=AXIS2_PLACEMENT_3D('',#1932,#1552,#1553);
#1277=AXIS2_PLACEMENT_3D('',#1933,#1554,#1555);
#1278=AXIS2_PLACEMENT_3D('',#1934,#1556,#1557);
#1279=AXIS2_PLACEMENT_3D('',#1937,#1558,#1559);
#1280=AXIS2_PLACEMENT_3D('',#1953,#1564,#1565);
#1281=AXIS2_PLACEMENT_3D('',#1954,#1566,#1567);
#1282=AXIS2_PLACEMENT_3D('',#1955,#1568,#1569);
#1283=AXIS2_PLACEMENT_3D('',#1959,#1571,#1572);
#1284=AXIS2_PLACEMENT_3D('',#1961,#1574,#1575);
#1285=AXIS2_PLACEMENT_3D('',#1965,#1578,#1579);
#1286=AXIS2_PLACEMENT_3D('',#1968,#1581,#1582);
#1287=AXIS2_PLACEMENT_3D('',#1969,#1583,#1584);
#1288=AXIS2_PLACEMENT_3D('',#1973,#1587,#1588);
#1289=AXIS2_PLACEMENT_3D('',#1974,#1589,#1590);
#1290=AXIS2_PLACEMENT_3D('',#1975,#1591,#1592);
#1291=AXIS2_PLACEMENT_3D('',#1976,#1593,#1594);
#1292=AXIS2_PLACEMENT_3D('',#1977,#1595,#1596);
#1293=AXIS2_PLACEMENT_3D('',#1978,#1597,#1598);
#1294=AXIS2_PLACEMENT_3D('',#1979,#1599,#1600);
#1295=AXIS2_PLACEMENT_3D('',#1985,#1604,#1605);
#1296=AXIS2_PLACEMENT_3D('',#1987,#1606,#1607);
#1297=AXIS2_PLACEMENT_3D('',#1989,#1609,#1610);
#1298=AXIS2_PLACEMENT_3D('',#1993,#1613,#1614);
#1299=AXIS2_PLACEMENT_3D('',#1995,#1615,#1616);
#1300=AXIS2_PLACEMENT_3D('',#1996,#1617,#1618);
#1301=AXIS2_PLACEMENT_3D('',#1998,#1620,#1621);
#1302=AXIS2_PLACEMENT_3D('',#2002,#1624,#1625);
#1303=AXIS2_PLACEMENT_3D('',#2004,#1626,#1627);
#1304=AXIS2_PLACEMENT_3D('',#2006,#1629,#1630);
#1305=AXIS2_PLACEMENT_3D('',#2010,#1633,#1634);
#1306=AXIS2_PLACEMENT_3D('',#2011,#1635,#1636);
#1307=AXIS2_PLACEMENT_3D('',#2012,#1637,#1638);
#1308=AXIS2_PLACEMENT_3D('',#2015,#1640,#1641);
#1309=AXIS2_PLACEMENT_3D('',#2016,#1642,#1643);
#1310=AXIS2_PLACEMENT_3D('',#2020,#1646,#1647);
#1311=AXIS2_PLACEMENT_3D('',#2023,#1649,#1650);
#1312=AXIS2_PLACEMENT_3D('',#2024,#1651,#1652);
#1313=AXIS2_PLACEMENT_3D('',#2026,#1654,#1655);
#1314=AXIS2_PLACEMENT_3D('',#2027,#1656,#1657);
#1315=DIRECTION('axis',(0.,0.,1.));
#1316=DIRECTION('refdir',(1.,0.,0.));
#1317=DIRECTION('center_axis',(0.,0.,-1.));
#1318=DIRECTION('ref_axis',(0.707106781186553,-0.707106781186543,0.));
#1319=DIRECTION('center_axis',(0.,0.,1.));
#1320=DIRECTION('ref_axis',(0.707106781186553,-0.707106781186543,0.));
#1321=DIRECTION('',(0.,0.,-1.));
#1322=DIRECTION('center_axis',(-1.68135999943232E-16,0.,-1.));
#1323=DIRECTION('ref_axis',(0.707106781186553,-0.707106781186543,0.));
#1324=DIRECTION('',(0.,0.,1.));
#1325=DIRECTION('center_axis',(1.,0.,0.));
#1326=DIRECTION('ref_axis',(0.,-1.,0.));
#1327=DIRECTION('',(0.,-1.,0.));
#1328=DIRECTION('',(0.,0.,1.));
#1329=DIRECTION('',(0.,1.,0.));
#1330=DIRECTION('center_axis',(0.,0.,-1.));
#1331=DIRECTION('ref_axis',(-0.707106781186543,0.707106781186552,0.));
#1332=DIRECTION('center_axis',(0.,0.,1.));
#1333=DIRECTION('ref_axis',(-0.707106781186543,0.707106781186552,0.));
#1334=DIRECTION('',(0.,0.,-1.));
#1335=DIRECTION('center_axis',(-1.68135999943232E-16,0.,-1.));
#1336=DIRECTION('ref_axis',(-0.707106781186543,0.707106781186552,0.));
#1337=DIRECTION('',(0.,0.,1.));
#1338=DIRECTION('center_axis',(-1.,0.,0.));
#1339=DIRECTION('ref_axis',(0.,1.,0.));
#1340=DIRECTION('',(0.,1.,0.));
#1341=DIRECTION('',(0.,0.,1.));
#1342=DIRECTION('',(0.,-1.,0.));
#1343=DIRECTION('center_axis',(0.,0.,1.));
#1344=DIRECTION('ref_axis',(-0.707106781186544,-0.707106781186551,0.));
#1345=DIRECTION('center_axis',(0.,0.,1.));
#1346=DIRECTION('ref_axis',(-0.707106781186544,-0.707106781186551,0.));
#1347=DIRECTION('',(0.,0.,-1.));
#1348=DIRECTION('center_axis',(-1.68135999943232E-16,0.,-1.));
#1349=DIRECTION('ref_axis',(-0.707106781186544,-0.707106781186551,0.));
#1350=DIRECTION('center_axis',(0.,1.,0.));
#1351=DIRECTION('ref_axis',(0.,0.,1.));
#1352=DIRECTION('',(1.,0.,-1.68135999943232E-16));
#1353=DIRECTION('',(-1.,0.,0.));
#1354=DIRECTION('',(0.,0.,1.));
#1355=DIRECTION('',(-1.,0.,0.));
#1356=DIRECTION('',(0.,0.,-1.));
#1357=DIRECTION('',(1.,0.,0.));
#1358=DIRECTION('',(0.,0.,-1.));
#1359=DIRECTION('',(1.,0.,0.));
#1360=DIRECTION('',(0.,0.,1.));
#1361=DIRECTION('',(-1.,0.,0.));
#1362=DIRECTION('center_axis',(0.,-1.,0.));
#1363=DIRECTION('ref_axis',(0.,0.,1.));
#1364=DIRECTION('center_axis',(0.,0.,-1.));
#1365=DIRECTION('ref_axis',(0.707106781186552,0.707106781186543,0.));
#1366=DIRECTION('center_axis',(0.,0.,1.));
#1367=DIRECTION('ref_axis',(0.707106781186552,0.707106781186543,0.));
#1368=DIRECTION('',(0.,0.,-1.));
#1369=DIRECTION('center_axis',(-1.68135999943232E-16,0.,-1.));
#1370=DIRECTION('ref_axis',(0.707106781186552,0.707106781186543,0.));
#1371=DIRECTION('center_axis',(0.,1.,0.));
#1372=DIRECTION('ref_axis',(1.,0.,0.));
#1373=DIRECTION('',(-1.,0.,1.68135999943232E-16));
#1374=DIRECTION('',(1.,0.,0.));
#1375=DIRECTION('center_axis',(-1.68135999943232E-16,0.,-1.));
#1376=DIRECTION('ref_axis',(-1.,0.,1.68135999943232E-16));
#1377=DIRECTION('',(1.,0.,-1.68135999943232E-16));
#1378=DIRECTION('',(0.,1.,0.));
#1379=DIRECTION('',(-1.,0.,1.68135999943232E-16));
#1380=DIRECTION('',(0.,1.,0.));
#1381=DIRECTION('center_axis',(0.,1.,0.));
#1382=DIRECTION('ref_axis',(1.,0.,0.));
#1383=DIRECTION('center_axis',(0.,1.,0.));
#1384=DIRECTION('ref_axis',(-1.33226762955019E-15,0.,1.));
#1385=DIRECTION('',(-1.,0.,0.));
#1386=DIRECTION('center_axis',(0.,1.,0.));
#1387=DIRECTION('ref_axis',(-1.,0.,2.22044604925031E-15));
#1388=DIRECTION('',(0.,0.,-1.));
#1389=DIRECTION('center_axis',(0.,1.,0.));
#1390=DIRECTION('ref_axis',(0.,0.,-1.));
#1391=DIRECTION('center_axis',(0.,1.,0.));
#1392=DIRECTION('ref_axis',(1.,0.,0.));
#1393=DIRECTION('',(-2.72839051061071E-17,0.,1.));
#1394=DIRECTION('center_axis',(0.,-1.,0.));
#1395=DIRECTION('ref_axis',(1.,0.,0.));
#1396=DIRECTION('center_axis',(0.,-1.,0.));
#1397=DIRECTION('ref_axis',(1.,0.,0.));
#1398=DIRECTION('center_axis',(0.,1.,0.));
#1399=DIRECTION('ref_axis',(0.,0.,1.));
#1400=DIRECTION('center_axis',(0.,-1.,0.));
#1401=DIRECTION('ref_axis',(1.,0.,0.));
#1402=DIRECTION('center_axis',(0.,-1.,0.));
#1403=DIRECTION('ref_axis',(1.,0.,0.));
#1404=DIRECTION('center_axis',(0.,-1.,0.));
#1405=DIRECTION('ref_axis',(0.,0.,1.));
#1406=DIRECTION('',(0.,-1.,0.));
#1407=DIRECTION('center_axis',(1.,0.,0.));
#1408=DIRECTION('ref_axis',(0.,0.,-1.));
#1409=DIRECTION('',(0.,0.,1.));
#1410=DIRECTION('',(0.,1.,0.));
#1411=DIRECTION('',(0.,0.,-1.));
#1412=DIRECTION('',(0.,1.,0.));
#1413=DIRECTION('center_axis',(0.,0.,1.));
#1414=DIRECTION('ref_axis',(1.,0.,0.));
#1415=DIRECTION('',(0.,1.,0.));
#1416=DIRECTION('',(-1.,0.,0.));
#1417=DIRECTION('',(0.,1.,0.));
#1418=DIRECTION('',(1.,0.,0.));
#1419=DIRECTION('',(-1.,0.,0.));
#1420=DIRECTION('',(0.,1.,0.));
#1421=DIRECTION('center_axis',(0.,1.,0.));
#1422=DIRECTION('ref_axis',(1.,0.,0.));
#1423=DIRECTION('center_axis',(0.,-1.,0.));
#1424=DIRECTION('ref_axis',(1.,0.,0.));
#1425=DIRECTION('',(0.,-1.,0.));
#1426=DIRECTION('center_axis',(0.,1.,0.));
#1427=DIRECTION('ref_axis',(1.,0.,0.));
#1428=DIRECTION('center_axis',(0.,-1.,0.));
#1429=DIRECTION('ref_axis',(1.,0.,0.));
#1430=DIRECTION('',(0.,-1.,0.));
#1431=DIRECTION('center_axis',(0.,1.,0.));
#1432=DIRECTION('ref_axis',(1.,0.,0.));
#1433=DIRECTION('center_axis',(0.,-1.,0.));
#1434=DIRECTION('ref_axis',(1.,0.,0.));
#1435=DIRECTION('',(0.,-1.,0.));
#1436=DIRECTION('center_axis',(0.,1.,0.));
#1437=DIRECTION('ref_axis',(1.,0.,0.));
#1438=DIRECTION('center_axis',(0.,-1.,0.));
#1439=DIRECTION('ref_axis',(1.,0.,0.));
#1440=DIRECTION('',(0.,-1.,0.));
#1441=DIRECTION('center_axis',(-1.32892186439684E-33,0.,-1.));
#1442=DIRECTION('ref_axis',(-1.,0.,1.32892186439684E-33));
#1443=DIRECTION('',(1.,0.,-1.32892186439684E-33));
#1444=DIRECTION('',(-1.,0.,1.32892186439684E-33));
#1445=DIRECTION('',(0.,1.,0.));
#1446=DIRECTION('center_axis',(-1.,0.,-1.42425652751797E-33));
#1447=DIRECTION('ref_axis',(-1.42425652751797E-33,0.,1.));
#1448=DIRECTION('',(1.42425652751797E-33,0.,-1.));
#1449=DIRECTION('',(-1.42425652751797E-33,0.,1.));
#1450=DIRECTION('center_axis',(0.,0.,1.));
#1451=DIRECTION('ref_axis',(1.,0.,0.));
#1452=DIRECTION('',(0.,1.,0.));
#1453=DIRECTION('',(1.,0.,0.));
#1454=DIRECTION('',(0.,1.,0.));
#1455=DIRECTION('center_axis',(0.,1.,0.));
#1456=DIRECTION('ref_axis',(-1.,0.,2.22044604925031E-15));
#1457=DIRECTION('center_axis',(0.,1.,0.));
#1458=DIRECTION('ref_axis',(-1.,0.,2.22044604925031E-15));
#1459=DIRECTION('',(0.,1.,0.));
#1460=DIRECTION('center_axis',(-1.,0.,0.));
#1461=DIRECTION('ref_axis',(0.,0.,1.));
#1462=DIRECTION('',(0.,0.,1.));
#1463=DIRECTION('',(0.,1.,0.));
#1464=DIRECTION('center_axis',(0.,1.,0.));
#1465=DIRECTION('ref_axis',(0.,0.,-1.));
#1466=DIRECTION('center_axis',(0.,1.,0.));
#1467=DIRECTION('ref_axis',(0.,0.,-1.));
#1468=DIRECTION('center_axis',(0.,1.,0.));
#1469=DIRECTION('ref_axis',(1.,0.,0.));
#1470=DIRECTION('center_axis',(0.,1.,0.));
#1471=DIRECTION('ref_axis',(1.,0.,0.));
#1472=DIRECTION('',(0.,1.,0.));
#1473=DIRECTION('center_axis',(1.,0.,2.72839051061071E-17));
#1474=DIRECTION('ref_axis',(2.72839051061071E-17,0.,-1.));
#1475=DIRECTION('',(2.72839051061071E-17,0.,-1.));
#1476=DIRECTION('',(0.,1.,0.));
#1477=DIRECTION('center_axis',(0.,1.,0.));
#1478=DIRECTION('ref_axis',(-1.33226762955019E-15,0.,1.));
#1479=DIRECTION('center_axis',(0.,1.,0.));
#1480=DIRECTION('ref_axis',(-1.33226762955019E-15,0.,1.));
#1481=DIRECTION('center_axis',(0.,1.,0.));
#1482=DIRECTION('ref_axis',(1.,0.,0.));
#1483=DIRECTION('center_axis',(0.,1.,0.));
#1484=DIRECTION('ref_axis',(0.,0.,1.));
#1485=DIRECTION('',(0.,0.,1.));
#1486=DIRECTION('',(1.,0.,0.));
#1487=DIRECTION('',(0.,0.,-1.));
#1488=DIRECTION('',(-1.,0.,0.));
#1489=DIRECTION('',(0.,0.,-1.));
#1490=DIRECTION('',(1.,0.,0.));
#1491=DIRECTION('',(0.,0.,-1.));
#1492=DIRECTION('center_axis',(1.,0.,0.));
#1493=DIRECTION('ref_axis',(0.,0.,-1.));
#1494=DIRECTION('',(0.,1.,0.));
#1495=DIRECTION('center_axis',(0.,0.,1.));
#1496=DIRECTION('ref_axis',(1.,0.,0.));
#1497=DIRECTION('',(0.,1.,0.));
#1498=DIRECTION('center_axis',(1.,0.,0.));
#1499=DIRECTION('ref_axis',(0.,0.,-1.));
#1500=DIRECTION('',(0.,1.,0.));
#1501=DIRECTION('center_axis',(0.,0.,-1.));
#1502=DIRECTION('ref_axis',(-1.,0.,0.));
#1503=DIRECTION('',(0.,-1.,0.));
#1504=DIRECTION('center_axis',(-1.,0.,0.));
#1505=DIRECTION('ref_axis',(0.,0.,1.));
#1506=DIRECTION('',(0.,1.,0.));
#1507=DIRECTION('center_axis',(0.,0.,1.));
#1508=DIRECTION('ref_axis',(1.,0.,0.));
#1509=DIRECTION('',(0.,1.,0.));
#1510=DIRECTION('center_axis',(-1.,0.,0.));
#1511=DIRECTION('ref_axis',(0.,0.,1.));
#1512=DIRECTION('center_axis',(0.,-1.,-2.22044604925031E-16));
#1513=DIRECTION('ref_axis',(0.707106781186548,0.,-0.707106781186548));
#1514=DIRECTION('center_axis',(0.,-1.,0.));
#1515=DIRECTION('ref_axis',(0.,0.,-1.));
#1516=DIRECTION('',(0.,-1.,-2.22044604925031E-16));
#1517=DIRECTION('center_axis',(0.,1.,0.));
#1518=DIRECTION('ref_axis',(1.,0.,0.));
#1519=DIRECTION('',(0.,1.,2.22044604925031E-16));
#1520=DIRECTION('',(0.,1.,2.22044604925031E-16));
#1521=DIRECTION('',(0.,1.,2.22044604925031E-16));
#1522=DIRECTION('center_axis',(1.,0.,0.));
#1523=DIRECTION('ref_axis',(0.,-1.,0.));
#1524=DIRECTION('center_axis',(0.,-2.22044604925031E-16,1.));
#1525=DIRECTION('ref_axis',(0.707106781186548,-0.707106781186547,-1.57009245868377E-16));
#1526=DIRECTION('center_axis',(0.,2.22044604925031E-16,-1.));
#1527=DIRECTION('ref_axis',(0.707106781186548,-0.707106781186547,-1.38777878078145E-16));
#1528=DIRECTION('center_axis',(-1.,-2.41352831440251E-16,-5.35910941046883E-32));
#1529=DIRECTION('ref_axis',(0.,-0.707106781186542,-0.707106781186553));
#1530=DIRECTION('center_axis',(1.,0.,0.));
#1531=DIRECTION('ref_axis',(0.,-1.,0.));
#1532=DIRECTION('',(1.,2.41352831440251E-16,5.35910941046883E-32));
#1533=DIRECTION('',(1.,4.22942104619107E-16,9.39120125263109E-32));
#1534=DIRECTION('',(1.,2.41352831440251E-16,5.35910941046883E-32));
#1535=DIRECTION('',(-1.,-2.41352831440251E-16,-5.35910941046883E-32));
#1536=DIRECTION('center_axis',(0.,-1.,0.));
#1537=DIRECTION('ref_axis',(-1.,0.,0.));
#1538=DIRECTION('center_axis',(0.,-2.22044604925031E-16,1.));
#1539=DIRECTION('ref_axis',(-0.707106781186548,-0.707106781186547,-1.57009245868377E-16));
#1540=DIRECTION('center_axis',(0.,2.22044604925031E-16,-1.));
#1541=DIRECTION('ref_axis',(-0.707106781186549,-0.707106781186547,-1.38777878078145E-16));
#1542=DIRECTION('center_axis',(0.,1.,2.22044604925031E-16));
#1543=DIRECTION('ref_axis',(-0.707106781186548,0.,-0.707106781186548));
#1544=DIRECTION('center_axis',(0.,-1.,0.));
#1545=DIRECTION('ref_axis',(-1.,0.,0.));
#1546=DIRECTION('',(0.,-1.,-2.22044604925031E-16));
#1547=DIRECTION('',(0.,-1.,-2.22044604925031E-16));
#1548=DIRECTION('',(0.,-1.,-2.22044604925031E-16));
#1549=DIRECTION('',(0.,1.,2.22044604925031E-16));
#1550=DIRECTION('center_axis',(-1.,0.,0.));
#1551=DIRECTION('ref_axis',(0.,1.,0.));
#1552=DIRECTION('center_axis',(0.,-2.22044604925031E-16,1.));
#1553=DIRECTION('ref_axis',(-0.70710678118655,0.707106781186545,1.57009245868377E-16));
#1554=DIRECTION('center_axis',(0.,2.22044604925031E-16,-1.));
#1555=DIRECTION('ref_axis',(-0.70710678118655,0.707106781186545,1.38777878078145E-16));
#1556=DIRECTION('center_axis',(1.,0.,0.));
#1557=DIRECTION('ref_axis',(0.,0.707106781186543,-0.707106781186552));
#1558=DIRECTION('center_axis',(-1.,0.,0.));
#1559=DIRECTION('ref_axis',(0.,1.,0.));
#1560=DIRECTION('',(-1.,0.,0.));
#1561=DIRECTION('',(-1.,0.,0.));
#1562=DIRECTION('',(-1.,0.,0.));
#1563=DIRECTION('',(1.,0.,0.));
#1564=DIRECTION('center_axis',(0.,-2.22044604925031E-16,1.));
#1565=DIRECTION('ref_axis',(0.707106781186548,0.707106781186547,1.57009245868377E-16));
#1566=DIRECTION('center_axis',(0.,2.22044604925031E-16,-1.));
#1567=DIRECTION('ref_axis',(0.707106781186548,0.707106781186547,1.38777878078145E-16));
#1568=DIRECTION('center_axis',(0.,2.22044604925031E-16,-1.));
#1569=DIRECTION('ref_axis',(0.,-1.,-2.22044604925031E-16));
#1570=DIRECTION('',(0.,2.22044604925031E-16,-1.));
#1571=DIRECTION('center_axis',(0.,2.22044604925031E-16,-1.));
#1572=DIRECTION('ref_axis',(0.,-1.,-2.22044604925031E-16));
#1573=DIRECTION('',(0.,2.22044604925031E-16,-1.));
#1574=DIRECTION('center_axis',(2.41352831440251E-16,-1.,-2.22044604925031E-16));
#1575=DIRECTION('ref_axis',(-1.,-2.41352831440251E-16,-5.35910941046883E-32));
#1576=DIRECTION('',(0.,2.22044604925031E-16,-1.));
#1577=DIRECTION('',(-1.,-2.41352831440251E-16,-5.35910941046883E-32));
#1578=DIRECTION('center_axis',(0.,2.22044604925031E-16,-1.));
#1579=DIRECTION('ref_axis',(1.,1.11022302462516E-15,2.46519032881567E-31));
#1580=DIRECTION('',(0.,2.22044604925031E-16,-1.));
#1581=DIRECTION('center_axis',(0.,2.22044604925031E-16,-1.));
#1582=DIRECTION('ref_axis',(1.,1.11022302462516E-15,2.46519032881567E-31));
#1583=DIRECTION('center_axis',(1.,0.,0.));
#1584=DIRECTION('ref_axis',(0.,-1.,-2.22044604925031E-16));
#1585=DIRECTION('',(0.,2.22044604925031E-16,-1.));
#1586=DIRECTION('',(0.,-1.,-2.22044604925031E-16));
#1587=DIRECTION('center_axis',(0.,2.22044604925031E-16,-1.));
#1588=DIRECTION('ref_axis',(1.,0.,0.));
#1589=DIRECTION('center_axis',(0.,-2.22044604925031E-16,1.));
#1590=DIRECTION('ref_axis',(0.,-1.,-2.22044604925031E-16));
#1591=DIRECTION('center_axis',(0.,2.22044604925031E-16,-1.));
#1592=DIRECTION('ref_axis',(1.,0.,0.));
#1593=DIRECTION('center_axis',(0.,-2.22044604925031E-16,1.));
#1594=DIRECTION('ref_axis',(-1.,-5.68989300120395E-15,-1.26341004351803E-30));
#1595=DIRECTION('center_axis',(0.,2.22044604925031E-16,-1.));
#1596=DIRECTION('ref_axis',(1.,0.,0.));
#1597=DIRECTION('center_axis',(0.,-2.22044604925031E-16,1.));
#1598=DIRECTION('ref_axis',(0.,1.,2.22044604925031E-16));
#1599=DIRECTION('center_axis',(0.,-1.,-2.22044604925031E-16));
#1600=DIRECTION('ref_axis',(-1.,0.,0.));
#1601=DIRECTION('',(-1.,0.,0.));
#1602=DIRECTION('',(0.,2.22044604925031E-16,-1.));
#1603=DIRECTION('',(0.,2.22044604925031E-16,-1.));
#1604=DIRECTION('center_axis',(0.,2.22044604925031E-16,-1.));
#1605=DIRECTION('ref_axis',(0.,1.,2.22044604925031E-16));
#1606=DIRECTION('center_axis',(0.,-2.22044604925031E-16,1.));
#1607=DIRECTION('ref_axis',(0.,1.,2.22044604925031E-16));
#1608=DIRECTION('',(0.,2.22044604925031E-16,-1.));
#1609=DIRECTION('center_axis',(-1.,0.,0.));
#1610=DIRECTION('ref_axis',(0.,1.,2.22044604925031E-16));
#1611=DIRECTION('',(0.,1.,2.22044604925031E-16));
#1612=DIRECTION('',(0.,2.22044604925031E-16,-1.));
#1613=DIRECTION('center_axis',(0.,2.22044604925031E-16,-1.));
#1614=DIRECTION('ref_axis',(1.,1.11022302462516E-15,2.46519032881567E-31));
#1615=DIRECTION('center_axis',(0.,-2.22044604925031E-16,1.));
#1616=DIRECTION('ref_axis',(1.,1.11022302462516E-15,2.46519032881567E-31));
#1617=DIRECTION('center_axis',(0.,-2.22044604925031E-16,1.));
#1618=DIRECTION('ref_axis',(1.,1.11022302462516E-15,2.46519032881567E-31));
#1619=DIRECTION('',(0.,2.22044604925031E-16,-1.));
#1620=DIRECTION('center_axis',(-4.22942104619107E-16,1.,2.22044604925031E-16));
#1621=DIRECTION('ref_axis',(1.,4.22942104619107E-16,9.39120125263109E-32));
#1622=DIRECTION('',(1.,4.22942104619107E-16,9.39120125263109E-32));
#1623=DIRECTION('',(0.,2.22044604925031E-16,-1.));
#1624=DIRECTION('center_axis',(0.,2.22044604925031E-16,-1.));
#1625=DIRECTION('ref_axis',(0.,-1.,-2.22044604925031E-16));
#1626=DIRECTION('center_axis',(0.,-2.22044604925031E-16,1.));
#1627=DIRECTION('ref_axis',(0.,-1.,-2.22044604925031E-16));
#1628=DIRECTION('',(0.,2.22044604925031E-16,-1.));
#1629=DIRECTION('center_axis',(1.,0.,0.));
#1630=DIRECTION('ref_axis',(0.,-1.,-2.22044604925031E-16));
#1631=DIRECTION('',(0.,-1.,-2.22044604925031E-16));
#1632=DIRECTION('',(0.,2.22044604925031E-16,-1.));
#1633=DIRECTION('center_axis',(0.,2.22044604925031E-16,-1.));
#1634=DIRECTION('ref_axis',(-1.,-5.68989300120395E-15,-1.26341004351803E-30));
#1635=DIRECTION('center_axis',(0.,-2.22044604925031E-16,1.));
#1636=DIRECTION('ref_axis',(-1.,-5.68989300120395E-15,-1.26341004351803E-30));
#1637=DIRECTION('center_axis',(0.,2.22044604925031E-16,-1.));
#1638=DIRECTION('ref_axis',(0.,1.,2.22044604925031E-16));
#1639=DIRECTION('',(0.,2.22044604925031E-16,-1.));
#1640=DIRECTION('center_axis',(0.,2.22044604925031E-16,-1.));
#1641=DIRECTION('ref_axis',(0.,1.,2.22044604925031E-16));
#1642=DIRECTION('center_axis',(0.,1.,2.22044604925031E-16));
#1643=DIRECTION('ref_axis',(1.,0.,0.));
#1644=DIRECTION('',(0.,2.22044604925031E-16,-1.));
#1645=DIRECTION('',(1.,0.,0.));
#1646=DIRECTION('center_axis',(0.,2.22044604925031E-16,-1.));
#1647=DIRECTION('ref_axis',(-1.,-5.68989300120395E-15,-1.26341004351803E-30));
#1648=DIRECTION('',(0.,2.22044604925031E-16,-1.));
#1649=DIRECTION('center_axis',(0.,2.22044604925031E-16,-1.));
#1650=DIRECTION('ref_axis',(-1.,-5.68989300120395E-15,-1.26341004351803E-30));
#1651=DIRECTION('center_axis',(-1.,0.,0.));
#1652=DIRECTION('ref_axis',(0.,1.,2.22044604925031E-16));
#1653=DIRECTION('',(0.,1.,2.22044604925031E-16));
#1654=DIRECTION('center_axis',(0.,2.22044604925031E-16,-1.));
#1655=DIRECTION('ref_axis',(1.,0.,0.));
#1656=DIRECTION('center_axis',(0.,2.22044604925031E-16,-1.));
#1657=DIRECTION('ref_axis',(1.,0.,0.));
#1658=CARTESIAN_POINT('',(0.,0.,0.));
#1659=CARTESIAN_POINT('Origin',(-151.000000521541,4.50000000000001,-158.878125));
#1660=CARTESIAN_POINT('',(-151.000000521541,3.00000000000001,-176.8375));
#1661=CARTESIAN_POINT('',(-149.500000521541,4.50000000000001,-176.8375));
#1662=CARTESIAN_POINT('Origin',(-151.000000521541,4.50000000000001,-176.8375));
#1663=CARTESIAN_POINT('',(-149.500000521541,4.50000000000001,-186.383));
#1664=CARTESIAN_POINT('',(-149.500000521541,4.50000000000001,-158.878125));
#1665=CARTESIAN_POINT('',(-151.000000521541,3.00000007450581,-186.383));
#1666=CARTESIAN_POINT('Origin',(-151.000000521541,4.50000000000001,-186.383));
#1667=CARTESIAN_POINT('',(-151.000000521541,3.00000000000001,-158.878125));
#1668=CARTESIAN_POINT('Origin',(-149.500000521541,11.5000001713634,-176.8375));
#1669=CARTESIAN_POINT('',(-149.500000521541,10.5000001713634,-176.8375));
#1670=CARTESIAN_POINT('',(-149.500000521541,5.75000008568168,-176.8375));
#1671=CARTESIAN_POINT('',(-149.500000521541,10.5000001713634,-186.383));
#1672=CARTESIAN_POINT('',(-149.500000521541,10.5000001713634,-176.8375));
#1673=CARTESIAN_POINT('',(-149.500000521541,5.75000008568168,-186.383));
#1674=CARTESIAN_POINT('Origin',(-174.00000089407,10.5000001713634,-176.8375));
#1675=CARTESIAN_POINT('',(-174.00000089407,12.0000001713634,-176.8375));
#1676=CARTESIAN_POINT('',(-175.50000089407,10.5000001713634,-176.8375));
#1677=CARTESIAN_POINT('Origin',(-174.00000089407,10.5000001713634,-176.8375));
#1678=CARTESIAN_POINT('',(-175.50000089407,10.5000001713634,-186.383));
#1679=CARTESIAN_POINT('',(-175.50000089407,10.5000001713634,-176.8375));
#1680=CARTESIAN_POINT('',(-174.00000089407,12.0000001713634,-186.383));
#1681=CARTESIAN_POINT('Origin',(-174.00000089407,10.5000001713634,-186.383));
#1682=CARTESIAN_POINT('',(-174.00000089407,12.0000001713634,-176.8375));
#1683=CARTESIAN_POINT('Origin',(-175.50000089407,5.00000007450581,-176.8375));
#1684=CARTESIAN_POINT('',(-175.50000089407,4.50000000000001,-176.8375));
#1685=CARTESIAN_POINT('',(-175.50000089407,2.5000000372529,-176.8375));
#1686=CARTESIAN_POINT('',(-175.50000089407,4.50000000000001,-186.383));
#1687=CARTESIAN_POINT('',(-175.50000089407,4.50000000000001,-158.878125));
#1688=CARTESIAN_POINT('',(-175.50000089407,2.5000000372529,-186.383));
#1689=CARTESIAN_POINT('Origin',(-174.00000089407,4.50000000000001,-158.878125));
#1690=CARTESIAN_POINT('',(-174.00000089407,3.00000000000001,-176.8375));
#1691=CARTESIAN_POINT('Origin',(-174.00000089407,4.50000000000001,-176.8375));
#1692=CARTESIAN_POINT('',(-174.00000089407,3.00000007450581,-186.383));
#1693=CARTESIAN_POINT('',(-174.00000089407,3.00000000000001,-158.878125));
#1694=CARTESIAN_POINT('Origin',(-174.00000089407,4.50000000000001,-186.383));
#1695=CARTESIAN_POINT('Origin',(-162.825,3.00000000000001,-140.91875));
#1696=CARTESIAN_POINT('',(-136.250000353903,3.00000007450581,-186.383));
#1697=CARTESIAN_POINT('',(-178.65,3.00000000000001,-176.8375));
#1698=CARTESIAN_POINT('',(-210.65,3.00000000000001,-176.8375));
#1699=CARTESIAN_POINT('',(-178.65,3.00000000000001,-171.8375));
#1700=CARTESIAN_POINT('',(-178.65,3.00000000000001,-176.8375));
#1701=CARTESIAN_POINT('',(-205.65,3.00000000000001,-171.8375));
#1702=CARTESIAN_POINT('',(-178.65,3.00000000000001,-171.8375));
#1703=CARTESIAN_POINT('',(-205.65,3.00000000000001,-109.9995));
#1704=CARTESIAN_POINT('',(-205.65,3.00000000000001,-109.9995));
#1705=CARTESIAN_POINT('',(-119.4,3.00000000000001,-109.9995));
#1706=CARTESIAN_POINT('',(-210.65,3.00000000000001,-109.9995));
#1707=CARTESIAN_POINT('',(-119.4,3.00000000000001,-171.8375));
#1708=CARTESIAN_POINT('',(-119.4,3.00000000000001,-156.378));
#1709=CARTESIAN_POINT('',(-147.4,3.00000000000001,-171.8375));
#1710=CARTESIAN_POINT('',(-147.4,3.00000000000001,-171.8375));
#1711=CARTESIAN_POINT('',(-147.4,3.00000000000001,-176.8375));
#1712=CARTESIAN_POINT('',(-147.4,3.00000000000001,-176.8375));
#1713=CARTESIAN_POINT('',(-210.65,3.00000000000001,-176.8375));
#1714=CARTESIAN_POINT('',(-162.825,3.00000000000001,-145.91875));
#1715=CARTESIAN_POINT('Origin',(-162.825,3.00000000000001,-140.91875));
#1716=CARTESIAN_POINT('Origin',(-151.000000521541,10.5000001713634,-176.8375));
#1717=CARTESIAN_POINT('',(-151.000000521541,12.0000001713634,-176.8375));
#1718=CARTESIAN_POINT('Origin',(-151.000000521541,10.5000001713634,-176.8375));
#1719=CARTESIAN_POINT('',(-151.000000521541,12.0000001713634,-186.383));
#1720=CARTESIAN_POINT('',(-151.000000521541,12.0000001713634,-176.8375));
#1721=CARTESIAN_POINT('Origin',(-151.000000521541,10.5000001713634,-186.383));
#1722=CARTESIAN_POINT('Origin',(-175.00000089407,12.0000001713634,-176.8375));
#1723=CARTESIAN_POINT('',(-142.500000447035,12.0000001713634,-186.383));
#1724=CARTESIAN_POINT('',(-192.825000447035,12.0000001713634,-176.8375));
#1725=CARTESIAN_POINT('Origin',(-110.,0.,-186.383));
#1726=CARTESIAN_POINT('',(-215.65,0.,-186.383));
#1727=CARTESIAN_POINT('',(-110.,0.,-186.383));
#1728=CARTESIAN_POINT('',(-215.65,0.,-186.383));
#1729=CARTESIAN_POINT('',(-215.65,13.,-186.383));
#1730=CARTESIAN_POINT('',(-215.65,0.,-186.383));
#1731=CARTESIAN_POINT('',(-110.,13.,-186.383));
#1732=CARTESIAN_POINT('',(-215.65,13.,-186.383));
#1733=CARTESIAN_POINT('',(-110.,0.,-186.383));
#1734=CARTESIAN_POINT('Origin',(-215.65,0.,-99.9999999999999));
#1735=CARTESIAN_POINT('',(-110.,0.,-94.9999999999999));
#1736=CARTESIAN_POINT('',(-105.,0.,-99.9999999999999));
#1737=CARTESIAN_POINT('Origin',(-110.,0.,-99.9999999999999));
#1738=CARTESIAN_POINT('',(-215.65,0.,-94.9999999999999));
#1739=CARTESIAN_POINT('',(-110.,0.,-94.9999999999999));
#1740=CARTESIAN_POINT('',(-220.65,0.,-99.9999999999999));
#1741=CARTESIAN_POINT('Origin',(-215.65,0.,-99.9999999999999));
#1742=CARTESIAN_POINT('',(-220.65,0.,-181.383));
#1743=CARTESIAN_POINT('',(-220.65,0.,-99.9999999999999));
#1744=CARTESIAN_POINT('Origin',(-215.65,0.,-181.383));
#1745=CARTESIAN_POINT('',(-105.,0.,-181.383));
#1746=CARTESIAN_POINT('Origin',(-110.,0.,-181.383));
#1747=CARTESIAN_POINT('',(-105.,0.,-181.383));
#1748=CARTESIAN_POINT('',(-112.5,0.,-99.9999999999999));
#1749=CARTESIAN_POINT('Origin',(-110.,0.,-99.9999999999999));
#1750=CARTESIAN_POINT('',(-217.500001490116,0.,-180.000001117587));
#1751=CARTESIAN_POINT('Origin',(-215.000001490116,0.,-180.000001117587));
#1752=CARTESIAN_POINT('',(-162.825,0.,-145.91875));
#1753=CARTESIAN_POINT('Origin',(-162.825,0.,-140.91875));
#1754=CARTESIAN_POINT('',(-112.5,0.,-181.383));
#1755=CARTESIAN_POINT('Origin',(-110.,0.,-181.383));
#1756=CARTESIAN_POINT('',(-218.15,0.,-99.9999999999999));
#1757=CARTESIAN_POINT('Origin',(-215.65,0.,-99.9999999999999));
#1758=CARTESIAN_POINT('Origin',(-162.825,-14.5,-140.91875));
#1759=CARTESIAN_POINT('',(-162.825,-14.5,-145.91875));
#1760=CARTESIAN_POINT('Origin',(-210.65,0.,-105.));
#1761=CARTESIAN_POINT('',(-210.65,8.00000000000001,-176.8375));
#1762=CARTESIAN_POINT('',(-210.65,8.00000000000001,-105.));
#1763=CARTESIAN_POINT('',(-210.65,8.00000000000001,-176.8375));
#1764=CARTESIAN_POINT('',(-210.65,13.,-176.8375));
#1765=CARTESIAN_POINT('',(-210.65,0.,-176.8375));
#1766=CARTESIAN_POINT('',(-210.65,13.,-105.));
#1767=CARTESIAN_POINT('',(-210.65,13.,-105.));
#1768=CARTESIAN_POINT('',(-210.65,0.,-105.));
#1769=CARTESIAN_POINT('Origin',(-210.65,0.,-176.8375));
#1770=CARTESIAN_POINT('',(-147.4,8.00000000000001,-176.8375));
#1771=CARTESIAN_POINT('',(-147.4,3.00000000000001,-176.8375));
#1772=CARTESIAN_POINT('',(-115.,8.00000000000001,-176.8375));
#1773=CARTESIAN_POINT('',(-120.4,8.00000000000001,-176.8375));
#1774=CARTESIAN_POINT('',(-115.,13.,-176.8375));
#1775=CARTESIAN_POINT('',(-115.,0.,-176.8375));
#1776=CARTESIAN_POINT('',(-210.65,13.,-176.8375));
#1777=CARTESIAN_POINT('',(-178.65,8.00000000000001,-176.8375));
#1778=CARTESIAN_POINT('',(-205.65,8.00000000000001,-176.8375));
#1779=CARTESIAN_POINT('',(-178.65,3.00000000000001,-176.8375));
#1780=CARTESIAN_POINT('Origin',(-215.65,0.,-99.9999999999999));
#1781=CARTESIAN_POINT('',(-218.15,13.,-99.9999999999999));
#1782=CARTESIAN_POINT('Origin',(-215.65,13.,-99.9999999999999));
#1783=CARTESIAN_POINT('',(-218.15,0.,-99.9999999999999));
#1784=CARTESIAN_POINT('Origin',(-215.000001490116,0.,-180.000001117587));
#1785=CARTESIAN_POINT('',(-217.500001490116,13.,-180.000001117587));
#1786=CARTESIAN_POINT('Origin',(-215.000001490116,13.,-180.000001117587));
#1787=CARTESIAN_POINT('',(-217.500001490116,0.,-180.000001117587));
#1788=CARTESIAN_POINT('Origin',(-110.,0.,-181.383));
#1789=CARTESIAN_POINT('',(-112.5,13.,-181.383));
#1790=CARTESIAN_POINT('Origin',(-110.,13.,-181.383));
#1791=CARTESIAN_POINT('',(-112.5,0.,-181.383));
#1792=CARTESIAN_POINT('Origin',(-110.,0.,-99.9999999999999));
#1793=CARTESIAN_POINT('',(-112.5,13.,-99.9999999999999));
#1794=CARTESIAN_POINT('Origin',(-110.,13.,-99.9999999999999));
#1795=CARTESIAN_POINT('',(-112.5,0.,-99.9999999999999));
#1796=CARTESIAN_POINT('Origin',(-115.,0.,-105.));
#1797=CARTESIAN_POINT('',(-115.,8.00000000000001,-105.));
#1798=CARTESIAN_POINT('',(-139.0125,8.00000000000001,-105.));
#1799=CARTESIAN_POINT('',(-115.,13.,-105.));
#1800=CARTESIAN_POINT('',(-115.,13.,-105.));
#1801=CARTESIAN_POINT('',(-115.,0.,-105.));
#1802=CARTESIAN_POINT('Origin',(-115.,0.,-176.8375));
#1803=CARTESIAN_POINT('',(-115.,8.00000000000001,-158.878));
#1804=CARTESIAN_POINT('',(-115.,13.,-176.8375));
#1805=CARTESIAN_POINT('Origin',(-215.65,0.,-94.9999999999999));
#1806=CARTESIAN_POINT('',(-110.,13.,-94.9999999999999));
#1807=CARTESIAN_POINT('',(-110.,0.,-94.9999999999999));
#1808=CARTESIAN_POINT('',(-215.65,13.,-94.9999999999999));
#1809=CARTESIAN_POINT('',(-110.,13.,-94.9999999999999));
#1810=CARTESIAN_POINT('',(-215.65,0.,-94.9999999999999));
#1811=CARTESIAN_POINT('Origin',(-215.65,0.,-99.9999999999999));
#1812=CARTESIAN_POINT('',(-220.65,13.,-99.9999999999999));
#1813=CARTESIAN_POINT('Origin',(-215.65,13.,-99.9999999999999));
#1814=CARTESIAN_POINT('',(-220.65,0.,-99.9999999999999));
#1815=CARTESIAN_POINT('Origin',(-220.65,0.,-181.383));
#1816=CARTESIAN_POINT('',(-220.65,13.,-181.383));
#1817=CARTESIAN_POINT('',(-220.65,13.,-99.9999999999999));
#1818=CARTESIAN_POINT('',(-220.65,0.,-181.383));
#1819=CARTESIAN_POINT('Origin',(-215.65,0.,-181.383));
#1820=CARTESIAN_POINT('Origin',(-215.65,13.,-181.383));
#1821=CARTESIAN_POINT('Origin',(-110.,0.,-181.383));
#1822=CARTESIAN_POINT('',(-105.,13.,-181.383));
#1823=CARTESIAN_POINT('Origin',(-110.,13.,-181.383));
#1824=CARTESIAN_POINT('',(-105.,0.,-181.383));
#1825=CARTESIAN_POINT('Origin',(-105.,0.,-99.9999999999999));
#1826=CARTESIAN_POINT('',(-105.,13.,-99.9999999999999));
#1827=CARTESIAN_POINT('',(-105.,13.,-181.383));
#1828=CARTESIAN_POINT('',(-105.,0.,-99.9999999999999));
#1829=CARTESIAN_POINT('Origin',(-110.,0.,-99.9999999999999));
#1830=CARTESIAN_POINT('Origin',(-110.,13.,-99.9999999999999));
#1831=CARTESIAN_POINT('Origin',(-162.825,13.,-140.6915));
#1832=CARTESIAN_POINT('Origin',(-163.025,8.00000000000001,-140.9185));
#1833=CARTESIAN_POINT('',(-147.4,8.00000000000001,-171.8375));
#1834=CARTESIAN_POINT('',(-147.4,8.00000000000001,-176.8375));
#1835=CARTESIAN_POINT('',(-119.4,8.00000000000001,-171.8375));
#1836=CARTESIAN_POINT('',(-147.4,8.00000000000001,-171.8375));
#1837=CARTESIAN_POINT('',(-119.4,8.00000000000001,-109.9995));
#1838=CARTESIAN_POINT('',(-119.4,8.00000000000001,-156.378));
#1839=CARTESIAN_POINT('',(-205.65,8.00000000000001,-109.9995));
#1840=CARTESIAN_POINT('',(-210.65,8.00000000000001,-109.9995));
#1841=CARTESIAN_POINT('',(-205.65,8.00000000000001,-171.8375));
#1842=CARTESIAN_POINT('',(-205.65,8.00000000000001,-109.9995));
#1843=CARTESIAN_POINT('',(-178.65,8.00000000000001,-171.8375));
#1844=CARTESIAN_POINT('',(-178.65,8.00000000000001,-171.8375));
#1845=CARTESIAN_POINT('',(-178.65,8.00000000000001,-176.8375));
#1846=CARTESIAN_POINT('Origin',(-178.65,3.00000000000001,-171.8375));
#1847=CARTESIAN_POINT('',(-178.65,3.00000000000001,-171.8375));
#1848=CARTESIAN_POINT('Origin',(-205.65,3.00000000000001,-171.8375));
#1849=CARTESIAN_POINT('',(-205.65,3.00000000000001,-171.8375));
#1850=CARTESIAN_POINT('Origin',(-205.65,3.00000000000001,-109.9995));
#1851=CARTESIAN_POINT('',(-205.65,3.00000000000001,-109.9995));
#1852=CARTESIAN_POINT('Origin',(-120.4,3.00000000000001,-109.9995));
#1853=CARTESIAN_POINT('',(-119.4,3.00000000000001,-109.9995));
#1854=CARTESIAN_POINT('Origin',(-119.4,3.00000000000001,-171.8375));
#1855=CARTESIAN_POINT('',(-119.4,3.00000000000001,-171.8375));
#1856=CARTESIAN_POINT('Origin',(-147.4,3.00000000000001,-171.8375));
#1857=CARTESIAN_POINT('',(-147.4,3.00000000000001,-171.8375));
#1858=CARTESIAN_POINT('Origin',(-147.4,3.00000000000001,-176.8375));
#1859=CARTESIAN_POINT('Origin',(-150.003149621203,9.06939763340786,-186.436048570363));
#1860=CARTESIAN_POINT('',(-150.003149621203,10.6943976334079,-187.436048570363));
#1861=CARTESIAN_POINT('',(-149.003149621203,10.6943976334079,-186.436048570363));
#1862=CARTESIAN_POINT('Origin',(-150.003149621203,10.6943976334079,-186.436048570363));
#1863=CARTESIAN_POINT('',(-149.003149621203,4.19439763340784,-186.436048570363));
#1864=CARTESIAN_POINT('',(-149.003149621203,9.06939763340786,-186.436048570363));
#1865=CARTESIAN_POINT('',(-150.003149621203,4.19439763340784,-187.436048570363));
#1866=CARTESIAN_POINT('Origin',(-150.003149621203,4.19439763340784,-186.436048570363));
#1867=CARTESIAN_POINT('',(-150.003152243808,5.1943976185067,-187.436048570363));
#1868=CARTESIAN_POINT('',(-150.003149621203,9.06939763340786,-187.436048570363));
#1869=CARTESIAN_POINT('',(-150.003152243808,9.6943976185067,-187.436048570363));
#1870=CARTESIAN_POINT('',(-150.003152243808,5.1943976185067,-187.436048570363));
#1871=CARTESIAN_POINT('',(-150.003149621203,9.06939763340786,-187.436048570363));
#1872=CARTESIAN_POINT('Ctrl Pts',(-149.003149621203,4.19439763340784,-186.436048570363));
#1873=CARTESIAN_POINT('Ctrl Pts',(-149.003149621203,2.19439763340785,-186.436048570363));
#1874=CARTESIAN_POINT('Ctrl Pts',(-151.003149621203,2.19439763340785,-186.436048570363));
#1875=CARTESIAN_POINT('Ctrl Pts',(-149.003149621203,4.19439763340784,-187.436048570363));
#1876=CARTESIAN_POINT('Ctrl Pts',(-149.003149621203,2.19439763340785,-187.436048570363));
#1877=CARTESIAN_POINT('Ctrl Pts',(-151.003149621203,2.19439763340785,-187.436048570363));
#1878=CARTESIAN_POINT('Ctrl Pts',(-150.003149621203,4.19439763340784,-187.436048570363));
#1879=CARTESIAN_POINT('Ctrl Pts',(-150.003149621203,3.19439763340784,-187.436048570363));
#1880=CARTESIAN_POINT('Ctrl Pts',(-151.003149621203,3.19439763340784,-187.436048570363));
#1881=CARTESIAN_POINT('',(-151.003149621203,2.19439763340784,-186.436048570363));
#1882=CARTESIAN_POINT('',(-151.003149621203,3.19439763340784,-187.436048570363));
#1883=CARTESIAN_POINT('Origin',(-151.003149621203,3.19439763340784,-186.436048570363));
#1884=CARTESIAN_POINT('Origin',(-151.003149621203,4.19439763340784,-187.436048570363));
#1885=CARTESIAN_POINT('Origin',(-151.003149621203,4.19439763340784,-186.436048570363));
#1886=CARTESIAN_POINT('Origin',(-156.753149621203,3.19439763340784,-186.436048570363));
#1887=CARTESIAN_POINT('',(-174.003149621203,2.19439763340784,-186.436048570363));
#1888=CARTESIAN_POINT('',(-174.003149621203,3.19439763340784,-187.436048570363));
#1889=CARTESIAN_POINT('Origin',(-174.003149621203,3.19439763340784,-186.436048570363));
#1890=CARTESIAN_POINT('',(-173.003152243808,3.19439761850667,-187.436048570363));
#1891=CARTESIAN_POINT('',(-156.753149621203,3.19439763340784,-187.436048570363));
#1892=CARTESIAN_POINT('',(-152.003152243808,3.19439761850671,-187.436048570363));
#1893=CARTESIAN_POINT('',(-173.003152243808,3.19439761850667,-187.436048570363));
#1894=CARTESIAN_POINT('',(-156.753149621203,3.19439763340784,-187.436048570363));
#1895=CARTESIAN_POINT('',(-156.753149621203,2.19439763340784,-186.436048570363));
#1896=CARTESIAN_POINT('Ctrl Pts',(-174.003149621203,2.19439763340785,-186.436048570363));
#1897=CARTESIAN_POINT('Ctrl Pts',(-176.003149621203,2.19439763340785,-186.436048570363));
#1898=CARTESIAN_POINT('Ctrl Pts',(-176.003149621203,4.19439763340784,-186.436048570363));
#1899=CARTESIAN_POINT('Ctrl Pts',(-174.003149621203,2.19439763340785,-187.436048570363));
#1900=CARTESIAN_POINT('Ctrl Pts',(-176.003149621203,2.19439763340785,-187.436048570363));
#1901=CARTESIAN_POINT('Ctrl Pts',(-176.003149621203,4.19439763340784,-187.436048570363));
#1902=CARTESIAN_POINT('Ctrl Pts',(-174.003149621203,3.19439763340786,-187.436048570363));
#1903=CARTESIAN_POINT('Ctrl Pts',(-175.003149621203,3.19439763340786,-187.436048570363));
#1904=CARTESIAN_POINT('Ctrl Pts',(-175.003149621203,4.19439763340784,-187.436048570363));
#1905=CARTESIAN_POINT('',(-176.003149621203,4.19439763340784,-186.436048570363));
#1906=CARTESIAN_POINT('',(-175.003149621203,4.19439763340784,-187.436048570363));
#1907=CARTESIAN_POINT('Origin',(-175.003149621203,4.19439763340784,-186.436048570363));
#1908=CARTESIAN_POINT('Origin',(-174.003149621203,4.19439763340784,-187.436048570363));
#1909=CARTESIAN_POINT('Origin',(-174.003149621203,4.19439763340784,-186.436048570363));
#1910=CARTESIAN_POINT('Origin',(-175.003149621203,5.81939763340785,-186.436048570363));
#1911=CARTESIAN_POINT('',(-176.003149621203,10.6943976334079,-186.436048570363));
#1912=CARTESIAN_POINT('',(-175.003149621203,10.6943976334079,-187.436048570363));
#1913=CARTESIAN_POINT('Origin',(-175.003149621203,10.6943976334079,-186.436048570363));
#1914=CARTESIAN_POINT('',(-175.003152243808,9.6943976185067,-187.436048570363));
#1915=CARTESIAN_POINT('',(-175.003149621203,5.81939763340785,-187.436048570363));
#1916=CARTESIAN_POINT('',(-175.003152243808,5.1943976185067,-187.436048570363));
#1917=CARTESIAN_POINT('',(-175.003152243808,9.6943976185067,-187.436048570363));
#1918=CARTESIAN_POINT('',(-175.003149621203,5.81939763340785,-187.436048570363));
#1919=CARTESIAN_POINT('',(-176.003149621203,5.81939763340785,-186.436048570363));
#1920=CARTESIAN_POINT('Ctrl Pts',(-176.003149621203,10.6943976334079,-186.436048570363));
#1921=CARTESIAN_POINT('Ctrl Pts',(-176.003149621203,12.6943976334079,-186.436048570363));
#1922=CARTESIAN_POINT('Ctrl Pts',(-174.003149621203,12.6943976334079,-186.436048570363));
#1923=CARTESIAN_POINT('Ctrl Pts',(-176.003149621203,10.6943976334079,-187.436048570363));
#1924=CARTESIAN_POINT('Ctrl Pts',(-176.003149621203,12.6943976334079,-187.436048570363));
#1925=CARTESIAN_POINT('Ctrl Pts',(-174.003149621203,12.6943976334079,-187.436048570363));
#1926=CARTESIAN_POINT('Ctrl Pts',(-175.003149621203,10.6943976334079,-187.436048570363));
#1927=CARTESIAN_POINT('Ctrl Pts',(-175.003149621203,11.6943976334078,-187.436048570363));
#1928=CARTESIAN_POINT('Ctrl Pts',(-174.003149621203,11.6943976334078,-187.436048570363));
#1929=CARTESIAN_POINT('',(-174.003149621203,12.6943976334079,-186.436048570363));
#1930=CARTESIAN_POINT('',(-174.003149621203,11.6943976334079,-187.436048570363));
#1931=CARTESIAN_POINT('Origin',(-174.003149621203,11.6943976334079,-186.436048570363));
#1932=CARTESIAN_POINT('Origin',(-174.003149621203,10.6943976334079,-187.436048570363));
#1933=CARTESIAN_POINT('Origin',(-174.003149621203,10.6943976334079,-186.436048570363));
#1934=CARTESIAN_POINT('Origin',(-168.253149621203,11.6943976334079,-186.436048570363));
#1935=CARTESIAN_POINT('',(-151.003149621203,12.6943976334079,-186.436048570363));
#1936=CARTESIAN_POINT('',(-151.003149621203,11.6943976334079,-187.436048570363));
#1937=CARTESIAN_POINT('Origin',(-151.003149621203,11.6943976334079,-186.436048570363));
#1938=CARTESIAN_POINT('',(-152.003152243808,11.6943976185067,-187.436048570363));
#1939=CARTESIAN_POINT('',(-168.253149621203,11.6943976334079,-187.436048570363));
#1940=CARTESIAN_POINT('',(-173.003152243808,11.6943976185067,-187.436048570363));
#1941=CARTESIAN_POINT('',(-152.003152243808,11.6943976185067,-187.436048570363));
#1942=CARTESIAN_POINT('',(-168.253149621203,11.6943976334079,-187.436048570363));
#1943=CARTESIAN_POINT('',(-168.253149621203,12.6943976334079,-186.436048570363));
#1944=CARTESIAN_POINT('Ctrl Pts',(-151.003149621203,12.6943976334079,-186.436048570363));
#1945=CARTESIAN_POINT('Ctrl Pts',(-149.003149621203,12.6943976334079,-186.436048570363));
#1946=CARTESIAN_POINT('Ctrl Pts',(-149.003149621203,10.6943976334079,-186.436048570363));
#1947=CARTESIAN_POINT('Ctrl Pts',(-151.003149621203,12.6943976334079,-187.436048570363));
#1948=CARTESIAN_POINT('Ctrl Pts',(-149.003149621203,12.6943976334079,-187.436048570363));
#1949=CARTESIAN_POINT('Ctrl Pts',(-149.003149621203,10.6943976334079,-187.436048570363));
#1950=CARTESIAN_POINT('Ctrl Pts',(-151.003149621203,11.6943976334079,-187.436048570363));
#1951=CARTESIAN_POINT('Ctrl Pts',(-150.003149621203,11.6943976334079,-187.436048570363));
#1952=CARTESIAN_POINT('Ctrl Pts',(-150.003149621203,10.6943976334079,-187.436048570363));
#1953=CARTESIAN_POINT('Origin',(-151.003149621203,10.6943976334079,-187.436048570363));
#1954=CARTESIAN_POINT('Origin',(-151.003149621203,10.6943976334079,-186.436048570363));
#1955=CARTESIAN_POINT('Origin',(-174.003149621203,4.19439763340784,-177.436048570363));
#1956=CARTESIAN_POINT('',(-174.003149621203,2.19439763340784,-176.436048570363));
#1957=CARTESIAN_POINT('',(-174.003149621203,2.19439763340784,-177.436048570363));
#1958=CARTESIAN_POINT('',(-176.003149621203,4.19439763340784,-176.436048570363));
#1959=CARTESIAN_POINT('Origin',(-174.003149621203,4.19439763340784,-176.436048570363));
#1960=CARTESIAN_POINT('',(-176.003149621203,4.19439763340784,-177.436048570363));
#1961=CARTESIAN_POINT('Origin',(-151.003149621203,2.19439763340784,-177.436048570363));
#1962=CARTESIAN_POINT('',(-151.003149621203,2.19439763340784,-176.436048570363));
#1963=CARTESIAN_POINT('',(-151.003149621203,2.19439763340784,-177.436048570363));
#1964=CARTESIAN_POINT('',(-156.753149621203,2.19439763340784,-176.436048570363));
#1965=CARTESIAN_POINT('Origin',(-151.003149621203,4.19439763340784,-177.436048570363));
#1966=CARTESIAN_POINT('',(-149.003149621203,4.19439763340784,-176.436048570363));
#1967=CARTESIAN_POINT('',(-149.003149621203,4.19439763340784,-177.436048570363));
#1968=CARTESIAN_POINT('Origin',(-151.003149621203,4.19439763340784,-176.436048570363));
#1969=CARTESIAN_POINT('Origin',(-149.003149621203,10.6943976334079,-177.436048570363));
#1970=CARTESIAN_POINT('',(-149.003149621203,10.6943976334079,-176.436048570363));
#1971=CARTESIAN_POINT('',(-149.003149621203,10.6943976334079,-177.436048570363));
#1972=CARTESIAN_POINT('',(-149.003149621203,9.06939763340784,-176.436048570363));
#1973=CARTESIAN_POINT('Origin',(-162.503149621203,7.44439763340786,-187.436048570363));
#1974=CARTESIAN_POINT('Origin',(-173.003152243808,5.19439761850667,-187.436048570363));
#1975=CARTESIAN_POINT('Origin',(-162.503149621203,7.44439763340786,-187.436048570363));
#1976=CARTESIAN_POINT('Origin',(-173.003152243808,9.6943976185067,-187.436048570363));
#1977=CARTESIAN_POINT('Origin',(-162.503149621203,7.44439763340786,-187.436048570363));
#1978=CARTESIAN_POINT('Origin',(-152.003152243808,9.6943976185067,-187.436048570363));
#1979=CARTESIAN_POINT('Origin',(-152.003152243808,11.6943976185067,-177.436048570363));
#1980=CARTESIAN_POINT('',(-152.003152243808,11.6943976185067,-176.436048570363));
#1981=CARTESIAN_POINT('',(-173.003152243808,11.6943976185067,-176.436048570363));
#1982=CARTESIAN_POINT('',(-157.253150932505,11.6943976185067,-176.436048570363));
#1983=CARTESIAN_POINT('',(-173.003152243808,11.6943976185067,-177.436048570363));
#1984=CARTESIAN_POINT('',(-152.003152243808,11.6943976185067,-177.436048570363));
#1985=CARTESIAN_POINT('Origin',(-152.003152243808,9.6943976185067,-177.436048570363));
#1986=CARTESIAN_POINT('',(-150.003152243808,9.6943976185067,-176.436048570363));
#1987=CARTESIAN_POINT('Origin',(-152.003152243808,9.6943976185067,-176.436048570363));
#1988=CARTESIAN_POINT('',(-150.003152243808,9.6943976185067,-177.436048570363));
#1989=CARTESIAN_POINT('Origin',(-150.003152243808,5.1943976185067,-177.436048570363));
#1990=CARTESIAN_POINT('',(-150.003152243808,5.1943976185067,-176.436048570363));
#1991=CARTESIAN_POINT('',(-150.003152243808,6.31939762595728,-176.436048570363));
#1992=CARTESIAN_POINT('',(-150.003152243808,5.1943976185067,-177.436048570363));
#1993=CARTESIAN_POINT('Origin',(-152.003152243808,5.1943976185067,-177.436048570363));
#1994=CARTESIAN_POINT('',(-152.003152243808,3.19439761850671,-176.436048570363));
#1995=CARTESIAN_POINT('Origin',(-152.003152243808,5.1943976185067,-176.436048570363));
#1996=CARTESIAN_POINT('Origin',(-152.003152243808,5.1943976185067,-187.436048570363));
#1997=CARTESIAN_POINT('',(-152.003152243808,3.19439761850671,-177.436048570363));
#1998=CARTESIAN_POINT('Origin',(-173.003152243808,3.19439761850667,-177.436048570363));
#1999=CARTESIAN_POINT('',(-173.003152243808,3.19439761850667,-176.436048570363));
#2000=CARTESIAN_POINT('',(-167.753150932505,3.19439761850667,-176.436048570363));
#2001=CARTESIAN_POINT('',(-173.003152243808,3.19439761850667,-177.436048570363));
#2002=CARTESIAN_POINT('Origin',(-173.003152243808,5.19439761850667,-177.436048570363));
#2003=CARTESIAN_POINT('',(-175.003152243808,5.1943976185067,-176.436048570363));
#2004=CARTESIAN_POINT('Origin',(-173.003152243808,5.19439761850667,-176.436048570363));
#2005=CARTESIAN_POINT('',(-175.003152243808,5.1943976185067,-177.436048570363));
#2006=CARTESIAN_POINT('Origin',(-175.003152243808,9.6943976185067,-177.436048570363));
#2007=CARTESIAN_POINT('',(-175.003152243808,9.6943976185067,-176.436048570363));
#2008=CARTESIAN_POINT('',(-175.003152243808,8.56939762595726,-176.436048570363));
#2009=CARTESIAN_POINT('',(-175.003152243808,9.6943976185067,-177.436048570363));
#2010=CARTESIAN_POINT('Origin',(-173.003152243808,9.6943976185067,-177.436048570363));
#2011=CARTESIAN_POINT('Origin',(-173.003152243808,9.6943976185067,-176.436048570363));
#2012=CARTESIAN_POINT('Origin',(-151.003149621203,10.6943976334079,-177.436048570363));
#2013=CARTESIAN_POINT('',(-151.003149621203,12.6943976334078,-176.436048570363));
#2014=CARTESIAN_POINT('',(-151.003149621203,12.6943976334078,-177.436048570363));
#2015=CARTESIAN_POINT('Origin',(-151.003149621203,10.6943976334079,-176.436048570363));
#2016=CARTESIAN_POINT('Origin',(-174.003149621203,12.6943976334078,-177.436048570363));
#2017=CARTESIAN_POINT('',(-174.003149621203,12.6943976334078,-176.436048570363));
#2018=CARTESIAN_POINT('',(-174.003149621203,12.6943976334078,-177.436048570363));
#2019=CARTESIAN_POINT('',(-168.253149621203,12.6943976334078,-176.436048570363));
#2020=CARTESIAN_POINT('Origin',(-174.003149621203,10.6943976334079,-177.436048570363));
#2021=CARTESIAN_POINT('',(-176.003149621203,10.6943976334079,-176.436048570363));
#2022=CARTESIAN_POINT('',(-176.003149621203,10.6943976334079,-177.436048570363));
#2023=CARTESIAN_POINT('Origin',(-174.003149621203,10.6943976334079,-176.436048570363));
#2024=CARTESIAN_POINT('Origin',(-176.003149621203,4.19439763340784,-177.436048570363));
#2025=CARTESIAN_POINT('',(-176.003149621203,5.81939763340785,-176.436048570363));
#2026=CARTESIAN_POINT('Origin',(-162.503149621203,7.44439763340786,-187.436048570363));
#2027=CARTESIAN_POINT('Origin',(-162.503149621203,7.44439763340786,-176.436048570363));
#2028=UNCERTAINTY_MEASURE_WITH_UNIT(LENGTH_MEASURE(0.01),#2032,
'DISTANCE_ACCURACY_VALUE',
'Maximum model space distance between geometric entities at asserted c
onnectivities');
#2029=UNCERTAINTY_MEASURE_WITH_UNIT(LENGTH_MEASURE(0.01),#2032,
'DISTANCE_ACCURACY_VALUE',
'Maximum model space distance between geometric entities at asserted c
onnectivities');
#2030=(
GEOMETRIC_REPRESENTATION_CONTEXT(3)
GLOBAL_UNCERTAINTY_ASSIGNED_CONTEXT((#2028))
GLOBAL_UNIT_ASSIGNED_CONTEXT((#2032,#2034,#2035))
REPRESENTATION_CONTEXT('','3D')
);
#2031=(
GEOMETRIC_REPRESENTATION_CONTEXT(3)
GLOBAL_UNCERTAINTY_ASSIGNED_CONTEXT((#2029))
GLOBAL_UNIT_ASSIGNED_CONTEXT((#2032,#2034,#2035))
REPRESENTATION_CONTEXT('','3D')
);
#2032=(
LENGTH_UNIT()
NAMED_UNIT(*)
SI_UNIT(.MILLI.,.METRE.)
);
#2033=(
LENGTH_UNIT()
NAMED_UNIT(*)
SI_UNIT($,.METRE.)
);
#2034=(
NAMED_UNIT(*)
PLANE_ANGLE_UNIT()
SI_UNIT($,.RADIAN.)
);
#2035=(
NAMED_UNIT(*)
SI_UNIT($,.STERADIAN.)
SOLID_ANGLE_UNIT()
);
#2036=SHAPE_DEFINITION_REPRESENTATION(#2037,#2038);
#2037=PRODUCT_DEFINITION_SHAPE('',$,#2040);
#2038=SHAPE_REPRESENTATION('',(#1200),#2030);
#2039=PRODUCT_DEFINITION_CONTEXT('part definition',#2044,'design');
#2040=PRODUCT_DEFINITION('2026-08-12-17-39-30-226','Case Hackpad',#2041,
#2039);
#2041=PRODUCT_DEFINITION_FORMATION('',$,#2046);
#2042=PRODUCT_RELATED_PRODUCT_CATEGORY('Case Hackpad','Case Hackpad',(#2046));
#2043=APPLICATION_PROTOCOL_DEFINITION('international standard',
'automotive_design',2009,#2044);
#2044=APPLICATION_CONTEXT(
'Core Data for Automotive Mechanical Design Process');
#2045=PRODUCT_CONTEXT('part definition',#2044,'mechanical');
#2046=PRODUCT('2026-08-12-17-39-30-226','Case Hackpad',$,(#2045));
#2047=PRESENTATION_STYLE_ASSIGNMENT((#2062));
#2048=PRESENTATION_STYLE_ASSIGNMENT((#2063));
#2049=PRESENTATION_STYLE_ASSIGNMENT((#2064));
#2050=PRESENTATION_STYLE_ASSIGNMENT((#2065));
#2051=PRESENTATION_STYLE_ASSIGNMENT((#2066));
#2052=PRESENTATION_STYLE_ASSIGNMENT((#2067));
#2053=PRESENTATION_STYLE_ASSIGNMENT((#2068));
#2054=PRESENTATION_STYLE_ASSIGNMENT((#2069));
#2055=PRESENTATION_STYLE_ASSIGNMENT((#2070));
#2056=PRESENTATION_STYLE_ASSIGNMENT((#2071));
#2057=PRESENTATION_STYLE_ASSIGNMENT((#2072));
#2058=PRESENTATION_STYLE_ASSIGNMENT((#2073));
#2059=PRESENTATION_STYLE_ASSIGNMENT((#2074));
#2060=PRESENTATION_STYLE_ASSIGNMENT((#2075));
#2061=PRESENTATION_STYLE_ASSIGNMENT((#2076));
#2062=SURFACE_STYLE_USAGE(.BOTH.,#2077);
#2063=SURFACE_STYLE_USAGE(.BOTH.,#2078);
#2064=SURFACE_STYLE_USAGE(.BOTH.,#2079);
#2065=SURFACE_STYLE_USAGE(.BOTH.,#2080);
#2066=SURFACE_STYLE_USAGE(.BOTH.,#2081);
#2067=SURFACE_STYLE_USAGE(.BOTH.,#2082);
#2068=SURFACE_STYLE_USAGE(.BOTH.,#2083);
#2069=SURFACE_STYLE_USAGE(.BOTH.,#2084);
#2070=SURFACE_STYLE_USAGE(.BOTH.,#2085);
#2071=SURFACE_STYLE_USAGE(.BOTH.,#2086);
#2072=SURFACE_STYLE_USAGE(.BOTH.,#2087);
#2073=SURFACE_STYLE_USAGE(.BOTH.,#2088);
#2074=SURFACE_STYLE_USAGE(.BOTH.,#2089);
#2075=SURFACE_STYLE_USAGE(.BOTH.,#2090);
#2076=SURFACE_STYLE_USAGE(.BOTH.,#2091);
#2077=SURFACE_SIDE_STYLE('',(#2092));
#2078=SURFACE_SIDE_STYLE('',(#2093));
#2079=SURFACE_SIDE_STYLE('',(#2094));
#2080=SURFACE_SIDE_STYLE('',(#2095));
#2081=SURFACE_SIDE_STYLE('',(#2096));
#2082=SURFACE_SIDE_STYLE('',(#2097));
#2083=SURFACE_SIDE_STYLE('',(#2098));
#2084=SURFACE_SIDE_STYLE('',(#2099));
#2085=SURFACE_SIDE_STYLE('',(#2100));
#2086=SURFACE_SIDE_STYLE('',(#2101));
#2087=SURFACE_SIDE_STYLE('',(#2102));
#2088=SURFACE_SIDE_STYLE('',(#2103));
#2089=SURFACE_SIDE_STYLE('',(#2104));
#2090=SURFACE_SIDE_STYLE('',(#2105));
#2091=SURFACE_SIDE_STYLE('',(#2106));
#2092=SURFACE_STYLE_FILL_AREA(#2107);
#2093=SURFACE_STYLE_FILL_AREA(#2108);
#2094=SURFACE_STYLE_FILL_AREA(#2109);
#2095=SURFACE_STYLE_FILL_AREA(#2110);
#2096=SURFACE_STYLE_FILL_AREA(#2111);
#2097=SURFACE_STYLE_FILL_AREA(#2112);
#2098=SURFACE_STYLE_FILL_AREA(#2113);
#2099=SURFACE_STYLE_FILL_AREA(#2114);
#2100=SURFACE_STYLE_FILL_AREA(#2115);
#2101=SURFACE_STYLE_FILL_AREA(#2116);
#2102=SURFACE_STYLE_FILL_AREA(#2117);
#2103=SURFACE_STYLE_FILL_AREA(#2118);
#2104=SURFACE_STYLE_FILL_AREA(#2119);
#2105=SURFACE_STYLE_FILL_AREA(#2120);
#2106=SURFACE_STYLE_FILL_AREA(#2121);
#2107=FILL_AREA_STYLE('Kunststoff - gl\X\E4nzend (Wei\X\DF)',(#2122));
#2108=FILL_AREA_STYLE('Opaque(229,229,229)',(#2123));
#2109=FILL_AREA_STYLE('Aluminium - eloxiert, rau (Blau)',(#2124));
#2110=FILL_AREA_STYLE('Opaque(242,242,255)',(#2125));
#2111=FILL_AREA_STYLE('Opaque(255,255,255)',(#2126));
#2112=FILL_AREA_STYLE('Opaque(211,214,211)',(#2127));
#2113=FILL_AREA_STYLE('Opaque(127,127,127)',(#2128));
#2114=FILL_AREA_STYLE('Opaque(0,191,161)',(#2129));
#2115=FILL_AREA_STYLE('Opaque(63,63,63)',(#2130));
#2116=FILL_AREA_STYLE('Opaque(244,244,244)',(#2131));
#2117=FILL_AREA_STYLE('Opaque(242,242,242)',(#2132));
#2118=FILL_AREA_STYLE('Opaque(10,74,171)',(#2133));
#2119=FILL_AREA_STYLE('Opaque(5,5,5)',(#2134));
#2120=FILL_AREA_STYLE('Opaque(204,204,204)',(#2135));
#2121=FILL_AREA_STYLE('Opaque(10,10,10)',(#2136));
#2122=FILL_AREA_STYLE_COLOUR('Kunststoff - gl\X\E4nzend (Wei\X\DF)',#2137);
#2123=FILL_AREA_STYLE_COLOUR('Opaque(229,229,229)',#2138);
#2124=FILL_AREA_STYLE_COLOUR('Aluminium - eloxiert, rau (Blau)',#2139);
#2125=FILL_AREA_STYLE_COLOUR('Opaque(242,242,255)',#2140);
#2126=FILL_AREA_STYLE_COLOUR('Opaque(255,255,255)',#2141);
#2127=FILL_AREA_STYLE_COLOUR('Opaque(211,214,211)',#2142);
#2128=FILL_AREA_STYLE_COLOUR('Opaque(127,127,127)',#2143);
#2129=FILL_AREA_STYLE_COLOUR('Opaque(0,191,161)',#2144);
#2130=FILL_AREA_STYLE_COLOUR('Opaque(63,63,63)',#2145);
#2131=FILL_AREA_STYLE_COLOUR('Opaque(244,244,244)',#2146);
#2132=FILL_AREA_STYLE_COLOUR('Opaque(242,242,242)',#2147);
#2133=FILL_AREA_STYLE_COLOUR('Opaque(10,74,171)',#2148);
#2134=FILL_AREA_STYLE_COLOUR('Opaque(5,5,5)',#2149);
#2135=FILL_AREA_STYLE_COLOUR('Opaque(204,204,204)',#2150);
#2136=FILL_AREA_STYLE_COLOUR('Opaque(10,10,10)',#2151);
#2137=COLOUR_RGB('Kunststoff - gl\X\E4nzend (Wei\X\DF)',0.964705882352941,
0.964705882352941,0.952941176470588);
#2138=COLOUR_RGB('Opaque(229,229,229)',0.898039215686275,0.898039215686275,
0.898039215686275);
#2139=COLOUR_RGB('Aluminium - eloxiert, rau (Blau)',0.349019607843137,0.584313725490196,
0.854901960784314);
#2140=COLOUR_RGB('Opaque(242,242,255)',0.949019607843137,0.949019607843137,
1.);
#2141=COLOUR_RGB('Opaque(255,255,255)',1.,1.,1.);
#2142=COLOUR_RGB('Opaque(211,214,211)',0.827450980392157,0.83921568627451,
0.827450980392157);
#2143=COLOUR_RGB('Opaque(127,127,127)',0.498039215686275,0.498039215686275,
0.498039215686275);
#2144=COLOUR_RGB('Opaque(0,191,161)',0.,0.749019607843137,0.631372549019608);
#2145=COLOUR_RGB('Opaque(63,63,63)',0.250980392156863,0.250980392156863,
0.250980392156863);
#2146=COLOUR_RGB('Opaque(244,244,244)',0.956862745098039,0.956862745098039,
0.956862745098039);
#2147=COLOUR_RGB('Opaque(242,242,242)',0.949019607843137,0.949019607843137,
0.949019607843137);
#2148=COLOUR_RGB('Opaque(10,74,171)',0.0392156862745098,0.290196078431373,
0.670588235294118);
#2149=COLOUR_RGB('Opaque(5,5,5)',0.0196078431372549,0.0196078431372549,
0.0196078431372549);
#2150=COLOUR_RGB('Opaque(204,204,204)',0.8,0.8,0.8);
#2151=COLOUR_RGB('Opaque(10,10,10)',0.0392156862745098,0.0392156862745098,
0.0392156862745098);
ENDSEC;
END-ISO-10303-21;
