ISO-10303-21;
HEADER;
/* Generated by software containing ST-Developer
 * from STEP Tools, Inc. (www.steptools.com) 
 */

FILE_DESCRIPTION(
/* description */ (''),
/* implementation_level */ '2;1');

FILE_NAME(
/* name */ 'Case Hackpad.step',
/* time_stamp */ '2026-09-07T22:04:39+02:00',
/* author */ (''),
/* organization */ (''),
/* preprocessor_version */ 'ST-DEVELOPER v20.1',
/* originating_system */ 'Autodesk Translation Framework v15.8.0.0',
/* authorisation */ '');

FILE_SCHEMA (('AUTOMOTIVE_DESIGN { 1 0 10303 214 3 1 1 }'));
ENDSEC;

DATA;
#10=MECHANICAL_DESIGN_GEOMETRIC_PRESENTATION_REPRESENTATION('',(#25,#26,
#27,#28,#29,#30),#3110);
#11=SHAPE_REPRESENTATION_RELATIONSHIP('SRR','None',#3117,#12);
#12=ADVANCED_BREP_SHAPE_REPRESENTATION('',(#31,#32,#33,#34,#35,#36),#3109);
#13=B_SPLINE_SURFACE_WITH_KNOTS('',3,3,((#2725,#2726,#2727,#2728,#2729,
#2730,#2731,#2732,#2733,#2734,#2735,#2736,#2737,#2738,#2739,#2740,#2741,
#2742,#2743,#2744,#2745),(#2746,#2747,#2748,#2749,#2750,#2751,#2752,#2753,
#2754,#2755,#2756,#2757,#2758,#2759,#2760,#2761,#2762,#2763,#2764,#2765,
#2766),(#2767,#2768,#2769,#2770,#2771,#2772,#2773,#2774,#2775,#2776,#2777,
#2778,#2779,#2780,#2781,#2782,#2783,#2784,#2785,#2786,#2787),(#2788,#2789,
#2790,#2791,#2792,#2793,#2794,#2795,#2796,#2797,#2798,#2799,#2800,#2801,
#2802,#2803,#2804,#2805,#2806,#2807,#2808),(#2809,#2810,#2811,#2812,#2813,
#2814,#2815,#2816,#2817,#2818,#2819,#2820,#2821,#2822,#2823,#2824,#2825,
#2826,#2827,#2828,#2829),(#2830,#2831,#2832,#2833,#2834,#2835,#2836,#2837,
#2838,#2839,#2840,#2841,#2842,#2843,#2844,#2845,#2846,#2847,#2848,#2849,
#2850)),.UNSPECIFIED.,.F.,.F.,.F.,(4,1,1,4),(4,1,1,1,1,1,1,1,1,1,1,1,1,
1,1,1,1,1,4),(0.,0.285714285714286,0.571428571428571,1.),(-0.10142518672268,
-0.0686653558405217,-0.035905524958364,0.0296141368059517,0.0951337985702673,
0.160653460334583,0.193413291216741,0.226173122098898,0.291692783863214,
0.35721244562753,0.422732107391845,0.521011600038319,0.537391515479398,
0.553771430920477,0.619291092684792,0.684810754449108,0.750330416213423,
0.783090247095581,0.815850077977739),.UNSPECIFIED.);
#14=B_SPLINE_SURFACE_WITH_KNOTS('',3,3,((#2995,#2996,#2997,#2998),(#2999,
#3000,#3001,#3002),(#3003,#3004,#3005,#3006),(#3007,#3008,#3009,#3010),
(#3011,#3012,#3013,#3014)),.UNSPECIFIED.,.F.,.F.,.F.,(4,1,4),(4,4),(0.414668949118475,
0.665525113781986,1.),(0.459553815792264,0.479553783438555),
 .UNSPECIFIED.);
#15=B_SPLINE_SURFACE_WITH_KNOTS('',3,3,((#3025,#3026,#3027,#3028),(#3029,
#3030,#3031,#3032),(#3033,#3034,#3035,#3036),(#3037,#3038,#3039,#3040),
(#3041,#3042,#3043,#3044)),.UNSPECIFIED.,.F.,.F.,.F.,(4,1,4),(4,4),(0.414668966918203,
0.665525123953259,1.),(-8.2712755787076E-7,0.0199999608206425),
 .UNSPECIFIED.);
#16=B_SPLINE_SURFACE_WITH_KNOTS('',3,3,((#3055,#3056,#3057,#3058,#3059),
(#3060,#3061,#3062,#3063,#3064),(#3065,#3066,#3067,#3068,#3069),(#3070,
#3071,#3072,#3073,#3074),(#3075,#3076,#3077,#3078,#3079),(#3080,#3081,#3082,
#3083,#3084)),.UNSPECIFIED.,.F.,.F.,.F.,(4,1,1,4),(4,1,4),(0.,0.285714285714286,
0.571428571428571,1.),(0.0199999608206425,0.208380184327905,0.459553815670921),
 .UNSPECIFIED.);
#17=TOROIDAL_SURFACE('',#1662,2.5,0.5);
#18=TOROIDAL_SURFACE('',#1668,2.5,0.5);
#19=TOROIDAL_SURFACE('',#1674,2.5,0.5);
#20=TOROIDAL_SURFACE('',#1680,2.5,0.5);
#21=TOROIDAL_SURFACE('',#1703,8.74999999999998,1.);
#22=TOROIDAL_SURFACE('',#1714,8.74999999999999,1.);
#23=TOROIDAL_SURFACE('',#1725,2.,0.5);
#24=TOROIDAL_SURFACE('',#1734,2.79999999999999,0.5);
#25=STYLED_ITEM('',(#3126),#31);
#26=STYLED_ITEM('',(#3128),#32);
#27=STYLED_ITEM('',(#3128),#33);
#28=STYLED_ITEM('',(#3128),#34);
#29=STYLED_ITEM('',(#3128),#35);
#30=STYLED_ITEM('',(#3128),#36);
#31=MANIFOLD_SOLID_BREP('K\X\F6rper21',#1557);
#32=MANIFOLD_SOLID_BREP('K\X\F6rper26',#1558);
#33=MANIFOLD_SOLID_BREP('K\X\F6rper27',#1559);
#34=MANIFOLD_SOLID_BREP('K\X\F6rper28',#1560);
#35=MANIFOLD_SOLID_BREP('K\X\F6rper29',#1561);
#36=MANIFOLD_SOLID_BREP('K\X\F6rper30',#1562);
#37=FACE_BOUND('',#267,.T.);
#38=FACE_BOUND('',#268,.T.);
#39=FACE_BOUND('',#269,.T.);
#40=FACE_BOUND('',#270,.T.);
#41=FACE_BOUND('',#271,.T.);
#42=FACE_BOUND('',#272,.T.);
#43=FACE_BOUND('',#282,.T.);
#44=FACE_BOUND('',#283,.T.);
#45=FACE_BOUND('',#284,.T.);
#46=FACE_BOUND('',#285,.T.);
#47=FACE_BOUND('',#286,.T.);
#48=FACE_BOUND('',#287,.T.);
#49=FACE_BOUND('',#339,.T.);
#50=FACE_BOUND('',#344,.T.);
#51=FACE_BOUND('',#349,.T.);
#52=PLANE('',#1580);
#53=PLANE('',#1600);
#54=PLANE('',#1604);
#55=PLANE('',#1607);
#56=PLANE('',#1620);
#57=PLANE('',#1622);
#58=PLANE('',#1624);
#59=PLANE('',#1626);
#60=PLANE('',#1628);
#61=PLANE('',#1633);
#62=PLANE('',#1635);
#63=PLANE('',#1637);
#64=PLANE('',#1639);
#65=PLANE('',#1641);
#66=PLANE('',#1654);
#67=PLANE('',#1658);
#68=PLANE('',#1684);
#69=PLANE('',#1687);
#70=PLANE('',#1690);
#71=PLANE('',#1693);
#72=PLANE('',#1696);
#73=PLANE('',#1699);
#74=PLANE('',#1702);
#75=PLANE('',#1713);
#76=PLANE('',#1724);
#77=PLANE('',#1737);
#78=PLANE('',#1740);
#79=PLANE('',#1741);
#80=PLANE('',#1742);
#81=PLANE('',#1745);
#82=PLANE('',#1748);
#83=PLANE('',#1749);
#84=PLANE('',#1750);
#85=CIRCLE('',#1578,9.5);
#86=CIRCLE('',#1579,9.5);
#87=CIRCLE('',#1581,4.99999999999999);
#88=CIRCLE('',#1582,5.);
#89=CIRCLE('',#1583,4.99999999999999);
#90=CIRCLE('',#1584,5.00000000000002);
#91=CIRCLE('',#1585,2.5);
#92=CIRCLE('',#1586,2.5);
#93=CIRCLE('',#1587,9.5);
#94=CIRCLE('',#1588,2.5);
#95=CIRCLE('',#1589,2.5);
#96=CIRCLE('',#1590,2.5);
#97=CIRCLE('',#1591,2.5);
#98=CIRCLE('',#1592,2.);
#99=CIRCLE('',#1593,2.);
#100=CIRCLE('',#1594,2.);
#101=CIRCLE('',#1595,2.);
#102=CIRCLE('',#1598,9.5);
#103=CIRCLE('',#1602,2.5);
#104=CIRCLE('',#1606,2.5);
#105=CIRCLE('',#1608,4.99999999999999);
#106=CIRCLE('',#1609,5.00000000000002);
#107=CIRCLE('',#1610,4.99999999999999);
#108=CIRCLE('',#1611,5.);
#109=CIRCLE('',#1612,2.);
#110=CIRCLE('',#1613,2.);
#111=CIRCLE('',#1614,2.);
#112=CIRCLE('',#1615,2.);
#113=CIRCLE('',#1616,2.5);
#114=CIRCLE('',#1617,2.5);
#115=CIRCLE('',#1618,2.5);
#116=CIRCLE('',#1619,2.5);
#117=CIRCLE('',#1643,0.499999999999989);
#118=CIRCLE('',#1644,0.500000000000007);
#119=CIRCLE('',#1646,0.499999999999998);
#120=CIRCLE('',#1647,0.499999999999998);
#121=CIRCLE('',#1649,0.500000000000007);
#122=CIRCLE('',#1650,0.500000000000007);
#123=CIRCLE('',#1652,0.499999999999998);
#124=CIRCLE('',#1653,0.500000000000027);
#125=CIRCLE('',#1656,3.);
#126=CIRCLE('',#1657,3.);
#127=CIRCLE('',#1660,3.);
#128=CIRCLE('',#1661,3.);
#129=CIRCLE('',#1663,0.5);
#130=CIRCLE('',#1664,2.);
#131=CIRCLE('',#1665,0.500000000000007);
#132=CIRCLE('',#1667,0.499999999999989);
#133=CIRCLE('',#1669,0.499999999999972);
#134=CIRCLE('',#1670,3.);
#135=CIRCLE('',#1671,2.);
#136=CIRCLE('',#1673,0.500000000000007);
#137=CIRCLE('',#1675,0.499999999999998);
#138=CIRCLE('',#1676,3.);
#139=CIRCLE('',#1677,2.);
#140=CIRCLE('',#1679,0.499999999999998);
#141=CIRCLE('',#1681,0.499999999999989);
#142=CIRCLE('',#1682,2.);
#143=CIRCLE('',#1686,2.);
#144=CIRCLE('',#1689,2.);
#145=CIRCLE('',#1692,2.);
#146=CIRCLE('',#1695,2.);
#147=CIRCLE('',#1698,3.);
#148=CIRCLE('',#1701,3.);
#149=CIRCLE('',#1704,9.74999999999999);
#150=CIRCLE('',#1705,9.74999999999999);
#151=CIRCLE('',#1706,1.);
#152=CIRCLE('',#1707,9.25);
#153=CIRCLE('',#1708,9.25);
#154=CIRCLE('',#1710,9.75000000000001);
#155=CIRCLE('',#1712,9.25);
#156=CIRCLE('',#1715,9.74999999999999);
#157=CIRCLE('',#1716,9.74999999999999);
#158=CIRCLE('',#1717,1.);
#159=CIRCLE('',#1718,9.25);
#160=CIRCLE('',#1719,9.25);
#161=CIRCLE('',#1721,9.75);
#162=CIRCLE('',#1723,9.25);
#163=CIRCLE('',#1726,2.);
#164=CIRCLE('',#1727,2.5);
#165=CIRCLE('',#1729,2.5);
#166=CIRCLE('',#1731,0.500000000000007);
#167=CIRCLE('',#1733,0.5);
#168=CIRCLE('',#1735,2.29999999999999);
#169=CIRCLE('',#1736,2.79999999999999);
#170=CIRCLE('',#1739,2.29999999999999);
#171=CIRCLE('',#1744,2.5);
#172=CIRCLE('',#1747,2.29999999999999);
#173=FACE_OUTER_BOUND('',#264,.T.);
#174=FACE_OUTER_BOUND('',#265,.T.);
#175=FACE_OUTER_BOUND('',#266,.T.);
#176=FACE_OUTER_BOUND('',#273,.T.);
#177=FACE_OUTER_BOUND('',#274,.T.);
#178=FACE_OUTER_BOUND('',#275,.T.);
#179=FACE_OUTER_BOUND('',#276,.T.);
#180=FACE_OUTER_BOUND('',#277,.T.);
#181=FACE_OUTER_BOUND('',#278,.T.);
#182=FACE_OUTER_BOUND('',#279,.T.);
#183=FACE_OUTER_BOUND('',#280,.T.);
#184=FACE_OUTER_BOUND('',#281,.T.);
#185=FACE_OUTER_BOUND('',#288,.T.);
#186=FACE_OUTER_BOUND('',#289,.T.);
#187=FACE_OUTER_BOUND('',#290,.T.);
#188=FACE_OUTER_BOUND('',#291,.T.);
#189=FACE_OUTER_BOUND('',#292,.T.);
#190=FACE_OUTER_BOUND('',#293,.T.);
#191=FACE_OUTER_BOUND('',#294,.T.);
#192=FACE_OUTER_BOUND('',#295,.T.);
#193=FACE_OUTER_BOUND('',#296,.T.);
#194=FACE_OUTER_BOUND('',#297,.T.);
#195=FACE_OUTER_BOUND('',#298,.T.);
#196=FACE_OUTER_BOUND('',#299,.T.);
#197=FACE_OUTER_BOUND('',#300,.T.);
#198=FACE_OUTER_BOUND('',#301,.T.);
#199=FACE_OUTER_BOUND('',#302,.T.);
#200=FACE_OUTER_BOUND('',#303,.T.);
#201=FACE_OUTER_BOUND('',#304,.T.);
#202=FACE_OUTER_BOUND('',#305,.T.);
#203=FACE_OUTER_BOUND('',#306,.T.);
#204=FACE_OUTER_BOUND('',#307,.T.);
#205=FACE_OUTER_BOUND('',#308,.T.);
#206=FACE_OUTER_BOUND('',#309,.T.);
#207=FACE_OUTER_BOUND('',#310,.T.);
#208=FACE_OUTER_BOUND('',#311,.T.);
#209=FACE_OUTER_BOUND('',#312,.T.);
#210=FACE_OUTER_BOUND('',#313,.T.);
#211=FACE_OUTER_BOUND('',#314,.T.);
#212=FACE_OUTER_BOUND('',#315,.T.);
#213=FACE_OUTER_BOUND('',#316,.T.);
#214=FACE_OUTER_BOUND('',#317,.T.);
#215=FACE_OUTER_BOUND('',#318,.T.);
#216=FACE_OUTER_BOUND('',#319,.T.);
#217=FACE_OUTER_BOUND('',#320,.T.);
#218=FACE_OUTER_BOUND('',#321,.T.);
#219=FACE_OUTER_BOUND('',#322,.T.);
#220=FACE_OUTER_BOUND('',#323,.T.);
#221=FACE_OUTER_BOUND('',#324,.T.);
#222=FACE_OUTER_BOUND('',#325,.T.);
#223=FACE_OUTER_BOUND('',#326,.T.);
#224=FACE_OUTER_BOUND('',#327,.T.);
#225=FACE_OUTER_BOUND('',#328,.T.);
#226=FACE_OUTER_BOUND('',#329,.T.);
#227=FACE_OUTER_BOUND('',#330,.T.);
#228=FACE_OUTER_BOUND('',#331,.T.);
#229=FACE_OUTER_BOUND('',#332,.T.);
#230=FACE_OUTER_BOUND('',#333,.T.);
#231=FACE_OUTER_BOUND('',#334,.T.);
#232=FACE_OUTER_BOUND('',#335,.T.);
#233=FACE_OUTER_BOUND('',#336,.T.);
#234=FACE_OUTER_BOUND('',#337,.T.);
#235=FACE_OUTER_BOUND('',#338,.T.);
#236=FACE_OUTER_BOUND('',#340,.T.);
#237=FACE_OUTER_BOUND('',#341,.T.);
#238=FACE_OUTER_BOUND('',#342,.T.);
#239=FACE_OUTER_BOUND('',#343,.T.);
#240=FACE_OUTER_BOUND('',#345,.T.);
#241=FACE_OUTER_BOUND('',#346,.T.);
#242=FACE_OUTER_BOUND('',#347,.T.);
#243=FACE_OUTER_BOUND('',#348,.T.);
#244=FACE_OUTER_BOUND('',#350,.T.);
#245=FACE_OUTER_BOUND('',#351,.T.);
#246=FACE_OUTER_BOUND('',#352,.T.);
#247=FACE_OUTER_BOUND('',#353,.T.);
#248=FACE_OUTER_BOUND('',#354,.T.);
#249=FACE_OUTER_BOUND('',#355,.T.);
#250=FACE_OUTER_BOUND('',#356,.T.);
#251=FACE_OUTER_BOUND('',#357,.T.);
#252=FACE_OUTER_BOUND('',#358,.T.);
#253=FACE_OUTER_BOUND('',#359,.T.);
#254=FACE_OUTER_BOUND('',#360,.T.);
#255=FACE_OUTER_BOUND('',#361,.T.);
#256=FACE_OUTER_BOUND('',#362,.T.);
#257=FACE_OUTER_BOUND('',#363,.T.);
#258=FACE_OUTER_BOUND('',#364,.T.);
#259=FACE_OUTER_BOUND('',#365,.T.);
#260=FACE_OUTER_BOUND('',#366,.T.);
#261=FACE_OUTER_BOUND('',#367,.T.);
#262=FACE_OUTER_BOUND('',#368,.T.);
#263=FACE_OUTER_BOUND('',#369,.T.);
#264=EDGE_LOOP('',(#976,#977,#978,#979));
#265=EDGE_LOOP('',(#980,#981,#982,#983,#984,#985));
#266=EDGE_LOOP('',(#986,#987,#988,#989,#990,#991,#992,#993));
#267=EDGE_LOOP('',(#994,#995,#996,#997,#998,#999,#1000,#1001));
#268=EDGE_LOOP('',(#1002));
#269=EDGE_LOOP('',(#1003));
#270=EDGE_LOOP('',(#1004));
#271=EDGE_LOOP('',(#1005));
#272=EDGE_LOOP('',(#1006,#1007,#1008,#1009,#1010,#1011,#1012,#1013));
#273=EDGE_LOOP('',(#1014,#1015,#1016,#1017));
#274=EDGE_LOOP('',(#1018,#1019,#1020,#1021,#1022,#1023));
#275=EDGE_LOOP('',(#1024,#1025,#1026,#1027));
#276=EDGE_LOOP('',(#1028,#1029,#1030,#1031));
#277=EDGE_LOOP('',(#1032,#1033,#1034,#1035,#1036,#1037));
#278=EDGE_LOOP('',(#1038,#1039,#1040,#1041));
#279=EDGE_LOOP('',(#1042,#1043,#1044,#1045));
#280=EDGE_LOOP('',(#1046,#1047,#1048,#1049,#1050,#1051));
#281=EDGE_LOOP('',(#1052,#1053,#1054,#1055,#1056,#1057,#1058,#1059));
#282=EDGE_LOOP('',(#1060,#1061,#1062,#1063,#1064,#1065,#1066,#1067));
#283=EDGE_LOOP('',(#1068));
#284=EDGE_LOOP('',(#1069));
#285=EDGE_LOOP('',(#1070));
#286=EDGE_LOOP('',(#1071));
#287=EDGE_LOOP('',(#1072,#1073,#1074,#1075,#1076,#1077,#1078,#1079));
#288=EDGE_LOOP('',(#1080,#1081,#1082,#1083));
#289=EDGE_LOOP('',(#1084,#1085,#1086,#1087));
#290=EDGE_LOOP('',(#1088,#1089,#1090,#1091));
#291=EDGE_LOOP('',(#1092,#1093,#1094,#1095));
#292=EDGE_LOOP('',(#1096,#1097,#1098,#1099));
#293=EDGE_LOOP('',(#1100,#1101,#1102,#1103));
#294=EDGE_LOOP('',(#1104,#1105,#1106,#1107));
#295=EDGE_LOOP('',(#1108,#1109,#1110,#1111));
#296=EDGE_LOOP('',(#1112,#1113,#1114,#1115));
#297=EDGE_LOOP('',(#1116,#1117,#1118,#1119));
#298=EDGE_LOOP('',(#1120,#1121,#1122,#1123));
#299=EDGE_LOOP('',(#1124,#1125,#1126,#1127));
#300=EDGE_LOOP('',(#1128,#1129,#1130,#1131));
#301=EDGE_LOOP('',(#1132,#1133,#1134,#1135));
#302=EDGE_LOOP('',(#1136,#1137,#1138,#1139));
#303=EDGE_LOOP('',(#1140,#1141,#1142,#1143));
#304=EDGE_LOOP('',(#1144,#1145,#1146,#1147));
#305=EDGE_LOOP('',(#1148,#1149,#1150,#1151));
#306=EDGE_LOOP('',(#1152,#1153,#1154,#1155));
#307=EDGE_LOOP('',(#1156,#1157,#1158,#1159));
#308=EDGE_LOOP('',(#1160,#1161,#1162,#1163));
#309=EDGE_LOOP('',(#1164,#1165,#1166,#1167));
#310=EDGE_LOOP('',(#1168,#1169,#1170,#1171));
#311=EDGE_LOOP('',(#1172,#1173,#1174,#1175));
#312=EDGE_LOOP('',(#1176,#1177,#1178,#1179));
#313=EDGE_LOOP('',(#1180,#1181,#1182,#1183));
#314=EDGE_LOOP('',(#1184,#1185,#1186,#1187));
#315=EDGE_LOOP('',(#1188,#1189,#1190,#1191));
#316=EDGE_LOOP('',(#1192,#1193,#1194,#1195));
#317=EDGE_LOOP('',(#1196,#1197,#1198,#1199));
#318=EDGE_LOOP('',(#1200,#1201,#1202,#1203,#1204,#1205));
#319=EDGE_LOOP('',(#1206,#1207,#1208,#1209));
#320=EDGE_LOOP('',(#1210,#1211,#1212,#1213,#1214,#1215));
#321=EDGE_LOOP('',(#1216,#1217,#1218,#1219));
#322=EDGE_LOOP('',(#1220,#1221,#1222,#1223,#1224,#1225));
#323=EDGE_LOOP('',(#1226,#1227,#1228,#1229));
#324=EDGE_LOOP('',(#1230,#1231,#1232,#1233,#1234,#1235));
#325=EDGE_LOOP('',(#1236,#1237,#1238,#1239));
#326=EDGE_LOOP('',(#1240,#1241,#1242,#1243));
#327=EDGE_LOOP('',(#1244,#1245,#1246,#1247));
#328=EDGE_LOOP('',(#1248,#1249,#1250,#1251));
#329=EDGE_LOOP('',(#1252,#1253,#1254,#1255));
#330=EDGE_LOOP('',(#1256,#1257,#1258,#1259));
#331=EDGE_LOOP('',(#1260,#1261,#1262,#1263));
#332=EDGE_LOOP('',(#1264,#1265,#1266,#1267));
#333=EDGE_LOOP('',(#1268,#1269,#1270,#1271));
#334=EDGE_LOOP('',(#1272,#1273,#1274,#1275));
#335=EDGE_LOOP('',(#1276,#1277,#1278,#1279));
#336=EDGE_LOOP('',(#1280,#1281,#1282,#1283));
#337=EDGE_LOOP('',(#1284,#1285,#1286,#1287));
#338=EDGE_LOOP('',(#1288,#1289,#1290,#1291,#1292,#1293,#1294,#1295));
#339=EDGE_LOOP('',(#1296,#1297,#1298,#1299,#1300,#1301,#1302,#1303));
#340=EDGE_LOOP('',(#1304,#1305,#1306,#1307,#1308,#1309));
#341=EDGE_LOOP('',(#1310,#1311,#1312,#1313,#1314));
#342=EDGE_LOOP('',(#1315,#1316,#1317,#1318,#1319));
#343=EDGE_LOOP('',(#1320));
#344=EDGE_LOOP('',(#1321));
#345=EDGE_LOOP('',(#1322,#1323,#1324,#1325,#1326,#1327));
#346=EDGE_LOOP('',(#1328,#1329,#1330,#1331,#1332));
#347=EDGE_LOOP('',(#1333,#1334,#1335,#1336,#1337));
#348=EDGE_LOOP('',(#1338));
#349=EDGE_LOOP('',(#1339));
#350=EDGE_LOOP('',(#1340,#1341,#1342,#1343,#1344,#1345));
#351=EDGE_LOOP('',(#1346,#1347,#1348,#1349));
#352=EDGE_LOOP('',(#1350,#1351,#1352));
#353=EDGE_LOOP('',(#1353,#1354,#1355));
#354=EDGE_LOOP('',(#1356,#1357,#1358,#1359,#1360,#1361));
#355=EDGE_LOOP('',(#1362,#1363,#1364,#1365));
#356=EDGE_LOOP('',(#1366,#1367,#1368,#1369));
#357=EDGE_LOOP('',(#1370,#1371,#1372,#1373));
#358=EDGE_LOOP('',(#1374,#1375));
#359=EDGE_LOOP('',(#1376,#1377,#1378,#1379));
#360=EDGE_LOOP('',(#1380,#1381,#1382,#1383,#1384,#1385));
#361=EDGE_LOOP('',(#1386,#1387,#1388,#1389));
#362=EDGE_LOOP('',(#1390,#1391,#1392));
#363=EDGE_LOOP('',(#1393,#1394,#1395));
#364=EDGE_LOOP('',(#1396,#1397,#1398,#1399,#1400,#1401));
#365=EDGE_LOOP('',(#1402,#1403,#1404,#1405));
#366=EDGE_LOOP('',(#1406,#1407,#1408,#1409));
#367=EDGE_LOOP('',(#1410,#1411,#1412,#1413));
#368=EDGE_LOOP('',(#1414,#1415));
#369=EDGE_LOOP('',(#1416,#1417,#1418,#1419));
#370=LINE('',#2228,#480);
#371=LINE('',#2240,#481);
#372=LINE('',#2256,#482);
#373=LINE('',#2259,#483);
#374=LINE('',#2265,#484);
#375=LINE('',#2269,#485);
#376=LINE('',#2273,#486);
#377=LINE('',#2276,#487);
#378=LINE('',#2280,#488);
#379=LINE('',#2284,#489);
#380=LINE('',#2287,#490);
#381=LINE('',#2298,#491);
#382=LINE('',#2302,#492);
#383=LINE('',#2306,#493);
#384=LINE('',#2310,#494);
#385=LINE('',#2324,#495);
#386=LINE('',#2338,#496);
#387=LINE('',#2341,#497);
#388=LINE('',#2365,#498);
#389=LINE('',#2368,#499);
#390=LINE('',#2370,#500);
#391=LINE('',#2371,#501);
#392=LINE('',#2374,#502);
#393=LINE('',#2388,#503);
#394=LINE('',#2391,#504);
#395=LINE('',#2392,#505);
#396=LINE('',#2400,#506);
#397=LINE('',#2404,#507);
#398=LINE('',#2408,#508);
#399=LINE('',#2411,#509);
#400=LINE('',#2414,#510);
#401=LINE('',#2418,#511);
#402=LINE('',#2422,#512);
#403=LINE('',#2426,#513);
#404=LINE('',#2436,#514);
#405=LINE('',#2437,#515);
#406=LINE('',#2440,#516);
#407=LINE('',#2441,#517);
#408=LINE('',#2443,#518);
#409=LINE('',#2445,#519);
#410=LINE('',#2447,#520);
#411=LINE('',#2449,#521);
#412=LINE('',#2450,#522);
#413=LINE('',#2452,#523);
#414=LINE('',#2456,#524);
#415=LINE('',#2458,#525);
#416=LINE('',#2460,#526);
#417=LINE('',#2462,#527);
#418=LINE('',#2464,#528);
#419=LINE('',#2465,#529);
#420=LINE('',#2467,#530);
#421=LINE('',#2469,#531);
#422=LINE('',#2471,#532);
#423=LINE('',#2473,#533);
#424=LINE('',#2475,#534);
#425=LINE('',#2477,#535);
#426=LINE('',#2485,#536);
#427=LINE('',#2488,#537);
#428=LINE('',#2494,#538);
#429=LINE('',#2497,#539);
#430=LINE('',#2503,#540);
#431=LINE('',#2506,#541);
#432=LINE('',#2512,#542);
#433=LINE('',#2515,#543);
#434=LINE('',#2518,#544);
#435=LINE('',#2520,#545);
#436=LINE('',#2521,#546);
#437=LINE('',#2525,#547);
#438=LINE('',#2529,#548);
#439=LINE('',#2530,#549);
#440=LINE('',#2534,#550);
#441=LINE('',#2545,#551);
#442=LINE('',#2554,#552);
#443=LINE('',#2563,#553);
#444=LINE('',#2569,#554);
#445=LINE('',#2572,#555);
#446=LINE('',#2574,#556);
#447=LINE('',#2575,#557);
#448=LINE('',#2578,#558);
#449=LINE('',#2582,#559);
#450=LINE('',#2583,#560);
#451=LINE('',#2586,#561);
#452=LINE('',#2590,#562);
#453=LINE('',#2591,#563);
#454=LINE('',#2594,#564);
#455=LINE('',#2598,#565);
#456=LINE('',#2599,#566);
#457=LINE('',#2604,#567);
#458=LINE('',#2605,#568);
#459=LINE('',#2608,#569);
#460=LINE('',#2612,#570);
#461=LINE('',#2613,#571);
#462=LINE('',#2629,#572);
#463=LINE('',#2633,#573);
#464=LINE('',#2648,#574);
#465=LINE('',#2652,#575);
#466=LINE('',#2698,#576);
#467=LINE('',#2701,#577);
#468=LINE('',#2705,#578);
#469=LINE('',#2708,#579);
#470=LINE('',#2715,#580);
#471=LINE('',#2716,#581);
#472=LINE('',#2719,#582);
#473=LINE('',#2722,#583);
#474=LINE('',#2991,#584);
#475=LINE('',#2994,#585);
#476=LINE('',#3097,#586);
#477=LINE('',#3098,#587);
#478=LINE('',#3101,#588);
#479=LINE('',#3104,#589);
#480=VECTOR('',#1755,10.);
#481=VECTOR('',#1756,10.);
#482=VECTOR('',#1761,10.);
#483=VECTOR('',#1764,10.);
#484=VECTOR('',#1769,10.);
#485=VECTOR('',#1772,10.);
#486=VECTOR('',#1775,10.);
#487=VECTOR('',#1778,10.);
#488=VECTOR('',#1781,10.);
#489=VECTOR('',#1784,10.);
#490=VECTOR('',#1787,10.);
#491=VECTOR('',#1796,10.);
#492=VECTOR('',#1799,10.);
#493=VECTOR('',#1802,10.);
#494=VECTOR('',#1805,10.);
#495=VECTOR('',#1810,10.);
#496=VECTOR('',#1813,10.);
#497=VECTOR('',#1816,10.);
#498=VECTOR('',#1819,10.);
#499=VECTOR('',#1822,10.);
#500=VECTOR('',#1823,10.);
#501=VECTOR('',#1824,10.);
#502=VECTOR('',#1827,10.);
#503=VECTOR('',#1832,10.);
#504=VECTOR('',#1835,10.);
#505=VECTOR('',#1836,10.);
#506=VECTOR('',#1845,10.);
#507=VECTOR('',#1848,10.);
#508=VECTOR('',#1851,10.);
#509=VECTOR('',#1854,10.);
#510=VECTOR('',#1855,10.);
#511=VECTOR('',#1858,10.);
#512=VECTOR('',#1861,10.);
#513=VECTOR('',#1864,10.);
#514=VECTOR('',#1875,10.);
#515=VECTOR('',#1876,10.);
#516=VECTOR('',#1881,10.);
#517=VECTOR('',#1882,10.);
#518=VECTOR('',#1885,10.);
#519=VECTOR('',#1888,10.);
#520=VECTOR('',#1891,10.);
#521=VECTOR('',#1894,10.);
#522=VECTOR('',#1895,10.);
#523=VECTOR('',#1898,10.);
#524=VECTOR('',#1905,2.5);
#525=VECTOR('',#1908,2.5);
#526=VECTOR('',#1911,2.5);
#527=VECTOR('',#1914,2.5);
#528=VECTOR('',#1917,10.);
#529=VECTOR('',#1918,10.);
#530=VECTOR('',#1921,10.);
#531=VECTOR('',#1924,10.);
#532=VECTOR('',#1927,10.);
#533=VECTOR('',#1930,10.);
#534=VECTOR('',#1933,10.);
#535=VECTOR('',#1936,10.);
#536=VECTOR('',#1945,10.);
#537=VECTOR('',#1948,10.);
#538=VECTOR('',#1953,10.);
#539=VECTOR('',#1956,10.);
#540=VECTOR('',#1961,10.);
#541=VECTOR('',#1964,10.);
#542=VECTOR('',#1969,10.);
#543=VECTOR('',#1972,10.);
#544=VECTOR('',#1975,10.);
#545=VECTOR('',#1976,10.);
#546=VECTOR('',#1977,10.);
#547=VECTOR('',#1982,10.);
#548=VECTOR('',#1987,10.);
#549=VECTOR('',#1988,10.);
#550=VECTOR('',#1993,10.);
#551=VECTOR('',#2008,10.);
#552=VECTOR('',#2021,10.);
#553=VECTOR('',#2034,10.);
#554=VECTOR('',#2043,10.);
#555=VECTOR('',#2046,10.);
#556=VECTOR('',#2047,10.);
#557=VECTOR('',#2048,10.);
#558=VECTOR('',#2051,10.);
#559=VECTOR('',#2056,10.);
#560=VECTOR('',#2057,10.);
#561=VECTOR('',#2060,10.);
#562=VECTOR('',#2065,10.);
#563=VECTOR('',#2066,10.);
#564=VECTOR('',#2069,10.);
#565=VECTOR('',#2074,10.);
#566=VECTOR('',#2075,10.);
#567=VECTOR('',#2082,10.);
#568=VECTOR('',#2083,10.);
#569=VECTOR('',#2086,10.);
#570=VECTOR('',#2091,10.);
#571=VECTOR('',#2092,10.);
#572=VECTOR('',#2113,9.75000000000001);
#573=VECTOR('',#2118,9.25);
#574=VECTOR('',#2137,9.75);
#575=VECTOR('',#2142,9.25);
#576=VECTOR('',#2155,10.);
#577=VECTOR('',#2158,10.);
#578=VECTOR('',#2163,10.);
#579=VECTOR('',#2166,10.);
#580=VECTOR('',#2177,10.);
#581=VECTOR('',#2178,10.);
#582=VECTOR('',#2181,10.);
#583=VECTOR('',#2186,10.);
#584=VECTOR('',#2193,10.);
#585=VECTOR('',#2196,10.);
#586=VECTOR('',#2199,10.);
#587=VECTOR('',#2200,10.);
#588=VECTOR('',#2203,10.);
#589=VECTOR('',#2208,10.);
#590=B_SPLINE_CURVE_WITH_KNOTS('',3,(#2217,#2218,#2219,#2220,#2221,#2222,
#2223,#2224,#2225,#2226),.UNSPECIFIED.,.F.,.F.,(4,2,2,2,4),(0.305541720607858,
0.324381101781372,0.343220482954886,0.362215966214864,0.381211449474842),
 .UNSPECIFIED.);
#591=B_SPLINE_CURVE_WITH_KNOTS('',3,(#2230,#2231,#2232,#2233,#2234,#2235,
#2236,#2237,#2238,#2239),.UNSPECIFIED.,.F.,.F.,(4,2,2,2,4),(0.227211395565277,
0.246150541781319,0.265089687997361,0.283940833241797,0.302791978486233),
 .UNSPECIFIED.);
#592=B_SPLINE_CURVE_WITH_KNOTS('',3,(#2245,#2246,#2247,#2248,#2249,#2250,
#2251,#2252,#2253,#2254),.UNSPECIFIED.,.F.,.F.,(4,2,2,2,4),(0.341565845906177,
0.361769786149958,0.381973726393738,0.40503802718847,0.428102327983203),
 .UNSPECIFIED.);
#593=B_SPLINE_CURVE_WITH_KNOTS('',3,(#2314,#2315,#2316,#2317,#2318,#2319,
#2320,#2321,#2322,#2323),.UNSPECIFIED.,.F.,.F.,(4,2,2,2,4),(0.255029363829145,
0.278093664623876,0.301157965418607,0.321361905662387,0.341565845906168),
 .UNSPECIFIED.);
#594=B_SPLINE_CURVE_WITH_KNOTS('',3,(#2327,#2328,#2329,#2330,#2331,#2332,
#2333,#2334,#2335,#2336),.UNSPECIFIED.,.F.,.F.,(4,2,2,2,4),(0.303501818547672,
0.322365965321415,0.341230112095158,0.360230603045949,0.37923109399674),
 .UNSPECIFIED.);
#595=B_SPLINE_CURVE_WITH_KNOTS('',3,(#2344,#2345,#2346,#2347,#2348,#2349,
#2350,#2351,#2352,#2353),.UNSPECIFIED.,.F.,.F.,(4,2,2,2,4),(0.305541720607857,
0.324381101781371,0.343220482954885,0.362215966214863,0.381211449474841),
 .UNSPECIFIED.);
#596=B_SPLINE_CURVE_WITH_KNOTS('',3,(#2355,#2356,#2357,#2358,#2359,#2360,
#2361,#2362,#2363,#2364),.UNSPECIFIED.,.F.,.F.,(4,2,2,2,4),(0.229871991740872,
0.248867475000851,0.267862958260829,0.286702339434343,0.305541720607857),
 .UNSPECIFIED.);
#597=B_SPLINE_CURVE_WITH_KNOTS('',3,(#2378,#2379,#2380,#2381,#2382,#2383,
#2384,#2385,#2386,#2387),.UNSPECIFIED.,.F.,.F.,(4,2,2,2,4),(0.22987199174087,
0.248867475000849,0.267862958260828,0.286702339434342,0.305541720607856),
 .UNSPECIFIED.);
#598=B_SPLINE_CURVE_WITH_KNOTS('',3,(#2658,#2659,#2660,#2661,#2662,#2663,
#2664,#2665),.UNSPECIFIED.,.F.,.F.,(4,2,2,4),(0.0495822370612736,0.0689683174984861,
0.0903131288591295,0.0907206595375894),.UNSPECIFIED.);
#599=B_SPLINE_CURVE_WITH_KNOTS('',3,(#2669,#2670,#2671,#2672,#2673,#2674,
#2675,#2676),.UNSPECIFIED.,.F.,.F.,(4,2,2,4),(-0.000470118954130395,0.,
0.024622932516283,0.0469863135880742),.UNSPECIFIED.);
#600=B_SPLINE_CURVE_WITH_KNOTS('',3,(#2678,#2679,#2680,#2681,#2682,#2683,
#2684,#2685),.UNSPECIFIED.,.F.,.F.,(4,2,2,4),(0.,0.0236371921671635,0.0428326897973952,
0.057456105367145),.UNSPECIFIED.);
#601=B_SPLINE_CURVE_WITH_KNOTS('',3,(#2688,#2689,#2690,#2691,#2692,#2693,
#2694,#2695),.UNSPECIFIED.,.F.,.F.,(4,2,2,4),(0.000111968289968757,0.0146811370039364,
0.0294398717189883,0.0492983673289341),.UNSPECIFIED.);
#602=B_SPLINE_CURVE_WITH_KNOTS('',3,(#2853,#2854,#2855,#2856,#2857,#2858,
#2859,#2860,#2861,#2862,#2863,#2864,#2865,#2866,#2867,#2868,#2869,#2870,
#2871,#2872,#2873,#2874,#2875,#2876,#2877,#2878,#2879,#2880),
 .UNSPECIFIED.,.F.,.F.,(4,3,3,3,3,3,3,3,3,4),(-0.0467163485927154,-0.038355529981471,
-0.0325995542970833,-0.0243442730646203,-0.0238947411182004,-0.0146671433517697,
-0.0116105795514208,-0.00223560988642459,-6.93889390390723E-18,0.000512532552384729),
 .UNSPECIFIED.);
#603=B_SPLINE_CURVE_WITH_KNOTS('',3,(#2882,#2883,#2884,#2885,#2886,#2887,
#2888,#2889,#2890,#2891,#2892,#2893,#2894,#2895,#2896,#2897,#2898,#2899,
#2900),.UNSPECIFIED.,.F.,.F.,(4,1,1,1,1,1,1,1,1,1,1,1,1,1,1,1,4),(-0.775212731923208,
-0.750330416213423,-0.684810754449108,-0.619291092684792,-0.553771430920477,
-0.537391515479398,-0.521011600038319,-0.422732107391845,-0.35721244562753,
-0.291692783863214,-0.226173122098898,-0.193413291216741,-0.160653460334583,
-0.0951337985702673,-0.0296141368059517,0.035905524958364,0.0607874783961992),
 .UNSPECIFIED.);
#604=B_SPLINE_CURVE_WITH_KNOTS('',3,(#2902,#2903,#2904,#2905,#2906,#2907,
#2908,#2909,#2910,#2911,#2912,#2913,#2914,#2915,#2916,#2917,#2918,#2919,
#2920,#2921,#2922,#2923,#2924,#2925,#2926,#2927,#2928,#2929),
 .UNSPECIFIED.,.F.,.F.,(4,3,3,3,3,3,3,3,3,4),(-0.0469489222405162,-0.0464394278284889,
-0.0371190238734932,-0.0348976719029387,-0.0257245516911674,-0.0226863277437808,
-0.014479712544723,-0.0140331128100979,-0.00572139092114069,0.),
 .UNSPECIFIED.);
#605=B_SPLINE_CURVE_WITH_KNOTS('',3,(#2931,#2932,#2933,#2934,#2935,#2936,
#2937,#2938,#2939,#2940,#2941,#2942,#2943,#2944,#2945,#2946,#2947,#2948,
#2949,#2950,#2951,#2952,#2953,#2954,#2955,#2956,#2957,#2958),
 .UNSPECIFIED.,.F.,.F.,(4,3,3,3,3,3,3,3,3,4),(0.,0.00814777448398068,0.0164909396116787,
0.0238568828260876,0.0267652775577885,0.0346717447224129,0.042286059332275,
0.0508448239661078,0.0585778600215495,0.0594035885999406),.UNSPECIFIED.);
#606=B_SPLINE_CURVE_WITH_KNOTS('',3,(#2960,#2961,#2962,#2963,#2964,#2965,
#2966,#2967,#2968,#2969,#2970,#2971,#2972,#2973,#2974,#2975,#2976,#2977,
#2978,#2979,#2980),.UNSPECIFIED.,.F.,.F.,(4,1,1,1,1,1,1,1,1,1,1,1,1,1,1,
1,1,1,4),(-0.10142518672268,-0.0686653558405217,-0.035905524958364,0.0296141368059517,
0.0951337985702673,0.160653460334583,0.193413291216741,0.226173122098898,
0.291692783863214,0.35721244562753,0.422732107391845,0.521011600038319,
0.537391515479398,0.553771430920477,0.619291092684792,0.684810754449108,
0.750330416213423,0.783090247095581,0.815850077977739),.UNSPECIFIED.);
#607=B_SPLINE_CURVE_WITH_KNOTS('',3,(#2981,#2982,#2983,#2984,#2985,#2986,
#2987,#2988),.UNSPECIFIED.,.F.,.F.,(4,2,2,4),(0.,0.0162327101643377,0.0328997756911221,
0.0519300278133701),.UNSPECIFIED.);
#608=B_SPLINE_CURVE_WITH_KNOTS('',3,(#3016,#3017,#3018,#3019,#3020),
 .UNSPECIFIED.,.F.,.F.,(4,1,4),(-1.,-0.571428571428571,-0.414847976306958),
 .UNSPECIFIED.);
#609=B_SPLINE_CURVE_WITH_KNOTS('',3,(#3021,#3022,#3023,#3024),
 .UNSPECIFIED.,.F.,.F.,(4,4),(0.459553815913608,0.479553777850612),
 .UNSPECIFIED.);
#610=B_SPLINE_CURVE_WITH_KNOTS('',3,(#3046,#3047,#3048,#3049),
 .UNSPECIFIED.,.F.,.F.,(4,4),(6.93888331599539E-17,0.0199999608206425),
 .UNSPECIFIED.);
#611=B_SPLINE_CURVE_WITH_KNOTS('',3,(#3050,#3051,#3052,#3053,#3054),
 .UNSPECIFIED.,.F.,.F.,(4,1,4),(-1.,-0.665525123953259,-0.414668966918203),
 .UNSPECIFIED.);
#612=B_SPLINE_CURVE_WITH_KNOTS('',3,(#3085,#3086,#3087,#3088,#3089),
 .UNSPECIFIED.,.F.,.F.,(4,1,4),(0.0199999608206425,0.208380184327905,0.459553815670921),
 .UNSPECIFIED.);
#613=B_SPLINE_CURVE_WITH_KNOTS('',3,(#3090,#3091,#3092,#3093,#3094),
 .UNSPECIFIED.,.F.,.F.,(4,1,4),(-0.423659792964332,-0.208380184327905,-0.0558469593545964),
 .UNSPECIFIED.);
#614=VERTEX_POINT('',#2215);
#615=VERTEX_POINT('',#2216);
#616=VERTEX_POINT('',#2227);
#617=VERTEX_POINT('',#2229);
#618=VERTEX_POINT('',#2242);
#619=VERTEX_POINT('',#2244);
#620=VERTEX_POINT('',#2255);
#621=VERTEX_POINT('',#2257);
#622=VERTEX_POINT('',#2261);
#623=VERTEX_POINT('',#2262);
#624=VERTEX_POINT('',#2264);
#625=VERTEX_POINT('',#2266);
#626=VERTEX_POINT('',#2268);
#627=VERTEX_POINT('',#2270);
#628=VERTEX_POINT('',#2272);
#629=VERTEX_POINT('',#2274);
#630=VERTEX_POINT('',#2277);
#631=VERTEX_POINT('',#2279);
#632=VERTEX_POINT('',#2281);
#633=VERTEX_POINT('',#2283);
#634=VERTEX_POINT('',#2285);
#635=VERTEX_POINT('',#2288);
#636=VERTEX_POINT('',#2290);
#637=VERTEX_POINT('',#2292);
#638=VERTEX_POINT('',#2294);
#639=VERTEX_POINT('',#2296);
#640=VERTEX_POINT('',#2297);
#641=VERTEX_POINT('',#2299);
#642=VERTEX_POINT('',#2301);
#643=VERTEX_POINT('',#2303);
#644=VERTEX_POINT('',#2305);
#645=VERTEX_POINT('',#2307);
#646=VERTEX_POINT('',#2309);
#647=VERTEX_POINT('',#2313);
#648=VERTEX_POINT('',#2326);
#649=VERTEX_POINT('',#2337);
#650=VERTEX_POINT('',#2339);
#651=VERTEX_POINT('',#2343);
#652=VERTEX_POINT('',#2354);
#653=VERTEX_POINT('',#2367);
#654=VERTEX_POINT('',#2369);
#655=VERTEX_POINT('',#2373);
#656=VERTEX_POINT('',#2377);
#657=VERTEX_POINT('',#2390);
#658=VERTEX_POINT('',#2396);
#659=VERTEX_POINT('',#2397);
#660=VERTEX_POINT('',#2399);
#661=VERTEX_POINT('',#2401);
#662=VERTEX_POINT('',#2403);
#663=VERTEX_POINT('',#2405);
#664=VERTEX_POINT('',#2407);
#665=VERTEX_POINT('',#2409);
#666=VERTEX_POINT('',#2412);
#667=VERTEX_POINT('',#2413);
#668=VERTEX_POINT('',#2415);
#669=VERTEX_POINT('',#2417);
#670=VERTEX_POINT('',#2419);
#671=VERTEX_POINT('',#2421);
#672=VERTEX_POINT('',#2423);
#673=VERTEX_POINT('',#2425);
#674=VERTEX_POINT('',#2428);
#675=VERTEX_POINT('',#2430);
#676=VERTEX_POINT('',#2432);
#677=VERTEX_POINT('',#2434);
#678=VERTEX_POINT('',#2481);
#679=VERTEX_POINT('',#2482);
#680=VERTEX_POINT('',#2484);
#681=VERTEX_POINT('',#2486);
#682=VERTEX_POINT('',#2490);
#683=VERTEX_POINT('',#2491);
#684=VERTEX_POINT('',#2493);
#685=VERTEX_POINT('',#2495);
#686=VERTEX_POINT('',#2499);
#687=VERTEX_POINT('',#2500);
#688=VERTEX_POINT('',#2502);
#689=VERTEX_POINT('',#2504);
#690=VERTEX_POINT('',#2508);
#691=VERTEX_POINT('',#2509);
#692=VERTEX_POINT('',#2511);
#693=VERTEX_POINT('',#2513);
#694=VERTEX_POINT('',#2517);
#695=VERTEX_POINT('',#2519);
#696=VERTEX_POINT('',#2524);
#697=VERTEX_POINT('',#2528);
#698=VERTEX_POINT('',#2533);
#699=VERTEX_POINT('',#2537);
#700=VERTEX_POINT('',#2539);
#701=VERTEX_POINT('',#2543);
#702=VERTEX_POINT('',#2547);
#703=VERTEX_POINT('',#2552);
#704=VERTEX_POINT('',#2556);
#705=VERTEX_POINT('',#2561);
#706=VERTEX_POINT('',#2565);
#707=VERTEX_POINT('',#2571);
#708=VERTEX_POINT('',#2573);
#709=VERTEX_POINT('',#2577);
#710=VERTEX_POINT('',#2581);
#711=VERTEX_POINT('',#2585);
#712=VERTEX_POINT('',#2589);
#713=VERTEX_POINT('',#2593);
#714=VERTEX_POINT('',#2597);
#715=VERTEX_POINT('',#2603);
#716=VERTEX_POINT('',#2607);
#717=VERTEX_POINT('',#2611);
#718=VERTEX_POINT('',#2618);
#719=VERTEX_POINT('',#2619);
#720=VERTEX_POINT('',#2622);
#721=VERTEX_POINT('',#2624);
#722=VERTEX_POINT('',#2628);
#723=VERTEX_POINT('',#2632);
#724=VERTEX_POINT('',#2637);
#725=VERTEX_POINT('',#2638);
#726=VERTEX_POINT('',#2641);
#727=VERTEX_POINT('',#2643);
#728=VERTEX_POINT('',#2647);
#729=VERTEX_POINT('',#2651);
#730=VERTEX_POINT('',#2656);
#731=VERTEX_POINT('',#2657);
#732=VERTEX_POINT('',#2666);
#733=VERTEX_POINT('',#2668);
#734=VERTEX_POINT('',#2677);
#735=VERTEX_POINT('',#2686);
#736=VERTEX_POINT('',#2697);
#737=VERTEX_POINT('',#2699);
#738=VERTEX_POINT('',#2703);
#739=VERTEX_POINT('',#2707);
#740=VERTEX_POINT('',#2714);
#741=VERTEX_POINT('',#2718);
#742=VERTEX_POINT('',#2851);
#743=VERTEX_POINT('',#2852);
#744=VERTEX_POINT('',#2881);
#745=VERTEX_POINT('',#2901);
#746=VERTEX_POINT('',#2930);
#747=VERTEX_POINT('',#2959);
#748=VERTEX_POINT('',#2990);
#749=VERTEX_POINT('',#2992);
#750=VERTEX_POINT('',#3015);
#751=VERTEX_POINT('',#3045);
#752=VERTEX_POINT('',#3096);
#753=VERTEX_POINT('',#3100);
#754=EDGE_CURVE('',#614,#615,#590,.T.);
#755=EDGE_CURVE('',#615,#616,#370,.T.);
#756=EDGE_CURVE('',#616,#617,#591,.T.);
#757=EDGE_CURVE('',#617,#614,#371,.T.);
#758=EDGE_CURVE('',#618,#616,#85,.T.);
#759=EDGE_CURVE('',#619,#618,#592,.T.);
#760=EDGE_CURVE('',#620,#619,#372,.T.);
#761=EDGE_CURVE('',#621,#620,#86,.T.);
#762=EDGE_CURVE('',#617,#621,#373,.T.);
#763=EDGE_CURVE('',#622,#623,#87,.T.);
#764=EDGE_CURVE('',#623,#624,#374,.T.);
#765=EDGE_CURVE('',#624,#625,#88,.T.);
#766=EDGE_CURVE('',#625,#626,#375,.T.);
#767=EDGE_CURVE('',#626,#627,#89,.T.);
#768=EDGE_CURVE('',#627,#628,#376,.T.);
#769=EDGE_CURVE('',#628,#629,#90,.T.);
#770=EDGE_CURVE('',#629,#622,#377,.T.);
#771=EDGE_CURVE('',#615,#630,#91,.T.);
#772=EDGE_CURVE('',#631,#630,#378,.T.);
#773=EDGE_CURVE('',#631,#632,#92,.T.);
#774=EDGE_CURVE('',#633,#632,#379,.T.);
#775=EDGE_CURVE('',#633,#634,#93,.T.);
#776=EDGE_CURVE('',#618,#634,#380,.T.);
#777=EDGE_CURVE('',#635,#635,#94,.T.);
#778=EDGE_CURVE('',#636,#636,#95,.T.);
#779=EDGE_CURVE('',#637,#637,#96,.T.);
#780=EDGE_CURVE('',#638,#638,#97,.T.);
#781=EDGE_CURVE('',#639,#640,#381,.F.);
#782=EDGE_CURVE('',#641,#640,#98,.T.);
#783=EDGE_CURVE('',#641,#642,#382,.T.);
#784=EDGE_CURVE('',#643,#642,#99,.T.);
#785=EDGE_CURVE('',#643,#644,#383,.F.);
#786=EDGE_CURVE('',#645,#644,#100,.T.);
#787=EDGE_CURVE('',#645,#646,#384,.T.);
#788=EDGE_CURVE('',#639,#646,#101,.T.);
#789=EDGE_CURVE('',#634,#647,#593,.T.);
#790=EDGE_CURVE('',#647,#619,#385,.T.);
#791=EDGE_CURVE('',#648,#633,#594,.T.);
#792=EDGE_CURVE('',#649,#648,#386,.T.);
#793=EDGE_CURVE('',#650,#649,#102,.T.);
#794=EDGE_CURVE('',#647,#650,#387,.T.);
#795=EDGE_CURVE('',#651,#631,#595,.T.);
#796=EDGE_CURVE('',#630,#652,#596,.T.);
#797=EDGE_CURVE('',#652,#651,#388,.T.);
#798=EDGE_CURVE('',#652,#653,#389,.T.);
#799=EDGE_CURVE('',#654,#653,#390,.T.);
#800=EDGE_CURVE('',#654,#651,#391,.T.);
#801=EDGE_CURVE('',#655,#614,#392,.T.);
#802=EDGE_CURVE('',#653,#655,#103,.T.);
#803=EDGE_CURVE('',#632,#656,#597,.T.);
#804=EDGE_CURVE('',#656,#648,#393,.T.);
#805=EDGE_CURVE('',#656,#657,#394,.T.);
#806=EDGE_CURVE('',#649,#657,#395,.T.);
#807=EDGE_CURVE('',#657,#654,#104,.T.);
#808=EDGE_CURVE('',#658,#659,#105,.T.);
#809=EDGE_CURVE('',#658,#660,#396,.T.);
#810=EDGE_CURVE('',#661,#660,#106,.T.);
#811=EDGE_CURVE('',#661,#662,#397,.T.);
#812=EDGE_CURVE('',#663,#662,#107,.T.);
#813=EDGE_CURVE('',#663,#664,#398,.T.);
#814=EDGE_CURVE('',#665,#664,#108,.T.);
#815=EDGE_CURVE('',#665,#659,#399,.T.);
#816=EDGE_CURVE('',#666,#667,#400,.T.);
#817=EDGE_CURVE('',#668,#667,#109,.T.);
#818=EDGE_CURVE('',#668,#669,#401,.F.);
#819=EDGE_CURVE('',#670,#669,#110,.T.);
#820=EDGE_CURVE('',#670,#671,#402,.T.);
#821=EDGE_CURVE('',#672,#671,#111,.T.);
#822=EDGE_CURVE('',#672,#673,#403,.F.);
#823=EDGE_CURVE('',#666,#673,#112,.T.);
#824=EDGE_CURVE('',#674,#674,#113,.T.);
#825=EDGE_CURVE('',#675,#675,#114,.T.);
#826=EDGE_CURVE('',#676,#676,#115,.T.);
#827=EDGE_CURVE('',#677,#677,#116,.T.);
#828=EDGE_CURVE('',#655,#621,#404,.T.);
#829=EDGE_CURVE('',#620,#650,#405,.T.);
#830=EDGE_CURVE('',#673,#641,#406,.T.);
#831=EDGE_CURVE('',#640,#666,#407,.T.);
#832=EDGE_CURVE('',#642,#672,#408,.T.);
#833=EDGE_CURVE('',#671,#643,#409,.T.);
#834=EDGE_CURVE('',#644,#670,#410,.T.);
#835=EDGE_CURVE('',#646,#668,#411,.T.);
#836=EDGE_CURVE('',#667,#639,#412,.T.);
#837=EDGE_CURVE('',#669,#645,#413,.T.);
#838=EDGE_CURVE('',#635,#677,#414,.T.);
#839=EDGE_CURVE('',#636,#676,#415,.T.);
#840=EDGE_CURVE('',#637,#675,#416,.T.);
#841=EDGE_CURVE('',#638,#674,#417,.T.);
#842=EDGE_CURVE('',#658,#622,#418,.T.);
#843=EDGE_CURVE('',#660,#629,#419,.T.);
#844=EDGE_CURVE('',#661,#628,#420,.T.);
#845=EDGE_CURVE('',#662,#627,#421,.T.);
#846=EDGE_CURVE('',#663,#626,#422,.T.);
#847=EDGE_CURVE('',#664,#625,#423,.T.);
#848=EDGE_CURVE('',#665,#624,#424,.T.);
#849=EDGE_CURVE('',#659,#623,#425,.T.);
#850=EDGE_CURVE('',#678,#679,#117,.T.);
#851=EDGE_CURVE('',#678,#680,#426,.T.);
#852=EDGE_CURVE('',#680,#681,#118,.T.);
#853=EDGE_CURVE('',#679,#681,#427,.T.);
#854=EDGE_CURVE('',#682,#683,#119,.T.);
#855=EDGE_CURVE('',#682,#684,#428,.T.);
#856=EDGE_CURVE('',#684,#685,#120,.T.);
#857=EDGE_CURVE('',#683,#685,#429,.T.);
#858=EDGE_CURVE('',#686,#687,#121,.T.);
#859=EDGE_CURVE('',#686,#688,#430,.T.);
#860=EDGE_CURVE('',#688,#689,#122,.T.);
#861=EDGE_CURVE('',#687,#689,#431,.T.);
#862=EDGE_CURVE('',#690,#691,#123,.T.);
#863=EDGE_CURVE('',#690,#692,#432,.T.);
#864=EDGE_CURVE('',#693,#692,#124,.T.);
#865=EDGE_CURVE('',#691,#693,#433,.T.);
#866=EDGE_CURVE('',#694,#682,#434,.T.);
#867=EDGE_CURVE('',#695,#694,#435,.T.);
#868=EDGE_CURVE('',#695,#684,#436,.T.);
#869=EDGE_CURVE('',#680,#682,#125,.T.);
#870=EDGE_CURVE('',#696,#680,#437,.T.);
#871=EDGE_CURVE('',#696,#694,#126,.T.);
#872=EDGE_CURVE('',#697,#678,#438,.T.);
#873=EDGE_CURVE('',#696,#697,#439,.T.);
#874=EDGE_CURVE('',#692,#678,#127,.T.);
#875=EDGE_CURVE('',#698,#692,#440,.T.);
#876=EDGE_CURVE('',#698,#697,#128,.T.);
#877=EDGE_CURVE('',#679,#699,#129,.T.);
#878=EDGE_CURVE('',#699,#700,#130,.T.);
#879=EDGE_CURVE('',#700,#693,#131,.T.);
#880=EDGE_CURVE('',#701,#691,#132,.T.);
#881=EDGE_CURVE('',#700,#701,#441,.T.);
#882=EDGE_CURVE('',#702,#689,#133,.T.);
#883=EDGE_CURVE('',#688,#690,#134,.T.);
#884=EDGE_CURVE('',#701,#702,#135,.T.);
#885=EDGE_CURVE('',#703,#687,#136,.T.);
#886=EDGE_CURVE('',#702,#703,#442,.T.);
#887=EDGE_CURVE('',#704,#685,#137,.T.);
#888=EDGE_CURVE('',#684,#686,#138,.T.);
#889=EDGE_CURVE('',#703,#704,#139,.T.);
#890=EDGE_CURVE('',#705,#683,#140,.T.);
#891=EDGE_CURVE('',#704,#705,#443,.T.);
#892=EDGE_CURVE('',#706,#681,#141,.T.);
#893=EDGE_CURVE('',#705,#706,#142,.T.);
#894=EDGE_CURVE('',#706,#699,#444,.T.);
#895=EDGE_CURVE('',#707,#702,#445,.T.);
#896=EDGE_CURVE('',#707,#708,#446,.T.);
#897=EDGE_CURVE('',#708,#703,#447,.T.);
#898=EDGE_CURVE('',#709,#701,#448,.T.);
#899=EDGE_CURVE('',#709,#707,#143,.T.);
#900=EDGE_CURVE('',#710,#700,#449,.T.);
#901=EDGE_CURVE('',#710,#709,#450,.T.);
#902=EDGE_CURVE('',#711,#699,#451,.T.);
#903=EDGE_CURVE('',#711,#710,#144,.T.);
#904=EDGE_CURVE('',#712,#706,#452,.T.);
#905=EDGE_CURVE('',#712,#711,#453,.T.);
#906=EDGE_CURVE('',#713,#705,#454,.T.);
#907=EDGE_CURVE('',#713,#712,#145,.T.);
#908=EDGE_CURVE('',#714,#704,#455,.T.);
#909=EDGE_CURVE('',#714,#713,#456,.T.);
#910=EDGE_CURVE('',#708,#714,#146,.T.);
#911=EDGE_CURVE('',#715,#690,#457,.T.);
#912=EDGE_CURVE('',#698,#715,#458,.T.);
#913=EDGE_CURVE('',#716,#688,#459,.T.);
#914=EDGE_CURVE('',#716,#715,#147,.T.);
#915=EDGE_CURVE('',#717,#686,#460,.T.);
#916=EDGE_CURVE('',#716,#717,#461,.T.);
#917=EDGE_CURVE('',#695,#717,#148,.T.);
#918=EDGE_CURVE('',#718,#719,#149,.T.);
#919=EDGE_CURVE('',#719,#718,#150,.T.);
#920=EDGE_CURVE('',#718,#720,#151,.T.);
#921=EDGE_CURVE('',#720,#721,#152,.T.);
#922=EDGE_CURVE('',#721,#720,#153,.T.);
#923=EDGE_CURVE('',#719,#722,#462,.T.);
#924=EDGE_CURVE('',#722,#722,#154,.T.);
#925=EDGE_CURVE('',#721,#723,#463,.T.);
#926=EDGE_CURVE('',#723,#723,#155,.T.);
#927=EDGE_CURVE('',#724,#725,#156,.T.);
#928=EDGE_CURVE('',#725,#724,#157,.T.);
#929=EDGE_CURVE('',#724,#726,#158,.T.);
#930=EDGE_CURVE('',#726,#727,#159,.T.);
#931=EDGE_CURVE('',#727,#726,#160,.T.);
#932=EDGE_CURVE('',#725,#728,#464,.T.);
#933=EDGE_CURVE('',#728,#728,#161,.T.);
#934=EDGE_CURVE('',#727,#729,#465,.T.);
#935=EDGE_CURVE('',#729,#729,#162,.T.);
#936=EDGE_CURVE('',#730,#731,#598,.T.);
#937=EDGE_CURVE('',#731,#732,#163,.T.);
#938=EDGE_CURVE('',#732,#733,#599,.T.);
#939=EDGE_CURVE('',#733,#734,#600,.T.);
#940=EDGE_CURVE('',#734,#735,#164,.T.);
#941=EDGE_CURVE('',#735,#730,#601,.T.);
#942=EDGE_CURVE('',#736,#734,#466,.T.);
#943=EDGE_CURVE('',#736,#737,#165,.T.);
#944=EDGE_CURVE('',#737,#735,#467,.T.);
#945=EDGE_CURVE('',#738,#733,#166,.T.);
#946=EDGE_CURVE('',#738,#734,#468,.T.);
#947=EDGE_CURVE('',#735,#739,#469,.T.);
#948=EDGE_CURVE('',#739,#730,#167,.T.);
#949=EDGE_CURVE('',#739,#738,#168,.T.);
#950=EDGE_CURVE('',#732,#731,#169,.T.);
#951=EDGE_CURVE('',#740,#738,#470,.T.);
#952=EDGE_CURVE('',#736,#740,#471,.F.);
#953=EDGE_CURVE('',#741,#739,#472,.T.);
#954=EDGE_CURVE('',#740,#741,#170,.F.);
#955=EDGE_CURVE('',#741,#737,#473,.F.);
#956=EDGE_CURVE('',#742,#743,#602,.T.);
#957=EDGE_CURVE('',#743,#744,#603,.T.);
#958=EDGE_CURVE('',#744,#745,#604,.T.);
#959=EDGE_CURVE('',#745,#746,#605,.T.);
#960=EDGE_CURVE('',#746,#747,#606,.T.);
#961=EDGE_CURVE('',#747,#742,#607,.T.);
#962=EDGE_CURVE('',#748,#746,#474,.T.);
#963=EDGE_CURVE('',#748,#749,#171,.T.);
#964=EDGE_CURVE('',#749,#747,#475,.T.);
#965=EDGE_CURVE('',#750,#745,#608,.T.);
#966=EDGE_CURVE('',#750,#746,#609,.T.);
#967=EDGE_CURVE('',#747,#751,#610,.T.);
#968=EDGE_CURVE('',#751,#742,#611,.T.);
#969=EDGE_CURVE('',#751,#750,#612,.T.);
#970=EDGE_CURVE('',#744,#743,#613,.T.);
#971=EDGE_CURVE('',#752,#750,#476,.T.);
#972=EDGE_CURVE('',#748,#752,#477,.F.);
#973=EDGE_CURVE('',#753,#751,#478,.T.);
#974=EDGE_CURVE('',#752,#753,#172,.F.);
#975=EDGE_CURVE('',#753,#749,#479,.F.);
#976=ORIENTED_EDGE('',*,*,#754,.T.);
#977=ORIENTED_EDGE('',*,*,#755,.T.);
#978=ORIENTED_EDGE('',*,*,#756,.T.);
#979=ORIENTED_EDGE('',*,*,#757,.T.);
#980=ORIENTED_EDGE('',*,*,#756,.F.);
#981=ORIENTED_EDGE('',*,*,#758,.F.);
#982=ORIENTED_EDGE('',*,*,#759,.F.);
#983=ORIENTED_EDGE('',*,*,#760,.F.);
#984=ORIENTED_EDGE('',*,*,#761,.F.);
#985=ORIENTED_EDGE('',*,*,#762,.F.);
#986=ORIENTED_EDGE('',*,*,#763,.T.);
#987=ORIENTED_EDGE('',*,*,#764,.T.);
#988=ORIENTED_EDGE('',*,*,#765,.T.);
#989=ORIENTED_EDGE('',*,*,#766,.T.);
#990=ORIENTED_EDGE('',*,*,#767,.T.);
#991=ORIENTED_EDGE('',*,*,#768,.T.);
#992=ORIENTED_EDGE('',*,*,#769,.T.);
#993=ORIENTED_EDGE('',*,*,#770,.T.);
#994=ORIENTED_EDGE('',*,*,#755,.F.);
#995=ORIENTED_EDGE('',*,*,#771,.T.);
#996=ORIENTED_EDGE('',*,*,#772,.F.);
#997=ORIENTED_EDGE('',*,*,#773,.T.);
#998=ORIENTED_EDGE('',*,*,#774,.F.);
#999=ORIENTED_EDGE('',*,*,#775,.T.);
#1000=ORIENTED_EDGE('',*,*,#776,.F.);
#1001=ORIENTED_EDGE('',*,*,#758,.T.);
#1002=ORIENTED_EDGE('',*,*,#777,.T.);
#1003=ORIENTED_EDGE('',*,*,#778,.T.);
#1004=ORIENTED_EDGE('',*,*,#779,.T.);
#1005=ORIENTED_EDGE('',*,*,#780,.T.);
#1006=ORIENTED_EDGE('',*,*,#781,.T.);
#1007=ORIENTED_EDGE('',*,*,#782,.F.);
#1008=ORIENTED_EDGE('',*,*,#783,.T.);
#1009=ORIENTED_EDGE('',*,*,#784,.F.);
#1010=ORIENTED_EDGE('',*,*,#785,.T.);
#1011=ORIENTED_EDGE('',*,*,#786,.F.);
#1012=ORIENTED_EDGE('',*,*,#787,.T.);
#1013=ORIENTED_EDGE('',*,*,#788,.F.);
#1014=ORIENTED_EDGE('',*,*,#759,.T.);
#1015=ORIENTED_EDGE('',*,*,#776,.T.);
#1016=ORIENTED_EDGE('',*,*,#789,.T.);
#1017=ORIENTED_EDGE('',*,*,#790,.T.);
#1018=ORIENTED_EDGE('',*,*,#789,.F.);
#1019=ORIENTED_EDGE('',*,*,#775,.F.);
#1020=ORIENTED_EDGE('',*,*,#791,.F.);
#1021=ORIENTED_EDGE('',*,*,#792,.F.);
#1022=ORIENTED_EDGE('',*,*,#793,.F.);
#1023=ORIENTED_EDGE('',*,*,#794,.F.);
#1024=ORIENTED_EDGE('',*,*,#795,.T.);
#1025=ORIENTED_EDGE('',*,*,#772,.T.);
#1026=ORIENTED_EDGE('',*,*,#796,.T.);
#1027=ORIENTED_EDGE('',*,*,#797,.T.);
#1028=ORIENTED_EDGE('',*,*,#797,.F.);
#1029=ORIENTED_EDGE('',*,*,#798,.T.);
#1030=ORIENTED_EDGE('',*,*,#799,.F.);
#1031=ORIENTED_EDGE('',*,*,#800,.T.);
#1032=ORIENTED_EDGE('',*,*,#754,.F.);
#1033=ORIENTED_EDGE('',*,*,#801,.F.);
#1034=ORIENTED_EDGE('',*,*,#802,.F.);
#1035=ORIENTED_EDGE('',*,*,#798,.F.);
#1036=ORIENTED_EDGE('',*,*,#796,.F.);
#1037=ORIENTED_EDGE('',*,*,#771,.F.);
#1038=ORIENTED_EDGE('',*,*,#791,.T.);
#1039=ORIENTED_EDGE('',*,*,#774,.T.);
#1040=ORIENTED_EDGE('',*,*,#803,.T.);
#1041=ORIENTED_EDGE('',*,*,#804,.T.);
#1042=ORIENTED_EDGE('',*,*,#804,.F.);
#1043=ORIENTED_EDGE('',*,*,#805,.T.);
#1044=ORIENTED_EDGE('',*,*,#806,.F.);
#1045=ORIENTED_EDGE('',*,*,#792,.T.);
#1046=ORIENTED_EDGE('',*,*,#795,.F.);
#1047=ORIENTED_EDGE('',*,*,#800,.F.);
#1048=ORIENTED_EDGE('',*,*,#807,.F.);
#1049=ORIENTED_EDGE('',*,*,#805,.F.);
#1050=ORIENTED_EDGE('',*,*,#803,.F.);
#1051=ORIENTED_EDGE('',*,*,#773,.F.);
#1052=ORIENTED_EDGE('',*,*,#808,.F.);
#1053=ORIENTED_EDGE('',*,*,#809,.T.);
#1054=ORIENTED_EDGE('',*,*,#810,.F.);
#1055=ORIENTED_EDGE('',*,*,#811,.T.);
#1056=ORIENTED_EDGE('',*,*,#812,.F.);
#1057=ORIENTED_EDGE('',*,*,#813,.T.);
#1058=ORIENTED_EDGE('',*,*,#814,.F.);
#1059=ORIENTED_EDGE('',*,*,#815,.T.);
#1060=ORIENTED_EDGE('',*,*,#816,.T.);
#1061=ORIENTED_EDGE('',*,*,#817,.F.);
#1062=ORIENTED_EDGE('',*,*,#818,.T.);
#1063=ORIENTED_EDGE('',*,*,#819,.F.);
#1064=ORIENTED_EDGE('',*,*,#820,.T.);
#1065=ORIENTED_EDGE('',*,*,#821,.F.);
#1066=ORIENTED_EDGE('',*,*,#822,.T.);
#1067=ORIENTED_EDGE('',*,*,#823,.F.);
#1068=ORIENTED_EDGE('',*,*,#824,.F.);
#1069=ORIENTED_EDGE('',*,*,#825,.F.);
#1070=ORIENTED_EDGE('',*,*,#826,.F.);
#1071=ORIENTED_EDGE('',*,*,#827,.F.);
#1072=ORIENTED_EDGE('',*,*,#802,.T.);
#1073=ORIENTED_EDGE('',*,*,#828,.T.);
#1074=ORIENTED_EDGE('',*,*,#761,.T.);
#1075=ORIENTED_EDGE('',*,*,#829,.T.);
#1076=ORIENTED_EDGE('',*,*,#793,.T.);
#1077=ORIENTED_EDGE('',*,*,#806,.T.);
#1078=ORIENTED_EDGE('',*,*,#807,.T.);
#1079=ORIENTED_EDGE('',*,*,#799,.T.);
#1080=ORIENTED_EDGE('',*,*,#757,.F.);
#1081=ORIENTED_EDGE('',*,*,#762,.T.);
#1082=ORIENTED_EDGE('',*,*,#828,.F.);
#1083=ORIENTED_EDGE('',*,*,#801,.T.);
#1084=ORIENTED_EDGE('',*,*,#823,.T.);
#1085=ORIENTED_EDGE('',*,*,#830,.T.);
#1086=ORIENTED_EDGE('',*,*,#782,.T.);
#1087=ORIENTED_EDGE('',*,*,#831,.T.);
#1088=ORIENTED_EDGE('',*,*,#830,.F.);
#1089=ORIENTED_EDGE('',*,*,#822,.F.);
#1090=ORIENTED_EDGE('',*,*,#832,.F.);
#1091=ORIENTED_EDGE('',*,*,#783,.F.);
#1092=ORIENTED_EDGE('',*,*,#821,.T.);
#1093=ORIENTED_EDGE('',*,*,#833,.T.);
#1094=ORIENTED_EDGE('',*,*,#784,.T.);
#1095=ORIENTED_EDGE('',*,*,#832,.T.);
#1096=ORIENTED_EDGE('',*,*,#833,.F.);
#1097=ORIENTED_EDGE('',*,*,#820,.F.);
#1098=ORIENTED_EDGE('',*,*,#834,.F.);
#1099=ORIENTED_EDGE('',*,*,#785,.F.);
#1100=ORIENTED_EDGE('',*,*,#788,.T.);
#1101=ORIENTED_EDGE('',*,*,#835,.T.);
#1102=ORIENTED_EDGE('',*,*,#817,.T.);
#1103=ORIENTED_EDGE('',*,*,#836,.T.);
#1104=ORIENTED_EDGE('',*,*,#835,.F.);
#1105=ORIENTED_EDGE('',*,*,#787,.F.);
#1106=ORIENTED_EDGE('',*,*,#837,.F.);
#1107=ORIENTED_EDGE('',*,*,#818,.F.);
#1108=ORIENTED_EDGE('',*,*,#819,.T.);
#1109=ORIENTED_EDGE('',*,*,#837,.T.);
#1110=ORIENTED_EDGE('',*,*,#786,.T.);
#1111=ORIENTED_EDGE('',*,*,#834,.T.);
#1112=ORIENTED_EDGE('',*,*,#790,.F.);
#1113=ORIENTED_EDGE('',*,*,#794,.T.);
#1114=ORIENTED_EDGE('',*,*,#829,.F.);
#1115=ORIENTED_EDGE('',*,*,#760,.T.);
#1116=ORIENTED_EDGE('',*,*,#777,.F.);
#1117=ORIENTED_EDGE('',*,*,#838,.T.);
#1118=ORIENTED_EDGE('',*,*,#827,.T.);
#1119=ORIENTED_EDGE('',*,*,#838,.F.);
#1120=ORIENTED_EDGE('',*,*,#778,.F.);
#1121=ORIENTED_EDGE('',*,*,#839,.T.);
#1122=ORIENTED_EDGE('',*,*,#826,.T.);
#1123=ORIENTED_EDGE('',*,*,#839,.F.);
#1124=ORIENTED_EDGE('',*,*,#779,.F.);
#1125=ORIENTED_EDGE('',*,*,#840,.T.);
#1126=ORIENTED_EDGE('',*,*,#825,.T.);
#1127=ORIENTED_EDGE('',*,*,#840,.F.);
#1128=ORIENTED_EDGE('',*,*,#780,.F.);
#1129=ORIENTED_EDGE('',*,*,#841,.T.);
#1130=ORIENTED_EDGE('',*,*,#824,.T.);
#1131=ORIENTED_EDGE('',*,*,#841,.F.);
#1132=ORIENTED_EDGE('',*,*,#809,.F.);
#1133=ORIENTED_EDGE('',*,*,#842,.T.);
#1134=ORIENTED_EDGE('',*,*,#770,.F.);
#1135=ORIENTED_EDGE('',*,*,#843,.F.);
#1136=ORIENTED_EDGE('',*,*,#810,.T.);
#1137=ORIENTED_EDGE('',*,*,#843,.T.);
#1138=ORIENTED_EDGE('',*,*,#769,.F.);
#1139=ORIENTED_EDGE('',*,*,#844,.F.);
#1140=ORIENTED_EDGE('',*,*,#811,.F.);
#1141=ORIENTED_EDGE('',*,*,#844,.T.);
#1142=ORIENTED_EDGE('',*,*,#768,.F.);
#1143=ORIENTED_EDGE('',*,*,#845,.F.);
#1144=ORIENTED_EDGE('',*,*,#812,.T.);
#1145=ORIENTED_EDGE('',*,*,#845,.T.);
#1146=ORIENTED_EDGE('',*,*,#767,.F.);
#1147=ORIENTED_EDGE('',*,*,#846,.F.);
#1148=ORIENTED_EDGE('',*,*,#813,.F.);
#1149=ORIENTED_EDGE('',*,*,#846,.T.);
#1150=ORIENTED_EDGE('',*,*,#766,.F.);
#1151=ORIENTED_EDGE('',*,*,#847,.F.);
#1152=ORIENTED_EDGE('',*,*,#814,.T.);
#1153=ORIENTED_EDGE('',*,*,#847,.T.);
#1154=ORIENTED_EDGE('',*,*,#765,.F.);
#1155=ORIENTED_EDGE('',*,*,#848,.F.);
#1156=ORIENTED_EDGE('',*,*,#815,.F.);
#1157=ORIENTED_EDGE('',*,*,#848,.T.);
#1158=ORIENTED_EDGE('',*,*,#764,.F.);
#1159=ORIENTED_EDGE('',*,*,#849,.F.);
#1160=ORIENTED_EDGE('',*,*,#808,.T.);
#1161=ORIENTED_EDGE('',*,*,#849,.T.);
#1162=ORIENTED_EDGE('',*,*,#763,.F.);
#1163=ORIENTED_EDGE('',*,*,#842,.F.);
#1164=ORIENTED_EDGE('',*,*,#831,.F.);
#1165=ORIENTED_EDGE('',*,*,#781,.F.);
#1166=ORIENTED_EDGE('',*,*,#836,.F.);
#1167=ORIENTED_EDGE('',*,*,#816,.F.);
#1168=ORIENTED_EDGE('',*,*,#850,.F.);
#1169=ORIENTED_EDGE('',*,*,#851,.T.);
#1170=ORIENTED_EDGE('',*,*,#852,.T.);
#1171=ORIENTED_EDGE('',*,*,#853,.F.);
#1172=ORIENTED_EDGE('',*,*,#854,.F.);
#1173=ORIENTED_EDGE('',*,*,#855,.T.);
#1174=ORIENTED_EDGE('',*,*,#856,.T.);
#1175=ORIENTED_EDGE('',*,*,#857,.F.);
#1176=ORIENTED_EDGE('',*,*,#858,.F.);
#1177=ORIENTED_EDGE('',*,*,#859,.T.);
#1178=ORIENTED_EDGE('',*,*,#860,.T.);
#1179=ORIENTED_EDGE('',*,*,#861,.F.);
#1180=ORIENTED_EDGE('',*,*,#862,.F.);
#1181=ORIENTED_EDGE('',*,*,#863,.T.);
#1182=ORIENTED_EDGE('',*,*,#864,.F.);
#1183=ORIENTED_EDGE('',*,*,#865,.F.);
#1184=ORIENTED_EDGE('',*,*,#855,.F.);
#1185=ORIENTED_EDGE('',*,*,#866,.F.);
#1186=ORIENTED_EDGE('',*,*,#867,.F.);
#1187=ORIENTED_EDGE('',*,*,#868,.T.);
#1188=ORIENTED_EDGE('',*,*,#869,.F.);
#1189=ORIENTED_EDGE('',*,*,#870,.F.);
#1190=ORIENTED_EDGE('',*,*,#871,.T.);
#1191=ORIENTED_EDGE('',*,*,#866,.T.);
#1192=ORIENTED_EDGE('',*,*,#851,.F.);
#1193=ORIENTED_EDGE('',*,*,#872,.F.);
#1194=ORIENTED_EDGE('',*,*,#873,.F.);
#1195=ORIENTED_EDGE('',*,*,#870,.T.);
#1196=ORIENTED_EDGE('',*,*,#874,.F.);
#1197=ORIENTED_EDGE('',*,*,#875,.F.);
#1198=ORIENTED_EDGE('',*,*,#876,.T.);
#1199=ORIENTED_EDGE('',*,*,#872,.T.);
#1200=ORIENTED_EDGE('',*,*,#877,.T.);
#1201=ORIENTED_EDGE('',*,*,#878,.T.);
#1202=ORIENTED_EDGE('',*,*,#879,.T.);
#1203=ORIENTED_EDGE('',*,*,#864,.T.);
#1204=ORIENTED_EDGE('',*,*,#874,.T.);
#1205=ORIENTED_EDGE('',*,*,#850,.T.);
#1206=ORIENTED_EDGE('',*,*,#880,.T.);
#1207=ORIENTED_EDGE('',*,*,#865,.T.);
#1208=ORIENTED_EDGE('',*,*,#879,.F.);
#1209=ORIENTED_EDGE('',*,*,#881,.T.);
#1210=ORIENTED_EDGE('',*,*,#882,.T.);
#1211=ORIENTED_EDGE('',*,*,#860,.F.);
#1212=ORIENTED_EDGE('',*,*,#883,.T.);
#1213=ORIENTED_EDGE('',*,*,#862,.T.);
#1214=ORIENTED_EDGE('',*,*,#880,.F.);
#1215=ORIENTED_EDGE('',*,*,#884,.T.);
#1216=ORIENTED_EDGE('',*,*,#885,.T.);
#1217=ORIENTED_EDGE('',*,*,#861,.T.);
#1218=ORIENTED_EDGE('',*,*,#882,.F.);
#1219=ORIENTED_EDGE('',*,*,#886,.T.);
#1220=ORIENTED_EDGE('',*,*,#887,.T.);
#1221=ORIENTED_EDGE('',*,*,#856,.F.);
#1222=ORIENTED_EDGE('',*,*,#888,.T.);
#1223=ORIENTED_EDGE('',*,*,#858,.T.);
#1224=ORIENTED_EDGE('',*,*,#885,.F.);
#1225=ORIENTED_EDGE('',*,*,#889,.T.);
#1226=ORIENTED_EDGE('',*,*,#890,.T.);
#1227=ORIENTED_EDGE('',*,*,#857,.T.);
#1228=ORIENTED_EDGE('',*,*,#887,.F.);
#1229=ORIENTED_EDGE('',*,*,#891,.T.);
#1230=ORIENTED_EDGE('',*,*,#892,.T.);
#1231=ORIENTED_EDGE('',*,*,#852,.F.);
#1232=ORIENTED_EDGE('',*,*,#869,.T.);
#1233=ORIENTED_EDGE('',*,*,#854,.T.);
#1234=ORIENTED_EDGE('',*,*,#890,.F.);
#1235=ORIENTED_EDGE('',*,*,#893,.T.);
#1236=ORIENTED_EDGE('',*,*,#877,.F.);
#1237=ORIENTED_EDGE('',*,*,#853,.T.);
#1238=ORIENTED_EDGE('',*,*,#892,.F.);
#1239=ORIENTED_EDGE('',*,*,#894,.T.);
#1240=ORIENTED_EDGE('',*,*,#886,.F.);
#1241=ORIENTED_EDGE('',*,*,#895,.F.);
#1242=ORIENTED_EDGE('',*,*,#896,.T.);
#1243=ORIENTED_EDGE('',*,*,#897,.T.);
#1244=ORIENTED_EDGE('',*,*,#884,.F.);
#1245=ORIENTED_EDGE('',*,*,#898,.F.);
#1246=ORIENTED_EDGE('',*,*,#899,.T.);
#1247=ORIENTED_EDGE('',*,*,#895,.T.);
#1248=ORIENTED_EDGE('',*,*,#881,.F.);
#1249=ORIENTED_EDGE('',*,*,#900,.F.);
#1250=ORIENTED_EDGE('',*,*,#901,.T.);
#1251=ORIENTED_EDGE('',*,*,#898,.T.);
#1252=ORIENTED_EDGE('',*,*,#878,.F.);
#1253=ORIENTED_EDGE('',*,*,#902,.F.);
#1254=ORIENTED_EDGE('',*,*,#903,.T.);
#1255=ORIENTED_EDGE('',*,*,#900,.T.);
#1256=ORIENTED_EDGE('',*,*,#894,.F.);
#1257=ORIENTED_EDGE('',*,*,#904,.F.);
#1258=ORIENTED_EDGE('',*,*,#905,.T.);
#1259=ORIENTED_EDGE('',*,*,#902,.T.);
#1260=ORIENTED_EDGE('',*,*,#893,.F.);
#1261=ORIENTED_EDGE('',*,*,#906,.F.);
#1262=ORIENTED_EDGE('',*,*,#907,.T.);
#1263=ORIENTED_EDGE('',*,*,#904,.T.);
#1264=ORIENTED_EDGE('',*,*,#891,.F.);
#1265=ORIENTED_EDGE('',*,*,#908,.F.);
#1266=ORIENTED_EDGE('',*,*,#909,.T.);
#1267=ORIENTED_EDGE('',*,*,#906,.T.);
#1268=ORIENTED_EDGE('',*,*,#889,.F.);
#1269=ORIENTED_EDGE('',*,*,#897,.F.);
#1270=ORIENTED_EDGE('',*,*,#910,.T.);
#1271=ORIENTED_EDGE('',*,*,#908,.T.);
#1272=ORIENTED_EDGE('',*,*,#863,.F.);
#1273=ORIENTED_EDGE('',*,*,#911,.F.);
#1274=ORIENTED_EDGE('',*,*,#912,.F.);
#1275=ORIENTED_EDGE('',*,*,#875,.T.);
#1276=ORIENTED_EDGE('',*,*,#883,.F.);
#1277=ORIENTED_EDGE('',*,*,#913,.F.);
#1278=ORIENTED_EDGE('',*,*,#914,.T.);
#1279=ORIENTED_EDGE('',*,*,#911,.T.);
#1280=ORIENTED_EDGE('',*,*,#859,.F.);
#1281=ORIENTED_EDGE('',*,*,#915,.F.);
#1282=ORIENTED_EDGE('',*,*,#916,.F.);
#1283=ORIENTED_EDGE('',*,*,#913,.T.);
#1284=ORIENTED_EDGE('',*,*,#888,.F.);
#1285=ORIENTED_EDGE('',*,*,#868,.F.);
#1286=ORIENTED_EDGE('',*,*,#917,.T.);
#1287=ORIENTED_EDGE('',*,*,#915,.T.);
#1288=ORIENTED_EDGE('',*,*,#876,.F.);
#1289=ORIENTED_EDGE('',*,*,#912,.T.);
#1290=ORIENTED_EDGE('',*,*,#914,.F.);
#1291=ORIENTED_EDGE('',*,*,#916,.T.);
#1292=ORIENTED_EDGE('',*,*,#917,.F.);
#1293=ORIENTED_EDGE('',*,*,#867,.T.);
#1294=ORIENTED_EDGE('',*,*,#871,.F.);
#1295=ORIENTED_EDGE('',*,*,#873,.T.);
#1296=ORIENTED_EDGE('',*,*,#903,.F.);
#1297=ORIENTED_EDGE('',*,*,#905,.F.);
#1298=ORIENTED_EDGE('',*,*,#907,.F.);
#1299=ORIENTED_EDGE('',*,*,#909,.F.);
#1300=ORIENTED_EDGE('',*,*,#910,.F.);
#1301=ORIENTED_EDGE('',*,*,#896,.F.);
#1302=ORIENTED_EDGE('',*,*,#899,.F.);
#1303=ORIENTED_EDGE('',*,*,#901,.F.);
#1304=ORIENTED_EDGE('',*,*,#918,.T.);
#1305=ORIENTED_EDGE('',*,*,#919,.T.);
#1306=ORIENTED_EDGE('',*,*,#920,.T.);
#1307=ORIENTED_EDGE('',*,*,#921,.T.);
#1308=ORIENTED_EDGE('',*,*,#922,.T.);
#1309=ORIENTED_EDGE('',*,*,#920,.F.);
#1310=ORIENTED_EDGE('',*,*,#918,.F.);
#1311=ORIENTED_EDGE('',*,*,#919,.F.);
#1312=ORIENTED_EDGE('',*,*,#923,.T.);
#1313=ORIENTED_EDGE('',*,*,#924,.T.);
#1314=ORIENTED_EDGE('',*,*,#923,.F.);
#1315=ORIENTED_EDGE('',*,*,#921,.F.);
#1316=ORIENTED_EDGE('',*,*,#922,.F.);
#1317=ORIENTED_EDGE('',*,*,#925,.T.);
#1318=ORIENTED_EDGE('',*,*,#926,.T.);
#1319=ORIENTED_EDGE('',*,*,#925,.F.);
#1320=ORIENTED_EDGE('',*,*,#924,.F.);
#1321=ORIENTED_EDGE('',*,*,#926,.F.);
#1322=ORIENTED_EDGE('',*,*,#927,.T.);
#1323=ORIENTED_EDGE('',*,*,#928,.T.);
#1324=ORIENTED_EDGE('',*,*,#929,.T.);
#1325=ORIENTED_EDGE('',*,*,#930,.T.);
#1326=ORIENTED_EDGE('',*,*,#931,.T.);
#1327=ORIENTED_EDGE('',*,*,#929,.F.);
#1328=ORIENTED_EDGE('',*,*,#927,.F.);
#1329=ORIENTED_EDGE('',*,*,#928,.F.);
#1330=ORIENTED_EDGE('',*,*,#932,.T.);
#1331=ORIENTED_EDGE('',*,*,#933,.T.);
#1332=ORIENTED_EDGE('',*,*,#932,.F.);
#1333=ORIENTED_EDGE('',*,*,#930,.F.);
#1334=ORIENTED_EDGE('',*,*,#931,.F.);
#1335=ORIENTED_EDGE('',*,*,#934,.T.);
#1336=ORIENTED_EDGE('',*,*,#935,.T.);
#1337=ORIENTED_EDGE('',*,*,#934,.F.);
#1338=ORIENTED_EDGE('',*,*,#933,.F.);
#1339=ORIENTED_EDGE('',*,*,#935,.F.);
#1340=ORIENTED_EDGE('',*,*,#936,.T.);
#1341=ORIENTED_EDGE('',*,*,#937,.T.);
#1342=ORIENTED_EDGE('',*,*,#938,.T.);
#1343=ORIENTED_EDGE('',*,*,#939,.T.);
#1344=ORIENTED_EDGE('',*,*,#940,.T.);
#1345=ORIENTED_EDGE('',*,*,#941,.T.);
#1346=ORIENTED_EDGE('',*,*,#940,.F.);
#1347=ORIENTED_EDGE('',*,*,#942,.F.);
#1348=ORIENTED_EDGE('',*,*,#943,.T.);
#1349=ORIENTED_EDGE('',*,*,#944,.T.);
#1350=ORIENTED_EDGE('',*,*,#939,.F.);
#1351=ORIENTED_EDGE('',*,*,#945,.F.);
#1352=ORIENTED_EDGE('',*,*,#946,.T.);
#1353=ORIENTED_EDGE('',*,*,#941,.F.);
#1354=ORIENTED_EDGE('',*,*,#947,.T.);
#1355=ORIENTED_EDGE('',*,*,#948,.T.);
#1356=ORIENTED_EDGE('',*,*,#936,.F.);
#1357=ORIENTED_EDGE('',*,*,#948,.F.);
#1358=ORIENTED_EDGE('',*,*,#949,.T.);
#1359=ORIENTED_EDGE('',*,*,#945,.T.);
#1360=ORIENTED_EDGE('',*,*,#938,.F.);
#1361=ORIENTED_EDGE('',*,*,#950,.T.);
#1362=ORIENTED_EDGE('',*,*,#946,.F.);
#1363=ORIENTED_EDGE('',*,*,#951,.F.);
#1364=ORIENTED_EDGE('',*,*,#952,.F.);
#1365=ORIENTED_EDGE('',*,*,#942,.T.);
#1366=ORIENTED_EDGE('',*,*,#949,.F.);
#1367=ORIENTED_EDGE('',*,*,#953,.F.);
#1368=ORIENTED_EDGE('',*,*,#954,.F.);
#1369=ORIENTED_EDGE('',*,*,#951,.T.);
#1370=ORIENTED_EDGE('',*,*,#947,.F.);
#1371=ORIENTED_EDGE('',*,*,#944,.F.);
#1372=ORIENTED_EDGE('',*,*,#955,.F.);
#1373=ORIENTED_EDGE('',*,*,#953,.T.);
#1374=ORIENTED_EDGE('',*,*,#937,.F.);
#1375=ORIENTED_EDGE('',*,*,#950,.F.);
#1376=ORIENTED_EDGE('',*,*,#943,.F.);
#1377=ORIENTED_EDGE('',*,*,#952,.T.);
#1378=ORIENTED_EDGE('',*,*,#954,.T.);
#1379=ORIENTED_EDGE('',*,*,#955,.T.);
#1380=ORIENTED_EDGE('',*,*,#956,.T.);
#1381=ORIENTED_EDGE('',*,*,#957,.T.);
#1382=ORIENTED_EDGE('',*,*,#958,.T.);
#1383=ORIENTED_EDGE('',*,*,#959,.T.);
#1384=ORIENTED_EDGE('',*,*,#960,.T.);
#1385=ORIENTED_EDGE('',*,*,#961,.T.);
#1386=ORIENTED_EDGE('',*,*,#960,.F.);
#1387=ORIENTED_EDGE('',*,*,#962,.F.);
#1388=ORIENTED_EDGE('',*,*,#963,.T.);
#1389=ORIENTED_EDGE('',*,*,#964,.T.);
#1390=ORIENTED_EDGE('',*,*,#959,.F.);
#1391=ORIENTED_EDGE('',*,*,#965,.F.);
#1392=ORIENTED_EDGE('',*,*,#966,.T.);
#1393=ORIENTED_EDGE('',*,*,#961,.F.);
#1394=ORIENTED_EDGE('',*,*,#967,.T.);
#1395=ORIENTED_EDGE('',*,*,#968,.T.);
#1396=ORIENTED_EDGE('',*,*,#956,.F.);
#1397=ORIENTED_EDGE('',*,*,#968,.F.);
#1398=ORIENTED_EDGE('',*,*,#969,.T.);
#1399=ORIENTED_EDGE('',*,*,#965,.T.);
#1400=ORIENTED_EDGE('',*,*,#958,.F.);
#1401=ORIENTED_EDGE('',*,*,#970,.T.);
#1402=ORIENTED_EDGE('',*,*,#966,.F.);
#1403=ORIENTED_EDGE('',*,*,#971,.F.);
#1404=ORIENTED_EDGE('',*,*,#972,.F.);
#1405=ORIENTED_EDGE('',*,*,#962,.T.);
#1406=ORIENTED_EDGE('',*,*,#969,.F.);
#1407=ORIENTED_EDGE('',*,*,#973,.F.);
#1408=ORIENTED_EDGE('',*,*,#974,.F.);
#1409=ORIENTED_EDGE('',*,*,#971,.T.);
#1410=ORIENTED_EDGE('',*,*,#967,.F.);
#1411=ORIENTED_EDGE('',*,*,#964,.F.);
#1412=ORIENTED_EDGE('',*,*,#975,.F.);
#1413=ORIENTED_EDGE('',*,*,#973,.T.);
#1414=ORIENTED_EDGE('',*,*,#957,.F.);
#1415=ORIENTED_EDGE('',*,*,#970,.F.);
#1416=ORIENTED_EDGE('',*,*,#963,.F.);
#1417=ORIENTED_EDGE('',*,*,#972,.T.);
#1418=ORIENTED_EDGE('',*,*,#974,.T.);
#1419=ORIENTED_EDGE('',*,*,#975,.T.);
#1420=CYLINDRICAL_SURFACE('',#1576,0.5);
#1421=CYLINDRICAL_SURFACE('',#1577,9.5);
#1422=CYLINDRICAL_SURFACE('',#1596,0.5);
#1423=CYLINDRICAL_SURFACE('',#1597,9.5);
#1424=CYLINDRICAL_SURFACE('',#1599,0.5);
#1425=CYLINDRICAL_SURFACE('',#1601,2.5);
#1426=CYLINDRICAL_SURFACE('',#1603,0.5);
#1427=CYLINDRICAL_SURFACE('',#1605,2.5);
#1428=CYLINDRICAL_SURFACE('',#1621,2.);
#1429=CYLINDRICAL_SURFACE('',#1623,2.);
#1430=CYLINDRICAL_SURFACE('',#1625,2.);
#1431=CYLINDRICAL_SURFACE('',#1627,2.);
#1432=CYLINDRICAL_SURFACE('',#1629,2.5);
#1433=CYLINDRICAL_SURFACE('',#1630,2.5);
#1434=CYLINDRICAL_SURFACE('',#1631,2.5);
#1435=CYLINDRICAL_SURFACE('',#1632,2.5);
#1436=CYLINDRICAL_SURFACE('',#1634,5.00000000000002);
#1437=CYLINDRICAL_SURFACE('',#1636,4.99999999999999);
#1438=CYLINDRICAL_SURFACE('',#1638,5.);
#1439=CYLINDRICAL_SURFACE('',#1640,4.99999999999999);
#1440=CYLINDRICAL_SURFACE('',#1642,0.5);
#1441=CYLINDRICAL_SURFACE('',#1645,0.5);
#1442=CYLINDRICAL_SURFACE('',#1648,0.5);
#1443=CYLINDRICAL_SURFACE('',#1651,0.5);
#1444=CYLINDRICAL_SURFACE('',#1655,3.);
#1445=CYLINDRICAL_SURFACE('',#1659,3.);
#1446=CYLINDRICAL_SURFACE('',#1666,0.5);
#1447=CYLINDRICAL_SURFACE('',#1672,0.5);
#1448=CYLINDRICAL_SURFACE('',#1678,0.5);
#1449=CYLINDRICAL_SURFACE('',#1683,0.5);
#1450=CYLINDRICAL_SURFACE('',#1685,2.);
#1451=CYLINDRICAL_SURFACE('',#1688,2.);
#1452=CYLINDRICAL_SURFACE('',#1691,2.);
#1453=CYLINDRICAL_SURFACE('',#1694,2.);
#1454=CYLINDRICAL_SURFACE('',#1697,3.);
#1455=CYLINDRICAL_SURFACE('',#1700,3.);
#1456=CYLINDRICAL_SURFACE('',#1709,9.75000000000001);
#1457=CYLINDRICAL_SURFACE('',#1711,9.25);
#1458=CYLINDRICAL_SURFACE('',#1720,9.75);
#1459=CYLINDRICAL_SURFACE('',#1722,9.25);
#1460=CYLINDRICAL_SURFACE('',#1728,2.5);
#1461=CYLINDRICAL_SURFACE('',#1730,0.5);
#1462=CYLINDRICAL_SURFACE('',#1732,0.5);
#1463=CYLINDRICAL_SURFACE('',#1738,2.29999999999999);
#1464=CYLINDRICAL_SURFACE('',#1743,2.5);
#1465=CYLINDRICAL_SURFACE('',#1746,2.29999999999999);
#1466=ADVANCED_FACE('',(#173),#1420,.T.);
#1467=ADVANCED_FACE('',(#174),#1421,.F.);
#1468=ADVANCED_FACE('',(#175,#37,#38,#39,#40,#41,#42),#52,.T.);
#1469=ADVANCED_FACE('',(#176),#1422,.T.);
#1470=ADVANCED_FACE('',(#177),#1423,.F.);
#1471=ADVANCED_FACE('',(#178),#1424,.T.);
#1472=ADVANCED_FACE('',(#179),#53,.F.);
#1473=ADVANCED_FACE('',(#180),#1425,.F.);
#1474=ADVANCED_FACE('',(#181),#1426,.T.);
#1475=ADVANCED_FACE('',(#182),#54,.F.);
#1476=ADVANCED_FACE('',(#183),#1427,.F.);
#1477=ADVANCED_FACE('',(#184,#43,#44,#45,#46,#47,#48),#55,.F.);
#1478=ADVANCED_FACE('',(#185),#56,.F.);
#1479=ADVANCED_FACE('',(#186),#1428,.F.);
#1480=ADVANCED_FACE('',(#187),#57,.F.);
#1481=ADVANCED_FACE('',(#188),#1429,.F.);
#1482=ADVANCED_FACE('',(#189),#58,.T.);
#1483=ADVANCED_FACE('',(#190),#1430,.F.);
#1484=ADVANCED_FACE('',(#191),#59,.F.);
#1485=ADVANCED_FACE('',(#192),#1431,.F.);
#1486=ADVANCED_FACE('',(#193),#60,.F.);
#1487=ADVANCED_FACE('',(#194),#1432,.F.);
#1488=ADVANCED_FACE('',(#195),#1433,.F.);
#1489=ADVANCED_FACE('',(#196),#1434,.F.);
#1490=ADVANCED_FACE('',(#197),#1435,.F.);
#1491=ADVANCED_FACE('',(#198),#61,.T.);
#1492=ADVANCED_FACE('',(#199),#1436,.T.);
#1493=ADVANCED_FACE('',(#200),#62,.T.);
#1494=ADVANCED_FACE('',(#201),#1437,.T.);
#1495=ADVANCED_FACE('',(#202),#63,.T.);
#1496=ADVANCED_FACE('',(#203),#1438,.T.);
#1497=ADVANCED_FACE('',(#204),#64,.T.);
#1498=ADVANCED_FACE('',(#205),#1439,.T.);
#1499=ADVANCED_FACE('',(#206),#65,.T.);
#1500=ADVANCED_FACE('',(#207),#1440,.T.);
#1501=ADVANCED_FACE('',(#208),#1441,.T.);
#1502=ADVANCED_FACE('',(#209),#1442,.T.);
#1503=ADVANCED_FACE('',(#210),#1443,.T.);
#1504=ADVANCED_FACE('',(#211),#66,.T.);
#1505=ADVANCED_FACE('',(#212),#1444,.T.);
#1506=ADVANCED_FACE('',(#213),#67,.T.);
#1507=ADVANCED_FACE('',(#214),#1445,.T.);
#1508=ADVANCED_FACE('',(#215),#17,.T.);
#1509=ADVANCED_FACE('',(#216),#1446,.T.);
#1510=ADVANCED_FACE('',(#217),#18,.T.);
#1511=ADVANCED_FACE('',(#218),#1447,.T.);
#1512=ADVANCED_FACE('',(#219),#19,.T.);
#1513=ADVANCED_FACE('',(#220),#1448,.T.);
#1514=ADVANCED_FACE('',(#221),#20,.T.);
#1515=ADVANCED_FACE('',(#222),#1449,.T.);
#1516=ADVANCED_FACE('',(#223),#68,.T.);
#1517=ADVANCED_FACE('',(#224),#1450,.F.);
#1518=ADVANCED_FACE('',(#225),#69,.T.);
#1519=ADVANCED_FACE('',(#226),#1451,.F.);
#1520=ADVANCED_FACE('',(#227),#70,.T.);
#1521=ADVANCED_FACE('',(#228),#1452,.F.);
#1522=ADVANCED_FACE('',(#229),#71,.T.);
#1523=ADVANCED_FACE('',(#230),#1453,.F.);
#1524=ADVANCED_FACE('',(#231),#72,.T.);
#1525=ADVANCED_FACE('',(#232),#1454,.T.);
#1526=ADVANCED_FACE('',(#233),#73,.T.);
#1527=ADVANCED_FACE('',(#234),#1455,.T.);
#1528=ADVANCED_FACE('',(#235,#49),#74,.F.);
#1529=ADVANCED_FACE('',(#236),#21,.T.);
#1530=ADVANCED_FACE('',(#237),#1456,.T.);
#1531=ADVANCED_FACE('',(#238),#1457,.F.);
#1532=ADVANCED_FACE('',(#239,#50),#75,.F.);
#1533=ADVANCED_FACE('',(#240),#22,.T.);
#1534=ADVANCED_FACE('',(#241),#1458,.T.);
#1535=ADVANCED_FACE('',(#242),#1459,.F.);
#1536=ADVANCED_FACE('',(#243,#51),#76,.F.);
#1537=ADVANCED_FACE('',(#244),#23,.T.);
#1538=ADVANCED_FACE('',(#245),#1460,.T.);
#1539=ADVANCED_FACE('',(#246),#1461,.T.);
#1540=ADVANCED_FACE('',(#247),#1462,.T.);
#1541=ADVANCED_FACE('',(#248),#24,.T.);
#1542=ADVANCED_FACE('',(#249),#77,.T.);
#1543=ADVANCED_FACE('',(#250),#1463,.F.);
#1544=ADVANCED_FACE('',(#251),#78,.T.);
#1545=ADVANCED_FACE('',(#252),#79,.T.);
#1546=ADVANCED_FACE('',(#253),#80,.F.);
#1547=ADVANCED_FACE('',(#254),#13,.T.);
#1548=ADVANCED_FACE('',(#255),#1464,.T.);
#1549=ADVANCED_FACE('',(#256),#14,.T.);
#1550=ADVANCED_FACE('',(#257),#15,.T.);
#1551=ADVANCED_FACE('',(#258),#16,.T.);
#1552=ADVANCED_FACE('',(#259),#81,.T.);
#1553=ADVANCED_FACE('',(#260),#1465,.F.);
#1554=ADVANCED_FACE('',(#261),#82,.T.);
#1555=ADVANCED_FACE('',(#262),#83,.T.);
#1556=ADVANCED_FACE('',(#263),#84,.F.);
#1557=CLOSED_SHELL('',(#1466,#1467,#1468,#1469,#1470,#1471,#1472,#1473,
#1474,#1475,#1476,#1477,#1478,#1479,#1480,#1481,#1482,#1483,#1484,#1485,
#1486,#1487,#1488,#1489,#1490,#1491,#1492,#1493,#1494,#1495,#1496,#1497,
#1498,#1499));
#1558=CLOSED_SHELL('',(#1500,#1501,#1502,#1503,#1504,#1505,#1506,#1507,
#1508,#1509,#1510,#1511,#1512,#1513,#1514,#1515,#1516,#1517,#1518,#1519,
#1520,#1521,#1522,#1523,#1524,#1525,#1526,#1527,#1528));
#1559=CLOSED_SHELL('',(#1529,#1530,#1531,#1532));
#1560=CLOSED_SHELL('',(#1533,#1534,#1535,#1536));
#1561=CLOSED_SHELL('',(#1537,#1538,#1539,#1540,#1541,#1542,#1543,#1544,
#1545,#1546));
#1562=CLOSED_SHELL('',(#1547,#1548,#1549,#1550,#1551,#1552,#1553,#1554,
#1555,#1556));
#1563=DERIVED_UNIT_ELEMENT(#1565,1.);
#1564=DERIVED_UNIT_ELEMENT(#3112,-3.);
#1565=(
MASS_UNIT()
NAMED_UNIT(*)
SI_UNIT(.KILO.,.GRAM.)
);
#1566=DERIVED_UNIT((#1563,#1564));
#1567=MEASURE_REPRESENTATION_ITEM('density measure',
POSITIVE_RATIO_MEASURE(952.),#1566);
#1568=PROPERTY_DEFINITION_REPRESENTATION(#1573,#1570);
#1569=PROPERTY_DEFINITION_REPRESENTATION(#1574,#1571);
#1570=REPRESENTATION('material name',(#1572),#3109);
#1571=REPRESENTATION('density',(#1567),#3109);
#1572=DESCRIPTIVE_REPRESENTATION_ITEM(
'Kunststoff, undurchsichtig Wei\X\DF',
'Kunststoff, undurchsichtig Wei\X\DF');
#1573=PROPERTY_DEFINITION('material property','material name',#3119);
#1574=PROPERTY_DEFINITION('material property','density of part',#3119);
#1575=AXIS2_PLACEMENT_3D('',#2213,#1751,#1752);
#1576=AXIS2_PLACEMENT_3D('',#2214,#1753,#1754);
#1577=AXIS2_PLACEMENT_3D('',#2241,#1757,#1758);
#1578=AXIS2_PLACEMENT_3D('',#2243,#1759,#1760);
#1579=AXIS2_PLACEMENT_3D('',#2258,#1762,#1763);
#1580=AXIS2_PLACEMENT_3D('',#2260,#1765,#1766);
#1581=AXIS2_PLACEMENT_3D('',#2263,#1767,#1768);
#1582=AXIS2_PLACEMENT_3D('',#2267,#1770,#1771);
#1583=AXIS2_PLACEMENT_3D('',#2271,#1773,#1774);
#1584=AXIS2_PLACEMENT_3D('',#2275,#1776,#1777);
#1585=AXIS2_PLACEMENT_3D('',#2278,#1779,#1780);
#1586=AXIS2_PLACEMENT_3D('',#2282,#1782,#1783);
#1587=AXIS2_PLACEMENT_3D('',#2286,#1785,#1786);
#1588=AXIS2_PLACEMENT_3D('',#2289,#1788,#1789);
#1589=AXIS2_PLACEMENT_3D('',#2291,#1790,#1791);
#1590=AXIS2_PLACEMENT_3D('',#2293,#1792,#1793);
#1591=AXIS2_PLACEMENT_3D('',#2295,#1794,#1795);
#1592=AXIS2_PLACEMENT_3D('',#2300,#1797,#1798);
#1593=AXIS2_PLACEMENT_3D('',#2304,#1800,#1801);
#1594=AXIS2_PLACEMENT_3D('',#2308,#1803,#1804);
#1595=AXIS2_PLACEMENT_3D('',#2311,#1806,#1807);
#1596=AXIS2_PLACEMENT_3D('',#2312,#1808,#1809);
#1597=AXIS2_PLACEMENT_3D('',#2325,#1811,#1812);
#1598=AXIS2_PLACEMENT_3D('',#2340,#1814,#1815);
#1599=AXIS2_PLACEMENT_3D('',#2342,#1817,#1818);
#1600=AXIS2_PLACEMENT_3D('',#2366,#1820,#1821);
#1601=AXIS2_PLACEMENT_3D('',#2372,#1825,#1826);
#1602=AXIS2_PLACEMENT_3D('',#2375,#1828,#1829);
#1603=AXIS2_PLACEMENT_3D('',#2376,#1830,#1831);
#1604=AXIS2_PLACEMENT_3D('',#2389,#1833,#1834);
#1605=AXIS2_PLACEMENT_3D('',#2393,#1837,#1838);
#1606=AXIS2_PLACEMENT_3D('',#2394,#1839,#1840);
#1607=AXIS2_PLACEMENT_3D('',#2395,#1841,#1842);
#1608=AXIS2_PLACEMENT_3D('',#2398,#1843,#1844);
#1609=AXIS2_PLACEMENT_3D('',#2402,#1846,#1847);
#1610=AXIS2_PLACEMENT_3D('',#2406,#1849,#1850);
#1611=AXIS2_PLACEMENT_3D('',#2410,#1852,#1853);
#1612=AXIS2_PLACEMENT_3D('',#2416,#1856,#1857);
#1613=AXIS2_PLACEMENT_3D('',#2420,#1859,#1860);
#1614=AXIS2_PLACEMENT_3D('',#2424,#1862,#1863);
#1615=AXIS2_PLACEMENT_3D('',#2427,#1865,#1866);
#1616=AXIS2_PLACEMENT_3D('',#2429,#1867,#1868);
#1617=AXIS2_PLACEMENT_3D('',#2431,#1869,#1870);
#1618=AXIS2_PLACEMENT_3D('',#2433,#1871,#1872);
#1619=AXIS2_PLACEMENT_3D('',#2435,#1873,#1874);
#1620=AXIS2_PLACEMENT_3D('',#2438,#1877,#1878);
#1621=AXIS2_PLACEMENT_3D('',#2439,#1879,#1880);
#1622=AXIS2_PLACEMENT_3D('',#2442,#1883,#1884);
#1623=AXIS2_PLACEMENT_3D('',#2444,#1886,#1887);
#1624=AXIS2_PLACEMENT_3D('',#2446,#1889,#1890);
#1625=AXIS2_PLACEMENT_3D('',#2448,#1892,#1893);
#1626=AXIS2_PLACEMENT_3D('',#2451,#1896,#1897);
#1627=AXIS2_PLACEMENT_3D('',#2453,#1899,#1900);
#1628=AXIS2_PLACEMENT_3D('',#2454,#1901,#1902);
#1629=AXIS2_PLACEMENT_3D('',#2455,#1903,#1904);
#1630=AXIS2_PLACEMENT_3D('',#2457,#1906,#1907);
#1631=AXIS2_PLACEMENT_3D('',#2459,#1909,#1910);
#1632=AXIS2_PLACEMENT_3D('',#2461,#1912,#1913);
#1633=AXIS2_PLACEMENT_3D('',#2463,#1915,#1916);
#1634=AXIS2_PLACEMENT_3D('',#2466,#1919,#1920);
#1635=AXIS2_PLACEMENT_3D('',#2468,#1922,#1923);
#1636=AXIS2_PLACEMENT_3D('',#2470,#1925,#1926);
#1637=AXIS2_PLACEMENT_3D('',#2472,#1928,#1929);
#1638=AXIS2_PLACEMENT_3D('',#2474,#1931,#1932);
#1639=AXIS2_PLACEMENT_3D('',#2476,#1934,#1935);
#1640=AXIS2_PLACEMENT_3D('',#2478,#1937,#1938);
#1641=AXIS2_PLACEMENT_3D('',#2479,#1939,#1940);
#1642=AXIS2_PLACEMENT_3D('',#2480,#1941,#1942);
#1643=AXIS2_PLACEMENT_3D('',#2483,#1943,#1944);
#1644=AXIS2_PLACEMENT_3D('',#2487,#1946,#1947);
#1645=AXIS2_PLACEMENT_3D('',#2489,#1949,#1950);
#1646=AXIS2_PLACEMENT_3D('',#2492,#1951,#1952);
#1647=AXIS2_PLACEMENT_3D('',#2496,#1954,#1955);
#1648=AXIS2_PLACEMENT_3D('',#2498,#1957,#1958);
#1649=AXIS2_PLACEMENT_3D('',#2501,#1959,#1960);
#1650=AXIS2_PLACEMENT_3D('',#2505,#1962,#1963);
#1651=AXIS2_PLACEMENT_3D('',#2507,#1965,#1966);
#1652=AXIS2_PLACEMENT_3D('',#2510,#1967,#1968);
#1653=AXIS2_PLACEMENT_3D('',#2514,#1970,#1971);
#1654=AXIS2_PLACEMENT_3D('',#2516,#1973,#1974);
#1655=AXIS2_PLACEMENT_3D('',#2522,#1978,#1979);
#1656=AXIS2_PLACEMENT_3D('',#2523,#1980,#1981);
#1657=AXIS2_PLACEMENT_3D('',#2526,#1983,#1984);
#1658=AXIS2_PLACEMENT_3D('',#2527,#1985,#1986);
#1659=AXIS2_PLACEMENT_3D('',#2531,#1989,#1990);
#1660=AXIS2_PLACEMENT_3D('',#2532,#1991,#1992);
#1661=AXIS2_PLACEMENT_3D('',#2535,#1994,#1995);
#1662=AXIS2_PLACEMENT_3D('',#2536,#1996,#1997);
#1663=AXIS2_PLACEMENT_3D('',#2538,#1998,#1999);
#1664=AXIS2_PLACEMENT_3D('',#2540,#2000,#2001);
#1665=AXIS2_PLACEMENT_3D('',#2541,#2002,#2003);
#1666=AXIS2_PLACEMENT_3D('',#2542,#2004,#2005);
#1667=AXIS2_PLACEMENT_3D('',#2544,#2006,#2007);
#1668=AXIS2_PLACEMENT_3D('',#2546,#2009,#2010);
#1669=AXIS2_PLACEMENT_3D('',#2548,#2011,#2012);
#1670=AXIS2_PLACEMENT_3D('',#2549,#2013,#2014);
#1671=AXIS2_PLACEMENT_3D('',#2550,#2015,#2016);
#1672=AXIS2_PLACEMENT_3D('',#2551,#2017,#2018);
#1673=AXIS2_PLACEMENT_3D('',#2553,#2019,#2020);
#1674=AXIS2_PLACEMENT_3D('',#2555,#2022,#2023);
#1675=AXIS2_PLACEMENT_3D('',#2557,#2024,#2025);
#1676=AXIS2_PLACEMENT_3D('',#2558,#2026,#2027);
#1677=AXIS2_PLACEMENT_3D('',#2559,#2028,#2029);
#1678=AXIS2_PLACEMENT_3D('',#2560,#2030,#2031);
#1679=AXIS2_PLACEMENT_3D('',#2562,#2032,#2033);
#1680=AXIS2_PLACEMENT_3D('',#2564,#2035,#2036);
#1681=AXIS2_PLACEMENT_3D('',#2566,#2037,#2038);
#1682=AXIS2_PLACEMENT_3D('',#2567,#2039,#2040);
#1683=AXIS2_PLACEMENT_3D('',#2568,#2041,#2042);
#1684=AXIS2_PLACEMENT_3D('',#2570,#2044,#2045);
#1685=AXIS2_PLACEMENT_3D('',#2576,#2049,#2050);
#1686=AXIS2_PLACEMENT_3D('',#2579,#2052,#2053);
#1687=AXIS2_PLACEMENT_3D('',#2580,#2054,#2055);
#1688=AXIS2_PLACEMENT_3D('',#2584,#2058,#2059);
#1689=AXIS2_PLACEMENT_3D('',#2587,#2061,#2062);
#1690=AXIS2_PLACEMENT_3D('',#2588,#2063,#2064);
#1691=AXIS2_PLACEMENT_3D('',#2592,#2067,#2068);
#1692=AXIS2_PLACEMENT_3D('',#2595,#2070,#2071);
#1693=AXIS2_PLACEMENT_3D('',#2596,#2072,#2073);
#1694=AXIS2_PLACEMENT_3D('',#2600,#2076,#2077);
#1695=AXIS2_PLACEMENT_3D('',#2601,#2078,#2079);
#1696=AXIS2_PLACEMENT_3D('',#2602,#2080,#2081);
#1697=AXIS2_PLACEMENT_3D('',#2606,#2084,#2085);
#1698=AXIS2_PLACEMENT_3D('',#2609,#2087,#2088);
#1699=AXIS2_PLACEMENT_3D('',#2610,#2089,#2090);
#1700=AXIS2_PLACEMENT_3D('',#2614,#2093,#2094);
#1701=AXIS2_PLACEMENT_3D('',#2615,#2095,#2096);
#1702=AXIS2_PLACEMENT_3D('',#2616,#2097,#2098);
#1703=AXIS2_PLACEMENT_3D('',#2617,#2099,#2100);
#1704=AXIS2_PLACEMENT_3D('',#2620,#2101,#2102);
#1705=AXIS2_PLACEMENT_3D('',#2621,#2103,#2104);
#1706=AXIS2_PLACEMENT_3D('',#2623,#2105,#2106);
#1707=AXIS2_PLACEMENT_3D('',#2625,#2107,#2108);
#1708=AXIS2_PLACEMENT_3D('',#2626,#2109,#2110);
#1709=AXIS2_PLACEMENT_3D('',#2627,#2111,#2112);
#1710=AXIS2_PLACEMENT_3D('',#2630,#2114,#2115);
#1711=AXIS2_PLACEMENT_3D('',#2631,#2116,#2117);
#1712=AXIS2_PLACEMENT_3D('',#2634,#2119,#2120);
#1713=AXIS2_PLACEMENT_3D('',#2635,#2121,#2122);
#1714=AXIS2_PLACEMENT_3D('',#2636,#2123,#2124);
#1715=AXIS2_PLACEMENT_3D('',#2639,#2125,#2126);
#1716=AXIS2_PLACEMENT_3D('',#2640,#2127,#2128);
#1717=AXIS2_PLACEMENT_3D('',#2642,#2129,#2130);
#1718=AXIS2_PLACEMENT_3D('',#2644,#2131,#2132);
#1719=AXIS2_PLACEMENT_3D('',#2645,#2133,#2134);
#1720=AXIS2_PLACEMENT_3D('',#2646,#2135,#2136);
#1721=AXIS2_PLACEMENT_3D('',#2649,#2138,#2139);
#1722=AXIS2_PLACEMENT_3D('',#2650,#2140,#2141);
#1723=AXIS2_PLACEMENT_3D('',#2653,#2143,#2144);
#1724=AXIS2_PLACEMENT_3D('',#2654,#2145,#2146);
#1725=AXIS2_PLACEMENT_3D('',#2655,#2147,#2148);
#1726=AXIS2_PLACEMENT_3D('',#2667,#2149,#2150);
#1727=AXIS2_PLACEMENT_3D('',#2687,#2151,#2152);
#1728=AXIS2_PLACEMENT_3D('',#2696,#2153,#2154);
#1729=AXIS2_PLACEMENT_3D('',#2700,#2156,#2157);
#1730=AXIS2_PLACEMENT_3D('',#2702,#2159,#2160);
#1731=AXIS2_PLACEMENT_3D('',#2704,#2161,#2162);
#1732=AXIS2_PLACEMENT_3D('',#2706,#2164,#2165);
#1733=AXIS2_PLACEMENT_3D('',#2709,#2167,#2168);
#1734=AXIS2_PLACEMENT_3D('',#2710,#2169,#2170);
#1735=AXIS2_PLACEMENT_3D('',#2711,#2171,#2172);
#1736=AXIS2_PLACEMENT_3D('',#2712,#2173,#2174);
#1737=AXIS2_PLACEMENT_3D('',#2713,#2175,#2176);
#1738=AXIS2_PLACEMENT_3D('',#2717,#2179,#2180);
#1739=AXIS2_PLACEMENT_3D('',#2720,#2182,#2183);
#1740=AXIS2_PLACEMENT_3D('',#2721,#2184,#2185);
#1741=AXIS2_PLACEMENT_3D('',#2723,#2187,#2188);
#1742=AXIS2_PLACEMENT_3D('',#2724,#2189,#2190);
#1743=AXIS2_PLACEMENT_3D('',#2989,#2191,#2192);
#1744=AXIS2_PLACEMENT_3D('',#2993,#2194,#2195);
#1745=AXIS2_PLACEMENT_3D('',#3095,#2197,#2198);
#1746=AXIS2_PLACEMENT_3D('',#3099,#2201,#2202);
#1747=AXIS2_PLACEMENT_3D('',#3102,#2204,#2205);
#1748=AXIS2_PLACEMENT_3D('',#3103,#2206,#2207);
#1749=AXIS2_PLACEMENT_3D('',#3105,#2209,#2210);
#1750=AXIS2_PLACEMENT_3D('',#3106,#2211,#2212);
#1751=DIRECTION('axis',(0.,0.,1.));
#1752=DIRECTION('refdir',(1.,0.,0.));
#1753=DIRECTION('center_axis',(0.,0.,1.));
#1754=DIRECTION('ref_axis',(-0.707106781186552,0.707106781186543,0.));
#1755=DIRECTION('',(0.,0.,-1.));
#1756=DIRECTION('',(0.,0.,1.));
#1757=DIRECTION('center_axis',(0.,-1.,0.));
#1758=DIRECTION('ref_axis',(0.376039530815357,0.,-0.92660362143916));
#1759=DIRECTION('center_axis',(0.,-1.,0.));
#1760=DIRECTION('ref_axis',(0.,0.,1.));
#1761=DIRECTION('',(0.,1.,0.));
#1762=DIRECTION('center_axis',(0.,1.,0.));
#1763=DIRECTION('ref_axis',(0.,0.,1.));
#1764=DIRECTION('',(0.,-1.,0.));
#1765=DIRECTION('center_axis',(0.,1.,0.));
#1766=DIRECTION('ref_axis',(0.,0.,1.));
#1767=DIRECTION('center_axis',(0.,1.,0.));
#1768=DIRECTION('ref_axis',(-1.33226762955019E-15,0.,1.));
#1769=DIRECTION('',(2.72839051061071E-17,0.,-1.));
#1770=DIRECTION('center_axis',(0.,1.,0.));
#1771=DIRECTION('ref_axis',(1.,0.,0.));
#1772=DIRECTION('',(-1.,0.,1.68135999943232E-16));
#1773=DIRECTION('center_axis',(0.,1.,0.));
#1774=DIRECTION('ref_axis',(0.,0.,-1.));
#1775=DIRECTION('',(0.,0.,1.));
#1776=DIRECTION('center_axis',(0.,1.,0.));
#1777=DIRECTION('ref_axis',(-1.,0.,2.22044604925031E-15));
#1778=DIRECTION('',(1.,0.,0.));
#1779=DIRECTION('center_axis',(0.,-1.,0.));
#1780=DIRECTION('ref_axis',(0.,0.,1.));
#1781=DIRECTION('',(1.,0.,0.));
#1782=DIRECTION('center_axis',(0.,-1.,0.));
#1783=DIRECTION('ref_axis',(0.,0.,1.));
#1784=DIRECTION('',(0.,0.,1.));
#1785=DIRECTION('center_axis',(0.,-1.,0.));
#1786=DIRECTION('ref_axis',(0.,0.,1.));
#1787=DIRECTION('',(-1.,0.,0.));
#1788=DIRECTION('center_axis',(0.,-1.,0.));
#1789=DIRECTION('ref_axis',(1.,0.,0.));
#1790=DIRECTION('center_axis',(0.,-1.,0.));
#1791=DIRECTION('ref_axis',(1.,0.,0.));
#1792=DIRECTION('center_axis',(0.,-1.,0.));
#1793=DIRECTION('ref_axis',(1.,0.,0.));
#1794=DIRECTION('center_axis',(0.,-1.,0.));
#1795=DIRECTION('ref_axis',(1.,0.,0.));
#1796=DIRECTION('',(0.,0.,-1.));
#1797=DIRECTION('center_axis',(0.,1.,0.));
#1798=DIRECTION('ref_axis',(0.707106781186538,0.,0.707106781186557));
#1799=DIRECTION('',(-1.,0.,0.));
#1800=DIRECTION('center_axis',(0.,1.,0.));
#1801=DIRECTION('ref_axis',(-0.707106781186551,0.,0.707106781186544));
#1802=DIRECTION('',(0.,0.,1.));
#1803=DIRECTION('center_axis',(0.,1.,0.));
#1804=DIRECTION('ref_axis',(-0.707106781186551,0.,-0.707106781186544));
#1805=DIRECTION('',(1.,0.,0.));
#1806=DIRECTION('center_axis',(0.,1.,0.));
#1807=DIRECTION('ref_axis',(0.707106781186544,0.,-0.707106781186551));
#1808=DIRECTION('center_axis',(1.,0.,0.));
#1809=DIRECTION('ref_axis',(0.,0.707106781186543,0.707106781186552));
#1810=DIRECTION('',(1.,0.,0.));
#1811=DIRECTION('center_axis',(0.,-1.,0.));
#1812=DIRECTION('ref_axis',(-0.361909082223122,0.,-0.932213396280282));
#1813=DIRECTION('',(0.,1.,0.));
#1814=DIRECTION('center_axis',(0.,1.,0.));
#1815=DIRECTION('ref_axis',(0.,0.,1.));
#1816=DIRECTION('',(0.,-1.,0.));
#1817=DIRECTION('center_axis',(-1.,0.,0.));
#1818=DIRECTION('ref_axis',(0.,0.707106781186549,-0.707106781186546));
#1819=DIRECTION('',(-1.,0.,0.));
#1820=DIRECTION('center_axis',(0.,0.,1.));
#1821=DIRECTION('ref_axis',(1.,0.,0.));
#1822=DIRECTION('',(0.,-1.,0.));
#1823=DIRECTION('',(1.,0.,0.));
#1824=DIRECTION('',(0.,1.,0.));
#1825=DIRECTION('center_axis',(0.,-1.,0.));
#1826=DIRECTION('ref_axis',(0.,0.,1.));
#1827=DIRECTION('',(0.,1.,0.));
#1828=DIRECTION('center_axis',(0.,1.,0.));
#1829=DIRECTION('ref_axis',(0.,0.,1.));
#1830=DIRECTION('center_axis',(0.,0.,-1.));
#1831=DIRECTION('ref_axis',(0.707106781186577,0.707106781186518,0.));
#1832=DIRECTION('',(0.,0.,-1.));
#1833=DIRECTION('center_axis',(-1.,0.,0.));
#1834=DIRECTION('ref_axis',(0.,0.,1.));
#1835=DIRECTION('',(0.,-1.,0.));
#1836=DIRECTION('',(0.,0.,1.));
#1837=DIRECTION('center_axis',(0.,-1.,0.));
#1838=DIRECTION('ref_axis',(0.,0.,1.));
#1839=DIRECTION('center_axis',(0.,1.,0.));
#1840=DIRECTION('ref_axis',(0.,0.,1.));
#1841=DIRECTION('center_axis',(0.,1.,0.));
#1842=DIRECTION('ref_axis',(1.,0.,0.));
#1843=DIRECTION('center_axis',(0.,1.,0.));
#1844=DIRECTION('ref_axis',(-1.33226762955019E-15,0.,1.));
#1845=DIRECTION('',(-1.,0.,0.));
#1846=DIRECTION('center_axis',(0.,1.,0.));
#1847=DIRECTION('ref_axis',(-1.,0.,2.22044604925031E-15));
#1848=DIRECTION('',(0.,0.,-1.));
#1849=DIRECTION('center_axis',(0.,1.,0.));
#1850=DIRECTION('ref_axis',(0.,0.,-1.));
#1851=DIRECTION('',(1.,0.,-1.68135999943232E-16));
#1852=DIRECTION('center_axis',(0.,1.,0.));
#1853=DIRECTION('ref_axis',(1.,0.,0.));
#1854=DIRECTION('',(-2.72839051061071E-17,0.,1.));
#1855=DIRECTION('',(0.,0.,-1.));
#1856=DIRECTION('center_axis',(0.,-1.,0.));
#1857=DIRECTION('ref_axis',(0.707106781186544,0.,-0.707106781186551));
#1858=DIRECTION('',(1.,0.,0.));
#1859=DIRECTION('center_axis',(0.,-1.,0.));
#1860=DIRECTION('ref_axis',(-0.707106781186551,0.,-0.707106781186544));
#1861=DIRECTION('',(0.,0.,1.));
#1862=DIRECTION('center_axis',(0.,-1.,0.));
#1863=DIRECTION('ref_axis',(-0.707106781186551,0.,0.707106781186544));
#1864=DIRECTION('',(-1.,0.,0.));
#1865=DIRECTION('center_axis',(0.,-1.,0.));
#1866=DIRECTION('ref_axis',(0.707106781186538,0.,0.707106781186557));
#1867=DIRECTION('center_axis',(0.,-1.,0.));
#1868=DIRECTION('ref_axis',(1.,0.,0.));
#1869=DIRECTION('center_axis',(0.,-1.,0.));
#1870=DIRECTION('ref_axis',(1.,0.,0.));
#1871=DIRECTION('center_axis',(0.,-1.,0.));
#1872=DIRECTION('ref_axis',(1.,0.,0.));
#1873=DIRECTION('center_axis',(0.,-1.,0.));
#1874=DIRECTION('ref_axis',(1.,0.,0.));
#1875=DIRECTION('',(0.,0.,-1.));
#1876=DIRECTION('',(-1.,0.,0.));
#1877=DIRECTION('center_axis',(1.,0.,0.));
#1878=DIRECTION('ref_axis',(0.,0.,-1.));
#1879=DIRECTION('center_axis',(0.,1.,0.));
#1880=DIRECTION('ref_axis',(0.707106781186538,0.,0.707106781186557));
#1881=DIRECTION('',(0.,1.,0.));
#1882=DIRECTION('',(0.,-1.,0.));
#1883=DIRECTION('center_axis',(0.,0.,1.));
#1884=DIRECTION('ref_axis',(1.,0.,0.));
#1885=DIRECTION('',(0.,-1.,0.));
#1886=DIRECTION('center_axis',(0.,1.,0.));
#1887=DIRECTION('ref_axis',(-0.707106781186551,0.,0.707106781186544));
#1888=DIRECTION('',(0.,1.,0.));
#1889=DIRECTION('center_axis',(1.,0.,0.));
#1890=DIRECTION('ref_axis',(0.,0.,-1.));
#1891=DIRECTION('',(0.,-1.,0.));
#1892=DIRECTION('center_axis',(0.,-1.,0.));
#1893=DIRECTION('ref_axis',(0.707106781186544,0.,-0.707106781186551));
#1894=DIRECTION('',(0.,-1.,0.));
#1895=DIRECTION('',(0.,1.,0.));
#1896=DIRECTION('center_axis',(0.,0.,-1.));
#1897=DIRECTION('ref_axis',(-1.,0.,0.));
#1898=DIRECTION('',(0.,1.,0.));
#1899=DIRECTION('center_axis',(0.,1.,0.));
#1900=DIRECTION('ref_axis',(-0.707106781186551,0.,-0.707106781186544));
#1901=DIRECTION('center_axis',(0.,0.,-1.));
#1902=DIRECTION('ref_axis',(-1.,0.,0.));
#1903=DIRECTION('center_axis',(0.,1.,0.));
#1904=DIRECTION('ref_axis',(1.,0.,0.));
#1905=DIRECTION('',(0.,-1.,0.));
#1906=DIRECTION('center_axis',(0.,1.,0.));
#1907=DIRECTION('ref_axis',(1.,0.,0.));
#1908=DIRECTION('',(0.,-1.,0.));
#1909=DIRECTION('center_axis',(0.,1.,0.));
#1910=DIRECTION('ref_axis',(1.,0.,0.));
#1911=DIRECTION('',(0.,-1.,0.));
#1912=DIRECTION('center_axis',(0.,1.,0.));
#1913=DIRECTION('ref_axis',(1.,0.,0.));
#1914=DIRECTION('',(0.,-1.,0.));
#1915=DIRECTION('center_axis',(0.,0.,1.));
#1916=DIRECTION('ref_axis',(1.,0.,0.));
#1917=DIRECTION('',(0.,1.,0.));
#1918=DIRECTION('',(0.,1.,0.));
#1919=DIRECTION('center_axis',(0.,1.,0.));
#1920=DIRECTION('ref_axis',(-1.,0.,2.22044604925031E-15));
#1921=DIRECTION('',(0.,1.,0.));
#1922=DIRECTION('center_axis',(-1.,0.,0.));
#1923=DIRECTION('ref_axis',(0.,0.,1.));
#1924=DIRECTION('',(0.,1.,0.));
#1925=DIRECTION('center_axis',(0.,1.,0.));
#1926=DIRECTION('ref_axis',(0.,0.,-1.));
#1927=DIRECTION('',(0.,1.,0.));
#1928=DIRECTION('center_axis',(-1.68135999943232E-16,0.,-1.));
#1929=DIRECTION('ref_axis',(-1.,0.,1.68135999943232E-16));
#1930=DIRECTION('',(0.,1.,0.));
#1931=DIRECTION('center_axis',(0.,1.,0.));
#1932=DIRECTION('ref_axis',(1.,0.,0.));
#1933=DIRECTION('',(0.,1.,0.));
#1934=DIRECTION('center_axis',(1.,0.,2.72839051061071E-17));
#1935=DIRECTION('ref_axis',(2.72839051061071E-17,0.,-1.));
#1936=DIRECTION('',(0.,1.,0.));
#1937=DIRECTION('center_axis',(0.,1.,0.));
#1938=DIRECTION('ref_axis',(-1.33226762955019E-15,0.,1.));
#1939=DIRECTION('center_axis',(-1.,0.,0.));
#1940=DIRECTION('ref_axis',(0.,0.,1.));
#1941=DIRECTION('center_axis',(0.,0.,-1.));
#1942=DIRECTION('ref_axis',(0.707106781186552,0.707106781186543,0.));
#1943=DIRECTION('center_axis',(0.,3.27825553370058E-7,0.999999999999946));
#1944=DIRECTION('ref_axis',(1.,0.,0.));
#1945=DIRECTION('',(0.,0.,-1.));
#1946=DIRECTION('center_axis',(0.,-2.98023294931226E-8,1.));
#1947=DIRECTION('ref_axis',(1.,0.,0.));
#1948=DIRECTION('',(0.,0.,-1.));
#1949=DIRECTION('center_axis',(-1.,0.,0.));
#1950=DIRECTION('ref_axis',(0.,0.707106781186543,-0.707106781186552));
#1951=DIRECTION('center_axis',(0.999999999999744,7.15255765726213E-7,0.));
#1952=DIRECTION('ref_axis',(0.,0.,-1.));
#1953=DIRECTION('',(-1.,0.,0.));
#1954=DIRECTION('center_axis',(1.,-2.98023650202594E-8,0.));
#1955=DIRECTION('ref_axis',(0.,0.,-1.));
#1956=DIRECTION('',(-1.,0.,0.));
#1957=DIRECTION('center_axis',(7.40148661025288E-16,0.,1.));
#1958=DIRECTION('ref_axis',(-0.707106781186577,0.707106781186518,0.));
#1959=DIRECTION('center_axis',(0.,2.98023294931226E-8,-1.));
#1960=DIRECTION('ref_axis',(-1.,0.,0.));
#1961=DIRECTION('',(7.40148661025288E-16,0.,1.));
#1962=DIRECTION('center_axis',(0.,-3.27825553370058E-7,-0.999999999999946));
#1963=DIRECTION('ref_axis',(-1.,0.,0.));
#1964=DIRECTION('',(0.,0.,1.));
#1965=DIRECTION('center_axis',(1.,0.,0.));
#1966=DIRECTION('ref_axis',(0.,0.707106781186543,0.707106781186552));
#1967=DIRECTION('center_axis',(-1.,2.98023650202594E-8,0.));
#1968=DIRECTION('ref_axis',(0.,0.,1.));
#1969=DIRECTION('',(1.,0.,0.));
#1970=DIRECTION('center_axis',(0.999999999999744,-2.70006227518535E-13,
-7.15255801253315E-7));
#1971=DIRECTION('ref_axis',(3.55271367880031E-14,0.999999999999946,-3.27825500079353E-7));
#1972=DIRECTION('',(1.,0.,-2.3373116307898E-16));
#1973=DIRECTION('center_axis',(0.,0.,-1.));
#1974=DIRECTION('ref_axis',(-1.,0.,0.));
#1975=DIRECTION('',(0.,1.,0.));
#1976=DIRECTION('',(1.,0.,0.));
#1977=DIRECTION('',(0.,1.,0.));
#1978=DIRECTION('center_axis',(0.,1.,0.));
#1979=DIRECTION('ref_axis',(1.,0.,7.40148683083438E-16));
#1980=DIRECTION('center_axis',(0.,1.,0.));
#1981=DIRECTION('ref_axis',(0.707106781186547,0.,-0.707106781186547));
#1982=DIRECTION('',(0.,1.,0.));
#1983=DIRECTION('center_axis',(0.,1.,0.));
#1984=DIRECTION('ref_axis',(1.,0.,7.40148683083438E-16));
#1985=DIRECTION('center_axis',(1.,0.,0.));
#1986=DIRECTION('ref_axis',(0.,0.,-1.));
#1987=DIRECTION('',(0.,1.,0.));
#1988=DIRECTION('',(0.,0.,1.));
#1989=DIRECTION('center_axis',(0.,1.,0.));
#1990=DIRECTION('ref_axis',(0.,0.,1.));
#1991=DIRECTION('center_axis',(0.,1.,0.));
#1992=DIRECTION('ref_axis',(0.707106781186547,0.,0.707106781186547));
#1993=DIRECTION('',(0.,1.,0.));
#1994=DIRECTION('center_axis',(0.,1.,0.));
#1995=DIRECTION('ref_axis',(0.,0.,1.));
#1996=DIRECTION('center_axis',(0.,-1.,0.));
#1997=DIRECTION('ref_axis',(0.,0.,-1.));
#1998=DIRECTION('center_axis',(0.,0.,1.));
#1999=DIRECTION('ref_axis',(0.,1.,0.));
#2000=DIRECTION('center_axis',(0.,-1.,0.));
#2001=DIRECTION('ref_axis',(0.707106781186548,0.,0.707106781186548));
#2002=DIRECTION('center_axis',(1.,0.,0.));
#2003=DIRECTION('ref_axis',(0.,0.,-1.));
#2004=DIRECTION('center_axis',(-1.,0.,2.3373116307898E-16));
#2005=DIRECTION('ref_axis',(0.,0.707106781186555,-0.70710678118654));
#2006=DIRECTION('center_axis',(1.,0.,0.));
#2007=DIRECTION('ref_axis',(0.,0.,-1.));
#2008=DIRECTION('',(-1.,0.,2.3373116307898E-16));
#2009=DIRECTION('center_axis',(0.,-1.,0.));
#2010=DIRECTION('ref_axis',(0.,0.,-1.));
#2011=DIRECTION('center_axis',(0.,0.,1.));
#2012=DIRECTION('ref_axis',(1.,0.,0.));
#2013=DIRECTION('center_axis',(0.,1.,0.));
#2014=DIRECTION('ref_axis',(-0.707106781186547,0.,0.707106781186547));
#2015=DIRECTION('center_axis',(0.,-1.,0.));
#2016=DIRECTION('ref_axis',(-0.707106781186548,0.,0.707106781186548));
#2017=DIRECTION('center_axis',(0.,0.,-1.));
#2018=DIRECTION('ref_axis',(0.707106781186577,0.707106781186518,0.));
#2019=DIRECTION('center_axis',(0.,0.,1.));
#2020=DIRECTION('ref_axis',(1.,0.,0.));
#2021=DIRECTION('',(0.,0.,-1.));
#2022=DIRECTION('center_axis',(0.,-1.,0.));
#2023=DIRECTION('ref_axis',(0.,0.,-1.));
#2024=DIRECTION('center_axis',(-1.,0.,0.));
#2025=DIRECTION('ref_axis',(0.,0.,1.));
#2026=DIRECTION('center_axis',(0.,1.,0.));
#2027=DIRECTION('ref_axis',(-0.707106781186548,0.,-0.707106781186548));
#2028=DIRECTION('center_axis',(0.,-1.,0.));
#2029=DIRECTION('ref_axis',(-0.707106781186547,0.,-0.707106781186547));
#2030=DIRECTION('center_axis',(1.,0.,0.));
#2031=DIRECTION('ref_axis',(0.,0.707106781186543,0.707106781186552));
#2032=DIRECTION('center_axis',(-1.,0.,0.));
#2033=DIRECTION('ref_axis',(0.,0.,1.));
#2034=DIRECTION('',(1.,0.,0.));
#2035=DIRECTION('center_axis',(0.,-1.,0.));
#2036=DIRECTION('ref_axis',(0.,0.,-1.));
#2037=DIRECTION('center_axis',(0.,0.,-1.));
#2038=DIRECTION('ref_axis',(-1.,0.,0.));
#2039=DIRECTION('center_axis',(0.,-1.,0.));
#2040=DIRECTION('ref_axis',(0.707106781186548,0.,-0.707106781186548));
#2041=DIRECTION('center_axis',(0.,0.,1.));
#2042=DIRECTION('ref_axis',(-0.707106781186552,0.707106781186543,0.));
#2043=DIRECTION('',(0.,0.,1.));
#2044=DIRECTION('center_axis',(1.,0.,0.));
#2045=DIRECTION('ref_axis',(0.,0.,-1.));
#2046=DIRECTION('',(0.,1.,0.));
#2047=DIRECTION('',(0.,0.,-1.));
#2048=DIRECTION('',(0.,1.,0.));
#2049=DIRECTION('center_axis',(0.,1.,0.));
#2050=DIRECTION('ref_axis',(-1.,0.,0.));
#2051=DIRECTION('',(0.,1.,0.));
#2052=DIRECTION('center_axis',(0.,-1.,0.));
#2053=DIRECTION('ref_axis',(-1.,0.,0.));
#2054=DIRECTION('center_axis',(-2.3373116307898E-16,0.,-1.));
#2055=DIRECTION('ref_axis',(-1.,0.,2.3373116307898E-16));
#2056=DIRECTION('',(0.,1.,0.));
#2057=DIRECTION('',(-1.,0.,2.3373116307898E-16));
#2058=DIRECTION('center_axis',(0.,1.,0.));
#2059=DIRECTION('ref_axis',(-2.22044604925032E-15,0.,1.));
#2060=DIRECTION('',(0.,1.,0.));
#2061=DIRECTION('center_axis',(0.,-1.,0.));
#2062=DIRECTION('ref_axis',(-2.22044604925032E-15,0.,1.));
#2063=DIRECTION('center_axis',(-1.,0.,0.));
#2064=DIRECTION('ref_axis',(0.,0.,1.));
#2065=DIRECTION('',(0.,1.,0.));
#2066=DIRECTION('',(0.,0.,1.));
#2067=DIRECTION('center_axis',(0.,1.,0.));
#2068=DIRECTION('ref_axis',(1.,0.,1.11022302462516E-15));
#2069=DIRECTION('',(0.,1.,0.));
#2070=DIRECTION('center_axis',(0.,-1.,0.));
#2071=DIRECTION('ref_axis',(1.,0.,1.11022302462516E-15));
#2072=DIRECTION('center_axis',(0.,0.,1.));
#2073=DIRECTION('ref_axis',(1.,0.,0.));
#2074=DIRECTION('',(0.,1.,0.));
#2075=DIRECTION('',(1.,0.,0.));
#2076=DIRECTION('center_axis',(0.,1.,0.));
#2077=DIRECTION('ref_axis',(0.,0.,-1.));
#2078=DIRECTION('center_axis',(0.,-1.,0.));
#2079=DIRECTION('ref_axis',(0.,0.,-1.));
#2080=DIRECTION('center_axis',(0.,0.,1.));
#2081=DIRECTION('ref_axis',(1.,0.,0.));
#2082=DIRECTION('',(0.,1.,0.));
#2083=DIRECTION('',(-1.,0.,0.));
#2084=DIRECTION('center_axis',(0.,1.,0.));
#2085=DIRECTION('ref_axis',(-1.,0.,0.));
#2086=DIRECTION('',(0.,1.,0.));
#2087=DIRECTION('center_axis',(0.,1.,0.));
#2088=DIRECTION('ref_axis',(-1.,0.,0.));
#2089=DIRECTION('center_axis',(-1.,0.,7.40148661025288E-16));
#2090=DIRECTION('ref_axis',(7.40148661025288E-16,0.,1.));
#2091=DIRECTION('',(0.,1.,0.));
#2092=DIRECTION('',(-7.40148661025288E-16,0.,-1.));
#2093=DIRECTION('center_axis',(0.,1.,0.));
#2094=DIRECTION('ref_axis',(7.40148683083438E-16,0.,-1.));
#2095=DIRECTION('center_axis',(0.,1.,0.));
#2096=DIRECTION('ref_axis',(7.40148683083438E-16,0.,-1.));
#2097=DIRECTION('center_axis',(0.,1.,0.));
#2098=DIRECTION('ref_axis',(1.,0.,0.));
#2099=DIRECTION('center_axis',(0.,-1.,0.));
#2100=DIRECTION('ref_axis',(0.999999992629502,0.,0.000121412501197226));
#2101=DIRECTION('center_axis',(0.,1.,0.));
#2102=DIRECTION('ref_axis',(0.999999992629502,0.,0.000121412501199231));
#2103=DIRECTION('center_axis',(0.,1.,0.));
#2104=DIRECTION('ref_axis',(0.999999992629502,0.,0.000121412501199231));
#2105=DIRECTION('center_axis',(0.000121412501200142,0.,-0.999999992629502));
#2106=DIRECTION('ref_axis',(-0.999999992629502,0.,-0.000121412501200142));
#2107=DIRECTION('center_axis',(0.,-1.,0.));
#2108=DIRECTION('ref_axis',(-1.,0.,0.));
#2109=DIRECTION('center_axis',(0.,-1.,0.));
#2110=DIRECTION('ref_axis',(-1.,0.,0.));
#2111=DIRECTION('center_axis',(0.,1.,0.));
#2112=DIRECTION('ref_axis',(-1.,0.,0.));
#2113=DIRECTION('',(0.,-1.,0.));
#2114=DIRECTION('center_axis',(0.,1.,0.));
#2115=DIRECTION('ref_axis',(-1.,0.,0.));
#2116=DIRECTION('center_axis',(0.,1.,0.));
#2117=DIRECTION('ref_axis',(-1.,0.,0.));
#2118=DIRECTION('',(0.,-1.,0.));
#2119=DIRECTION('center_axis',(0.,-1.,0.));
#2120=DIRECTION('ref_axis',(-1.,0.,0.));
#2121=DIRECTION('center_axis',(0.,1.,0.));
#2122=DIRECTION('ref_axis',(-1.,0.,0.));
#2123=DIRECTION('center_axis',(0.,-1.,0.));
#2124=DIRECTION('ref_axis',(0.999999998988465,0.,4.49785587266095E-5));
#2125=DIRECTION('center_axis',(0.,1.,0.));
#2126=DIRECTION('ref_axis',(0.999999998988465,0.,4.49785587273383E-5));
#2127=DIRECTION('center_axis',(0.,1.,0.));
#2128=DIRECTION('ref_axis',(0.999999998988465,0.,4.49785587273383E-5));
#2129=DIRECTION('center_axis',(4.49785587273383E-5,0.,-0.999999998988465));
#2130=DIRECTION('ref_axis',(-0.999999998988465,0.,-4.49785587273383E-5));
#2131=DIRECTION('center_axis',(0.,-1.,0.));
#2132=DIRECTION('ref_axis',(-1.,0.,0.));
#2133=DIRECTION('center_axis',(0.,-1.,0.));
#2134=DIRECTION('ref_axis',(-1.,0.,0.));
#2135=DIRECTION('center_axis',(0.,1.,0.));
#2136=DIRECTION('ref_axis',(-1.,0.,0.));
#2137=DIRECTION('',(0.,-1.,0.));
#2138=DIRECTION('center_axis',(0.,1.,0.));
#2139=DIRECTION('ref_axis',(-1.,0.,0.));
#2140=DIRECTION('center_axis',(0.,1.,0.));
#2141=DIRECTION('ref_axis',(-1.,0.,0.));
#2142=DIRECTION('',(0.,-1.,0.));
#2143=DIRECTION('center_axis',(0.,-1.,0.));
#2144=DIRECTION('ref_axis',(-1.,0.,0.));
#2145=DIRECTION('center_axis',(0.,1.,0.));
#2146=DIRECTION('ref_axis',(-1.,0.,0.));
#2147=DIRECTION('center_axis',(0.,1.,0.));
#2148=DIRECTION('ref_axis',(0.,0.,1.));
#2149=DIRECTION('center_axis',(0.,-1.,0.));
#2150=DIRECTION('ref_axis',(-0.70710678118655,0.,0.707106781186545));
#2151=DIRECTION('center_axis',(0.,1.,0.));
#2152=DIRECTION('ref_axis',(-0.70710678118655,0.,0.707106781186545));
#2153=DIRECTION('center_axis',(0.,1.,0.));
#2154=DIRECTION('ref_axis',(-0.707106781186548,0.,0.707106781186547));
#2155=DIRECTION('',(0.,1.,0.));
#2156=DIRECTION('center_axis',(0.,1.,0.));
#2157=DIRECTION('ref_axis',(1.,0.,0.));
#2158=DIRECTION('',(0.,1.,0.));
#2159=DIRECTION('center_axis',(0.,0.,-1.));
#2160=DIRECTION('ref_axis',(0.707106781186577,0.707106781186518,0.));
#2161=DIRECTION('center_axis',(-4.44089209850056E-15,0.,1.));
#2162=DIRECTION('ref_axis',(1.,0.,4.44089209850056E-15));
#2163=DIRECTION('',(0.,0.,-1.));
#2164=DIRECTION('center_axis',(-1.,0.,0.));
#2165=DIRECTION('ref_axis',(0.,0.707106781186548,-0.707106781186548));
#2166=DIRECTION('',(-1.,0.,0.));
#2167=DIRECTION('center_axis',(1.,0.,0.));
#2168=DIRECTION('ref_axis',(0.,0.,-1.));
#2169=DIRECTION('center_axis',(0.,-1.,0.));
#2170=DIRECTION('ref_axis',(0.,0.,-1.));
#2171=DIRECTION('center_axis',(0.,-1.,0.));
#2172=DIRECTION('ref_axis',(-0.707106781186551,0.,0.707106781186544));
#2173=DIRECTION('center_axis',(0.,1.,0.));
#2174=DIRECTION('ref_axis',(-0.707106781186551,0.,0.707106781186544));
#2175=DIRECTION('center_axis',(1.,0.,0.));
#2176=DIRECTION('ref_axis',(0.,0.,-1.));
#2177=DIRECTION('',(0.,1.,0.));
#2178=DIRECTION('',(0.,0.,-1.));
#2179=DIRECTION('center_axis',(0.,1.,0.));
#2180=DIRECTION('ref_axis',(-1.,0.,-5.79246795456607E-15));
#2181=DIRECTION('',(0.,1.,0.));
#2182=DIRECTION('center_axis',(0.,-1.,0.));
#2183=DIRECTION('ref_axis',(-1.,0.,-5.79246795456607E-15));
#2184=DIRECTION('center_axis',(0.,0.,-1.));
#2185=DIRECTION('ref_axis',(-1.,0.,0.));
#2186=DIRECTION('',(-1.,0.,0.));
#2187=DIRECTION('center_axis',(0.,1.,0.));
#2188=DIRECTION('ref_axis',(1.,0.,0.));
#2189=DIRECTION('center_axis',(0.,1.,0.));
#2190=DIRECTION('ref_axis',(1.,0.,0.));
#2191=DIRECTION('center_axis',(0.,1.,0.));
#2192=DIRECTION('ref_axis',(0.707106781186547,0.,0.707106781186548));
#2193=DIRECTION('',(0.,1.,0.));
#2194=DIRECTION('center_axis',(0.,1.,0.));
#2195=DIRECTION('ref_axis',(2.22044604925031E-16,0.,-1.));
#2196=DIRECTION('',(0.,1.,0.));
#2197=DIRECTION('center_axis',(2.22044604925031E-16,0.,-1.));
#2198=DIRECTION('ref_axis',(-1.,0.,-2.22044604925031E-16));
#2199=DIRECTION('',(0.,1.,0.));
#2200=DIRECTION('',(-1.,0.,-2.22044604925031E-16));
#2201=DIRECTION('center_axis',(0.,1.,0.));
#2202=DIRECTION('ref_axis',(-6.0145125594911E-15,0.,1.));
#2203=DIRECTION('',(0.,1.,0.));
#2204=DIRECTION('center_axis',(0.,-1.,0.));
#2205=DIRECTION('ref_axis',(-6.0145125594911E-15,0.,1.));
#2206=DIRECTION('center_axis',(-1.,0.,-2.22044604925031E-16));
#2207=DIRECTION('ref_axis',(-2.22044604925031E-16,0.,1.));
#2208=DIRECTION('',(-2.22044604925031E-16,0.,1.));
#2209=DIRECTION('center_axis',(0.,1.,0.));
#2210=DIRECTION('ref_axis',(2.22044604925031E-16,0.,-1.));
#2211=DIRECTION('center_axis',(0.,1.,0.));
#2212=DIRECTION('ref_axis',(2.22044604925031E-16,0.,-1.));
#2213=CARTESIAN_POINT('',(0.,0.,0.));
#2214=CARTESIAN_POINT('Origin',(-130.250000985572,21.5,-139.367321895425));
#2215=CARTESIAN_POINT('',(-130.750000985572,21.5,-114.10000055097));
#2216=CARTESIAN_POINT('',(-130.250000985572,22.,-114.049490293754));
#2217=CARTESIAN_POINT('Ctrl Pts',(-130.750000985572,21.5,-114.10000055097));
#2218=CARTESIAN_POINT('Ctrl Pts',(-130.750000985572,21.5627979372451,-114.10000055097));
#2219=CARTESIAN_POINT('Ctrl Pts',(-130.737446447727,21.6297784010175,-114.100099308375));
#2220=CARTESIAN_POINT('Ctrl Pts',(-130.686406754655,21.7529733495195,-114.09932189644));
#2221=CARTESIAN_POINT('Ctrl Pts',(-130.647921048219,21.8091867185393,-114.098310953167));
#2222=CARTESIAN_POINT('Ctrl Pts',(-130.558820084283,21.8982876824758,-114.093082561331));
#2223=CARTESIAN_POINT('Ctrl Pts',(-130.502187814841,21.9368697666997,-114.088464920909));
#2224=CARTESIAN_POINT('Ctrl Pts',(-130.378785599627,21.9877170379712,-114.073068569923));
#2225=CARTESIAN_POINT('Ctrl Pts',(-130.312039974111,22.,-114.06215394926));
#2226=CARTESIAN_POINT('Ctrl Pts',(-130.250000985572,22.,-114.049490293754));
#2227=CARTESIAN_POINT('',(-130.250000985572,22.,-153.136447869637));
#2228=CARTESIAN_POINT('',(-130.250000985572,22.,-139.367321895425));
#2229=CARTESIAN_POINT('',(-130.750000985572,21.5,-153.082164532368));
#2230=CARTESIAN_POINT('Ctrl Pts',(-130.250000985572,22.,-153.136447869637));
#2231=CARTESIAN_POINT('Ctrl Pts',(-130.312560322338,22.,-153.127975100247));
#2232=CARTESIAN_POINT('Ctrl Pts',(-130.379432531708,21.9875378230049,-153.119618712711));
#2233=CARTESIAN_POINT('Ctrl Pts',(-130.502665643893,21.9365847286837,-153.105465370975));
#2234=CARTESIAN_POINT('Ctrl Pts',(-130.559019993618,21.8980877731407,-153.099633120477));
#2235=CARTESIAN_POINT('Ctrl Pts',(-130.647881829167,21.8092259375921,-153.090973199001));
#2236=CARTESIAN_POINT('Ctrl Pts',(-130.686369509531,21.753038603537,-153.08755355117));
#2237=CARTESIAN_POINT('Ctrl Pts',(-130.737429566815,21.6298437653724,-153.08316724973));
#2238=CARTESIAN_POINT('Ctrl Pts',(-130.750000985572,21.5628371508148,-153.082164532368));
#2239=CARTESIAN_POINT('Ctrl Pts',(-130.750000985572,21.5,-153.082164532368));
#2240=CARTESIAN_POINT('',(-130.750000985572,21.5,-139.367321895425));
#2241=CARTESIAN_POINT('Origin',(-131.525,-28.,-162.5505));
#2242=CARTESIAN_POINT('',(-139.086860739776,22.,-156.799998965114));
#2243=CARTESIAN_POINT('Origin',(-131.525,22.,-162.5505));
#2244=CARTESIAN_POINT('',(-138.679106290298,21.5,-156.299998965114));
#2245=CARTESIAN_POINT('Ctrl Pts',(-138.679106290298,21.5,-156.299998965114));
#2246=CARTESIAN_POINT('Ctrl Pts',(-138.679106290298,21.5673464674793,-156.299998965114));
#2247=CARTESIAN_POINT('Ctrl Pts',(-138.691750260301,21.6365596644732,-156.314402846396));
#2248=CARTESIAN_POINT('Ctrl Pts',(-138.737356444192,21.7591175696126,-156.367205446246));
#2249=CARTESIAN_POINT('Ctrl Pts',(-138.770110834947,21.8125914082813,-156.405483592209));
#2250=CARTESIAN_POINT('Ctrl Pts',(-138.843669432264,21.900314540636,-156.493206724564));
#2251=CARTESIAN_POINT('Ctrl Pts',(-138.890888763291,21.9383447445949,-156.550510886441));
#2252=CARTESIAN_POINT('Ctrl Pts',(-138.989225881263,21.9881976587627,-156.673296699972));
#2253=CARTESIAN_POINT('Ctrl Pts',(-139.040323446587,22.,-156.738802814002));
#2254=CARTESIAN_POINT('Ctrl Pts',(-139.086860739776,22.,-156.799998965114));
#2255=CARTESIAN_POINT('',(-138.679106290298,13.,-156.299998965114));
#2256=CARTESIAN_POINT('',(-138.679106290298,-28.,-156.299998965114));
#2257=CARTESIAN_POINT('',(-130.750000985572,13.,-153.082164532368));
#2258=CARTESIAN_POINT('Origin',(-131.525,13.,-162.5505));
#2259=CARTESIAN_POINT('',(-130.750000985572,-28.,-153.082164532368));
#2260=CARTESIAN_POINT('Origin',(-149.50000051409,22.,-167.134643239879));
#2261=CARTESIAN_POINT('',(-110.,22.,-95.));
#2262=CARTESIAN_POINT('',(-105.,22.,-100.));
#2263=CARTESIAN_POINT('Origin',(-110.,22.,-100.));
#2264=CARTESIAN_POINT('',(-105.,22.,-181.383));
#2265=CARTESIAN_POINT('',(-105.,22.,-147.869124236402));
#2266=CARTESIAN_POINT('',(-110.,22.,-186.383));
#2267=CARTESIAN_POINT('Origin',(-110.,22.,-181.383));
#2268=CARTESIAN_POINT('',(-215.65,22.,-186.383));
#2269=CARTESIAN_POINT('',(-110.556728520432,22.,-186.383));
#2270=CARTESIAN_POINT('',(-220.65,22.,-181.383));
#2271=CARTESIAN_POINT('Origin',(-215.65,22.,-181.383));
#2272=CARTESIAN_POINT('',(-220.65,22.,-100.));
#2273=CARTESIAN_POINT('',(-220.65,22.,-188.560624236402));
#2274=CARTESIAN_POINT('',(-215.65,22.,-95.));
#2275=CARTESIAN_POINT('Origin',(-215.65,22.,-100.));
#2276=CARTESIAN_POINT('',(-163.381728520432,22.,-95.));
#2277=CARTESIAN_POINT('',(-133.199490728355,22.,-111.10000055097));
#2278=CARTESIAN_POINT('Origin',(-130.750000985572,22.,-111.60000055097));
#2279=CARTESIAN_POINT('',(-192.050508592012,22.,-111.10000055097));
#2280=CARTESIAN_POINT('',(-171.999999424443,22.,-111.10000055097));
#2281=CARTESIAN_POINT('',(-194.999998334795,22.,-114.049490293754));
#2282=CARTESIAN_POINT('Origin',(-194.499998334795,22.,-111.60000055097));
#2283=CARTESIAN_POINT('',(-194.999998334795,22.,-153.179875743647));
#2284=CARTESIAN_POINT('',(-194.999998334795,22.,-161.717321102497));
#2285=CARTESIAN_POINT('',(-185.875639260223,22.,-156.799998965114));
#2286=CARTESIAN_POINT('Origin',(-193.4375,22.,-162.5505));
#2287=CARTESIAN_POINT('',(-140.125000749831,22.,-156.799998965114));
#2288=CARTESIAN_POINT('',(-112.5,22.,-181.383));
#2289=CARTESIAN_POINT('Origin',(-110.,22.,-181.383));
#2290=CARTESIAN_POINT('',(-112.5,22.,-100.));
#2291=CARTESIAN_POINT('Origin',(-110.,22.,-100.));
#2292=CARTESIAN_POINT('',(-218.15,22.,-100.));
#2293=CARTESIAN_POINT('Origin',(-215.65,22.,-100.));
#2294=CARTESIAN_POINT('',(-217.500001490116,22.,-180.000001117587));
#2295=CARTESIAN_POINT('Origin',(-215.000001490116,22.,-180.000001117587));
#2296=CARTESIAN_POINT('',(-150.50000051409,22.,-166.49999974668));
#2297=CARTESIAN_POINT('',(-150.50000051409,22.,-159.499999597669));
#2298=CARTESIAN_POINT('',(-150.50000051409,22.,-171.701965060984));
#2299=CARTESIAN_POINT('',(-152.50000051409,22.,-157.499999597669));
#2300=CARTESIAN_POINT('Origin',(-152.50000051409,22.,-159.499999597669));
#2301=CARTESIAN_POINT('',(-172.500000946224,22.,-157.499999597669));
#2302=CARTESIAN_POINT('',(-163.250000730157,22.,-157.499999597669));
#2303=CARTESIAN_POINT('',(-174.500000946224,22.,-159.499999597669));
#2304=CARTESIAN_POINT('Origin',(-172.500000946224,22.,-159.499999597669));
#2305=CARTESIAN_POINT('',(-174.500000946224,22.,-166.49999974668));
#2306=CARTESIAN_POINT('',(-174.500000946224,22.,-162.567321418774));
#2307=CARTESIAN_POINT('',(-172.500000946224,22.,-168.49999974668));
#2308=CARTESIAN_POINT('Origin',(-172.500000946224,22.,-166.49999974668));
#2309=CARTESIAN_POINT('',(-152.50000051409,22.,-168.49999974668));
#2310=CARTESIAN_POINT('',(-148.75000051409,22.,-168.49999974668));
#2311=CARTESIAN_POINT('Origin',(-152.50000051409,22.,-166.49999974668));
#2312=CARTESIAN_POINT('Origin',(-140.125000749831,21.5,-156.799998965114));
#2313=CARTESIAN_POINT('',(-186.283393709701,21.5,-156.299998965114));
#2314=CARTESIAN_POINT('Ctrl Pts',(-185.875639260223,22.,-156.799998965114));
#2315=CARTESIAN_POINT('Ctrl Pts',(-185.922176553412,22.,-156.738802814002));
#2316=CARTESIAN_POINT('Ctrl Pts',(-185.973274118737,21.9881976587627,-156.673296699972));
#2317=CARTESIAN_POINT('Ctrl Pts',(-186.071611236709,21.9383447445949,-156.550510886441));
#2318=CARTESIAN_POINT('Ctrl Pts',(-186.118830567735,21.900314540636,-156.493206724564));
#2319=CARTESIAN_POINT('Ctrl Pts',(-186.192389165053,21.8125914082812,-156.405483592209));
#2320=CARTESIAN_POINT('Ctrl Pts',(-186.225143555808,21.7591175696126,-156.367205446246));
#2321=CARTESIAN_POINT('Ctrl Pts',(-186.270749739699,21.6365596644733,-156.314402846396));
#2322=CARTESIAN_POINT('Ctrl Pts',(-186.283393709701,21.5673464674793,-156.299998965114));
#2323=CARTESIAN_POINT('Ctrl Pts',(-186.283393709701,21.5,-156.299998965114));
#2324=CARTESIAN_POINT('',(-140.125000749831,21.5,-156.299998965114));
#2325=CARTESIAN_POINT('Origin',(-193.4375,-28.,-162.5505));
#2326=CARTESIAN_POINT('',(-194.499998334795,21.5,-153.110102906204));
#2327=CARTESIAN_POINT('Ctrl Pts',(-194.499998334795,21.5,-153.110102906204));
#2328=CARTESIAN_POINT('Ctrl Pts',(-194.499998334795,21.5628804892458,-153.110102906204));
#2329=CARTESIAN_POINT('Ctrl Pts',(-194.512588459736,21.6299166157394,-153.111493375213));
#2330=CARTESIAN_POINT('Ctrl Pts',(-194.56367208499,21.7531128499941,-153.117451834325));
#2331=CARTESIAN_POINT('Ctrl Pts',(-194.60216357946,21.8092720258509,-153.122056233219));
#2332=CARTESIAN_POINT('Ctrl Pts',(-194.691046360856,21.8981548072471,-153.133459936731));
#2333=CARTESIAN_POINT('Ctrl Pts',(-194.747454056865,21.9366541346779,-153.141042072871));
#2334=CARTESIAN_POINT('Ctrl Pts',(-194.870698141552,21.9875724608249,-153.159024013722));
#2335=CARTESIAN_POINT('Ctrl Pts',(-194.937525892204,22.,-153.16945881892));
#2336=CARTESIAN_POINT('Ctrl Pts',(-194.999998334795,22.,-153.179875743647));
#2337=CARTESIAN_POINT('',(-194.499998334795,13.,-153.110102906204));
#2338=CARTESIAN_POINT('',(-194.499998334795,-28.,-153.110102906204));
#2339=CARTESIAN_POINT('',(-186.283393709701,13.,-156.299998965114));
#2340=CARTESIAN_POINT('Origin',(-193.4375,13.,-162.5505));
#2341=CARTESIAN_POINT('',(-186.283393709701,-28.,-156.299998965114));
#2342=CARTESIAN_POINT('Origin',(-171.999999424443,21.5,-111.10000055097));
#2343=CARTESIAN_POINT('',(-191.999998334795,21.5,-111.60000055097));
#2344=CARTESIAN_POINT('Ctrl Pts',(-191.999998334795,21.5,-111.60000055097));
#2345=CARTESIAN_POINT('Ctrl Pts',(-191.999998334795,21.5627979372451,-111.60000055097));
#2346=CARTESIAN_POINT('Ctrl Pts',(-191.999899577391,21.6297784010175,-111.587446013126));
#2347=CARTESIAN_POINT('Ctrl Pts',(-192.000676989326,21.7529733495195,-111.536406320054));
#2348=CARTESIAN_POINT('Ctrl Pts',(-192.001687932599,21.8091867185393,-111.497920613618));
#2349=CARTESIAN_POINT('Ctrl Pts',(-192.006916324435,21.8982876824758,-111.408819649681));
#2350=CARTESIAN_POINT('Ctrl Pts',(-192.011533964857,21.9368697666997,-111.35218738024));
#2351=CARTESIAN_POINT('Ctrl Pts',(-192.026930315842,21.9877170379712,-111.228785165025));
#2352=CARTESIAN_POINT('Ctrl Pts',(-192.037844936505,22.,-111.16203953951));
#2353=CARTESIAN_POINT('Ctrl Pts',(-192.050508592012,22.,-111.10000055097));
#2354=CARTESIAN_POINT('',(-133.250000985572,21.5,-111.60000055097));
#2355=CARTESIAN_POINT('Ctrl Pts',(-133.199490728355,22.,-111.10000055097));
#2356=CARTESIAN_POINT('Ctrl Pts',(-133.212154383862,22.,-111.16203953951));
#2357=CARTESIAN_POINT('Ctrl Pts',(-133.223069004525,21.9877170379712,-111.228785165025));
#2358=CARTESIAN_POINT('Ctrl Pts',(-133.238465355511,21.9368697666997,-111.35218738024));
#2359=CARTESIAN_POINT('Ctrl Pts',(-133.243082995932,21.8982876824758,-111.408819649681));
#2360=CARTESIAN_POINT('Ctrl Pts',(-133.248311387769,21.8091867185393,-111.497920613618));
#2361=CARTESIAN_POINT('Ctrl Pts',(-133.249322331042,21.7529733495195,-111.536406320054));
#2362=CARTESIAN_POINT('Ctrl Pts',(-133.250099742976,21.6297784010175,-111.587446013126));
#2363=CARTESIAN_POINT('Ctrl Pts',(-133.250000985572,21.5627979372451,-111.60000055097));
#2364=CARTESIAN_POINT('Ctrl Pts',(-133.250000985572,21.5,-111.60000055097));
#2365=CARTESIAN_POINT('',(-171.999999424443,21.5,-111.60000055097));
#2366=CARTESIAN_POINT('Origin',(-194.499998334795,13.,-111.60000055097));
#2367=CARTESIAN_POINT('',(-133.250000985572,13.,-111.60000055097));
#2368=CARTESIAN_POINT('',(-133.250000985572,-28.,-111.60000055097));
#2369=CARTESIAN_POINT('',(-191.999998334795,13.,-111.60000055097));
#2370=CARTESIAN_POINT('',(-178.662499167398,13.,-111.60000055097));
#2371=CARTESIAN_POINT('',(-191.999998334795,-28.,-111.60000055097));
#2372=CARTESIAN_POINT('Origin',(-130.750000985572,-28.,-111.60000055097));
#2373=CARTESIAN_POINT('',(-130.750000985572,13.,-114.10000055097));
#2374=CARTESIAN_POINT('',(-130.750000985572,-28.,-114.10000055097));
#2375=CARTESIAN_POINT('Origin',(-130.750000985572,13.,-111.60000055097));
#2376=CARTESIAN_POINT('Origin',(-194.999998334795,21.5,-161.717321102497));
#2377=CARTESIAN_POINT('',(-194.499998334795,21.5,-114.10000055097));
#2378=CARTESIAN_POINT('Ctrl Pts',(-194.999998334795,22.,-114.049490293754));
#2379=CARTESIAN_POINT('Ctrl Pts',(-194.937959346256,22.,-114.06215394926));
#2380=CARTESIAN_POINT('Ctrl Pts',(-194.87121372074,21.9877170379712,-114.073068569923));
#2381=CARTESIAN_POINT('Ctrl Pts',(-194.747811505526,21.9368697666997,-114.088464920909));
#2382=CARTESIAN_POINT('Ctrl Pts',(-194.691179236084,21.8982876824758,-114.093082561331));
#2383=CARTESIAN_POINT('Ctrl Pts',(-194.602078272148,21.8091867185393,-114.098310953167));
#2384=CARTESIAN_POINT('Ctrl Pts',(-194.563592565712,21.7529733495195,-114.09932189644));
#2385=CARTESIAN_POINT('Ctrl Pts',(-194.51255287264,21.6297784010175,-114.100099308375));
#2386=CARTESIAN_POINT('Ctrl Pts',(-194.499998334795,21.5627979372451,-114.10000055097));
#2387=CARTESIAN_POINT('Ctrl Pts',(-194.499998334795,21.5,-114.10000055097));
#2388=CARTESIAN_POINT('',(-194.499998334795,21.5,-161.717321102497));
#2389=CARTESIAN_POINT('Origin',(-194.499998334795,13.,-156.299998965114));
#2390=CARTESIAN_POINT('',(-194.499998334795,13.,-114.10000055097));
#2391=CARTESIAN_POINT('',(-194.499998334795,-28.,-114.10000055097));
#2392=CARTESIAN_POINT('',(-194.499998334795,13.,-148.495749482557));
#2393=CARTESIAN_POINT('Origin',(-194.499998334795,-28.,-111.60000055097));
#2394=CARTESIAN_POINT('Origin',(-194.499998334795,13.,-111.60000055097));
#2395=CARTESIAN_POINT('Origin',(-149.50000051409,13.,-167.134643239879));
#2396=CARTESIAN_POINT('',(-110.,13.,-95.));
#2397=CARTESIAN_POINT('',(-105.,13.,-100.));
#2398=CARTESIAN_POINT('Origin',(-110.,13.,-100.));
#2399=CARTESIAN_POINT('',(-215.65,13.,-95.));
#2400=CARTESIAN_POINT('',(-110.,13.,-95.));
#2401=CARTESIAN_POINT('',(-220.65,13.,-100.));
#2402=CARTESIAN_POINT('Origin',(-215.65,13.,-100.));
#2403=CARTESIAN_POINT('',(-220.65,13.,-181.383));
#2404=CARTESIAN_POINT('',(-220.65,13.,-100.));
#2405=CARTESIAN_POINT('',(-215.65,13.,-186.383));
#2406=CARTESIAN_POINT('Origin',(-215.65,13.,-181.383));
#2407=CARTESIAN_POINT('',(-110.,13.,-186.383));
#2408=CARTESIAN_POINT('',(-215.65,13.,-186.383));
#2409=CARTESIAN_POINT('',(-105.,13.,-181.383));
#2410=CARTESIAN_POINT('Origin',(-110.,13.,-181.383));
#2411=CARTESIAN_POINT('',(-105.,13.,-181.383));
#2412=CARTESIAN_POINT('',(-150.50000051409,13.,-159.499999597669));
#2413=CARTESIAN_POINT('',(-150.50000051409,13.,-166.49999974668));
#2414=CARTESIAN_POINT('',(-150.50000051409,13.,-171.701965060984));
#2415=CARTESIAN_POINT('',(-152.50000051409,13.,-168.49999974668));
#2416=CARTESIAN_POINT('Origin',(-152.50000051409,13.,-166.49999974668));
#2417=CARTESIAN_POINT('',(-172.500000946224,13.,-168.49999974668));
#2418=CARTESIAN_POINT('',(-148.75000051409,13.,-168.49999974668));
#2419=CARTESIAN_POINT('',(-174.500000946224,13.,-166.49999974668));
#2420=CARTESIAN_POINT('Origin',(-172.500000946224,13.,-166.49999974668));
#2421=CARTESIAN_POINT('',(-174.500000946224,13.,-159.499999597669));
#2422=CARTESIAN_POINT('',(-174.500000946224,13.,-162.567321418774));
#2423=CARTESIAN_POINT('',(-172.500000946224,13.,-157.499999597669));
#2424=CARTESIAN_POINT('Origin',(-172.500000946224,13.,-159.499999597669));
#2425=CARTESIAN_POINT('',(-152.50000051409,13.,-157.499999597669));
#2426=CARTESIAN_POINT('',(-163.250000730157,13.,-157.499999597669));
#2427=CARTESIAN_POINT('Origin',(-152.50000051409,13.,-159.499999597669));
#2428=CARTESIAN_POINT('',(-217.500001490116,13.,-180.000001117587));
#2429=CARTESIAN_POINT('Origin',(-215.000001490116,13.,-180.000001117587));
#2430=CARTESIAN_POINT('',(-218.15,13.,-100.));
#2431=CARTESIAN_POINT('Origin',(-215.65,13.,-100.));
#2432=CARTESIAN_POINT('',(-112.5,13.,-100.));
#2433=CARTESIAN_POINT('Origin',(-110.,13.,-100.));
#2434=CARTESIAN_POINT('',(-112.5,13.,-181.383));
#2435=CARTESIAN_POINT('Origin',(-110.,13.,-181.383));
#2436=CARTESIAN_POINT('',(-130.750000985572,13.,-126.145750275485));
#2437=CARTESIAN_POINT('',(-146.787500492786,13.,-156.299998965114));
#2438=CARTESIAN_POINT('Origin',(-130.750000985572,13.,-111.60000055097));
#2439=CARTESIAN_POINT('Origin',(-152.50000051409,1.50000000000001,-159.499999597669));
#2440=CARTESIAN_POINT('',(-152.50000051409,1.50000000000001,-157.499999597669));
#2441=CARTESIAN_POINT('',(-150.50000051409,1.50000000000001,-159.499999597669));
#2442=CARTESIAN_POINT('Origin',(-177.000000946224,-9.99999999999999,-157.499999597669));
#2443=CARTESIAN_POINT('',(-172.500000946224,1.50000000000001,-157.499999597669));
#2444=CARTESIAN_POINT('Origin',(-172.500000946224,1.50000000000001,-159.499999597669));
#2445=CARTESIAN_POINT('',(-174.500000946224,1.50000000000001,-159.499999597669));
#2446=CARTESIAN_POINT('Origin',(-174.500000946224,13.,-157.999999597669));
#2447=CARTESIAN_POINT('',(-174.500000946224,1.50000000000001,-166.49999974668));
#2448=CARTESIAN_POINT('Origin',(-152.50000051409,1.50000000000001,-166.49999974668));
#2449=CARTESIAN_POINT('',(-152.50000051409,1.50000000000001,-168.49999974668));
#2450=CARTESIAN_POINT('',(-150.50000051409,1.50000000000001,-166.49999974668));
#2451=CARTESIAN_POINT('Origin',(-148.00000051409,-9.99999999999999,-168.49999974668));
#2452=CARTESIAN_POINT('',(-172.500000946224,1.50000000000001,-168.49999974668));
#2453=CARTESIAN_POINT('Origin',(-172.500000946224,1.50000000000001,-166.49999974668));
#2454=CARTESIAN_POINT('Origin',(-130.750000985572,13.,-156.299998965114));
#2455=CARTESIAN_POINT('Origin',(-110.,13.,-181.383));
#2456=CARTESIAN_POINT('',(-112.5,13.,-181.383));
#2457=CARTESIAN_POINT('Origin',(-110.,13.,-100.));
#2458=CARTESIAN_POINT('',(-112.5,13.,-100.));
#2459=CARTESIAN_POINT('Origin',(-215.65,13.,-100.));
#2460=CARTESIAN_POINT('',(-218.15,13.,-100.));
#2461=CARTESIAN_POINT('Origin',(-215.000001490116,13.,-180.000001117587));
#2462=CARTESIAN_POINT('',(-217.500001490116,13.,-180.000001117587));
#2463=CARTESIAN_POINT('Origin',(-215.65,13.,-95.));
#2464=CARTESIAN_POINT('',(-110.,13.,-95.));
#2465=CARTESIAN_POINT('',(-215.65,13.,-95.));
#2466=CARTESIAN_POINT('Origin',(-215.65,13.,-100.));
#2467=CARTESIAN_POINT('',(-220.65,13.,-100.));
#2468=CARTESIAN_POINT('Origin',(-220.65,13.,-181.383));
#2469=CARTESIAN_POINT('',(-220.65,13.,-181.383));
#2470=CARTESIAN_POINT('Origin',(-215.65,13.,-181.383));
#2471=CARTESIAN_POINT('',(-215.65,13.,-186.383));
#2472=CARTESIAN_POINT('Origin',(-110.,13.,-186.383));
#2473=CARTESIAN_POINT('',(-110.,13.,-186.383));
#2474=CARTESIAN_POINT('Origin',(-110.,13.,-181.383));
#2475=CARTESIAN_POINT('',(-105.,13.,-181.383));
#2476=CARTESIAN_POINT('Origin',(-105.,13.,-100.));
#2477=CARTESIAN_POINT('',(-105.,13.,-100.));
#2478=CARTESIAN_POINT('Origin',(-110.,13.,-100.));
#2479=CARTESIAN_POINT('Origin',(-150.50000051409,13.,-176.26928688209));
#2480=CARTESIAN_POINT('Origin',(-150.500000543892,22.5,-161.499999642372));
#2481=CARTESIAN_POINT('',(-150.000000543892,22.5,-159.999999597669));
#2482=CARTESIAN_POINT('',(-150.50000090152,23.,-159.999999761581));
#2483=CARTESIAN_POINT('Origin',(-150.500000543892,22.5,-159.999999597669));
#2484=CARTESIAN_POINT('',(-150.000000543892,22.5,-165.999999776483));
#2485=CARTESIAN_POINT('',(-150.000000543892,22.5,-161.499999642372));
#2486=CARTESIAN_POINT('',(-150.50000090152,23.,-165.999999761581));
#2487=CARTESIAN_POINT('Origin',(-150.500000543892,22.5,-165.999999776483));
#2488=CARTESIAN_POINT('',(-150.50000090152,23.,-164.499999724328));
#2489=CARTESIAN_POINT('Origin',(-157.750000637025,22.5,-168.499999776483));
#2490=CARTESIAN_POINT('',(-153.000000543892,22.5,-168.999999776483));
#2491=CARTESIAN_POINT('',(-153.00000090152,23.,-168.499999761581));
#2492=CARTESIAN_POINT('Origin',(-153.000000543892,22.5,-168.499999776483));
#2493=CARTESIAN_POINT('',(-172.000000916421,22.5,-168.999999776483));
#2494=CARTESIAN_POINT('',(-157.750000637025,22.5,-168.999999776483));
#2495=CARTESIAN_POINT('',(-172.00000090152,23.,-168.499999761581));
#2496=CARTESIAN_POINT('Origin',(-172.000000916421,22.5,-168.499999776483));
#2497=CARTESIAN_POINT('',(-167.250000815839,23.,-168.499999761581));
#2498=CARTESIAN_POINT('Origin',(-174.500000916421,22.5,-164.499999731779));
#2499=CARTESIAN_POINT('',(-175.000000916421,22.5,-165.999999776483));
#2500=CARTESIAN_POINT('',(-174.50000090152,23.,-165.999999761581));
#2501=CARTESIAN_POINT('Origin',(-174.500000916421,22.5,-165.999999776483));
#2502=CARTESIAN_POINT('',(-175.000000916421,22.5,-159.999999597669));
#2503=CARTESIAN_POINT('',(-175.000000916421,22.5,-164.499999731779));
#2504=CARTESIAN_POINT('',(-174.50000090152,23.,-159.999999761581));
#2505=CARTESIAN_POINT('Origin',(-174.500000916421,22.5,-159.999999597669));
#2506=CARTESIAN_POINT('',(-174.50000090152,23.,-161.499999724328));
#2507=CARTESIAN_POINT('Origin',(-167.250000823289,22.5,-157.499999597669));
#2508=CARTESIAN_POINT('',(-172.000000916421,22.5,-156.999999597669));
#2509=CARTESIAN_POINT('',(-172.00000090152,23.,-157.499999761581));
#2510=CARTESIAN_POINT('Origin',(-172.000000916421,22.5,-157.499999597669));
#2511=CARTESIAN_POINT('',(-153.000000543892,22.5,-156.999999597669));
#2512=CARTESIAN_POINT('',(-167.250000823289,22.5,-156.999999597669));
#2513=CARTESIAN_POINT('',(-153.00000090152,23.,-157.499999761581));
#2514=CARTESIAN_POINT('Origin',(-153.00000090152,22.5,-157.499999597669));
#2515=CARTESIAN_POINT('',(-157.750000815839,23.,-157.499999761581));
#2516=CARTESIAN_POINT('Origin',(-153.000000543892,13.,-168.999999776483));
#2517=CARTESIAN_POINT('',(-153.000000543892,13.,-168.999999776483));
#2518=CARTESIAN_POINT('',(-153.000000543892,13.,-168.999999776483));
#2519=CARTESIAN_POINT('',(-172.000000916421,13.,-168.999999776483));
#2520=CARTESIAN_POINT('',(-172.000000916421,13.,-168.999999776483));
#2521=CARTESIAN_POINT('',(-172.000000916421,13.,-168.999999776483));
#2522=CARTESIAN_POINT('Origin',(-153.000000543892,13.,-165.999999776483));
#2523=CARTESIAN_POINT('Origin',(-153.000000543892,22.5,-165.999999776483));
#2524=CARTESIAN_POINT('',(-150.000000543892,13.,-165.999999776483));
#2525=CARTESIAN_POINT('',(-150.000000543892,13.,-165.999999776483));
#2526=CARTESIAN_POINT('Origin',(-153.000000543892,13.,-165.999999776483));
#2527=CARTESIAN_POINT('Origin',(-150.000000543892,13.,-159.999999597669));
#2528=CARTESIAN_POINT('',(-150.000000543892,13.,-159.999999597669));
#2529=CARTESIAN_POINT('',(-150.000000543892,13.,-159.999999597669));
#2530=CARTESIAN_POINT('',(-150.000000543892,13.,-165.999999776483));
#2531=CARTESIAN_POINT('Origin',(-153.000000543892,13.,-159.999999597669));
#2532=CARTESIAN_POINT('Origin',(-153.000000543892,22.5,-159.999999597669));
#2533=CARTESIAN_POINT('',(-153.000000543892,13.,-156.999999597669));
#2534=CARTESIAN_POINT('',(-153.000000543892,13.,-156.999999597669));
#2535=CARTESIAN_POINT('Origin',(-153.000000543892,13.,-159.999999597669));
#2536=CARTESIAN_POINT('Origin',(-153.00000090152,22.5,-159.999999761581));
#2537=CARTESIAN_POINT('',(-151.00000090152,22.5,-159.999999761581));
#2538=CARTESIAN_POINT('Origin',(-150.50000090152,22.5,-159.999999761581));
#2539=CARTESIAN_POINT('',(-153.00000090152,22.5,-157.999999761581));
#2540=CARTESIAN_POINT('Origin',(-153.00000090152,22.5,-159.999999761581));
#2541=CARTESIAN_POINT('Origin',(-153.00000090152,22.5,-157.499999761581));
#2542=CARTESIAN_POINT('Origin',(-157.750000815839,22.5,-157.499999761581));
#2543=CARTESIAN_POINT('',(-172.00000090152,22.5,-157.999999761581));
#2544=CARTESIAN_POINT('Origin',(-172.00000090152,22.5,-157.499999761581));
#2545=CARTESIAN_POINT('',(-157.750000815839,22.5,-157.999999761581));
#2546=CARTESIAN_POINT('Origin',(-172.00000090152,22.5,-159.999999761581));
#2547=CARTESIAN_POINT('',(-174.00000090152,22.5,-159.999999761581));
#2548=CARTESIAN_POINT('Origin',(-174.50000090152,22.5,-159.999999761581));
#2549=CARTESIAN_POINT('Origin',(-172.000000916421,22.5,-159.999999597669));
#2550=CARTESIAN_POINT('Origin',(-172.00000090152,22.5,-159.999999761581));
#2551=CARTESIAN_POINT('Origin',(-174.50000090152,22.5,-161.499999724328));
#2552=CARTESIAN_POINT('',(-174.00000090152,22.5,-165.999999761581));
#2553=CARTESIAN_POINT('Origin',(-174.50000090152,22.5,-165.999999761581));
#2554=CARTESIAN_POINT('',(-174.00000090152,22.5,-161.499999724328));
#2555=CARTESIAN_POINT('Origin',(-172.00000090152,22.5,-165.999999761581));
#2556=CARTESIAN_POINT('',(-172.00000090152,22.5,-167.999999761581));
#2557=CARTESIAN_POINT('Origin',(-172.00000090152,22.5,-168.499999761581));
#2558=CARTESIAN_POINT('Origin',(-172.000000916421,22.5,-165.999999776483));
#2559=CARTESIAN_POINT('Origin',(-172.00000090152,22.5,-165.999999761581));
#2560=CARTESIAN_POINT('Origin',(-167.250000815839,22.5,-168.499999761581));
#2561=CARTESIAN_POINT('',(-153.00000090152,22.5,-167.999999761581));
#2562=CARTESIAN_POINT('Origin',(-153.00000090152,22.5,-168.499999761581));
#2563=CARTESIAN_POINT('',(-167.250000815839,22.5,-167.999999761581));
#2564=CARTESIAN_POINT('Origin',(-153.00000090152,22.5,-165.999999761581));
#2565=CARTESIAN_POINT('',(-151.00000090152,22.5,-165.999999761581));
#2566=CARTESIAN_POINT('Origin',(-150.50000090152,22.5,-165.999999761581));
#2567=CARTESIAN_POINT('Origin',(-153.00000090152,22.5,-165.999999761581));
#2568=CARTESIAN_POINT('Origin',(-150.50000090152,22.5,-164.499999724328));
#2569=CARTESIAN_POINT('',(-151.00000090152,22.5,-164.499999724328));
#2570=CARTESIAN_POINT('Origin',(-174.00000090152,13.,-159.999999761581));
#2571=CARTESIAN_POINT('',(-174.00000090152,13.,-159.999999761581));
#2572=CARTESIAN_POINT('',(-174.00000090152,13.,-159.999999761581));
#2573=CARTESIAN_POINT('',(-174.00000090152,13.,-165.999999761581));
#2574=CARTESIAN_POINT('',(-174.00000090152,13.,-159.999999761581));
#2575=CARTESIAN_POINT('',(-174.00000090152,13.,-165.999999761581));
#2576=CARTESIAN_POINT('Origin',(-172.00000090152,13.,-159.999999761581));
#2577=CARTESIAN_POINT('',(-172.00000090152,13.,-157.999999761581));
#2578=CARTESIAN_POINT('',(-172.00000090152,13.,-157.999999761581));
#2579=CARTESIAN_POINT('Origin',(-172.00000090152,13.,-159.999999761581));
#2580=CARTESIAN_POINT('Origin',(-153.00000090152,13.,-157.999999761581));
#2581=CARTESIAN_POINT('',(-153.00000090152,13.,-157.999999761581));
#2582=CARTESIAN_POINT('',(-153.00000090152,13.,-157.999999761581));
#2583=CARTESIAN_POINT('',(-153.00000090152,13.,-157.999999761581));
#2584=CARTESIAN_POINT('Origin',(-153.00000090152,13.,-159.999999761581));
#2585=CARTESIAN_POINT('',(-151.00000090152,13.,-159.999999761581));
#2586=CARTESIAN_POINT('',(-151.00000090152,13.,-159.999999761581));
#2587=CARTESIAN_POINT('Origin',(-153.00000090152,13.,-159.999999761581));
#2588=CARTESIAN_POINT('Origin',(-151.00000090152,13.,-165.999999761581));
#2589=CARTESIAN_POINT('',(-151.00000090152,13.,-165.999999761581));
#2590=CARTESIAN_POINT('',(-151.00000090152,13.,-165.999999761581));
#2591=CARTESIAN_POINT('',(-151.00000090152,13.,-165.999999761581));
#2592=CARTESIAN_POINT('Origin',(-153.00000090152,13.,-165.999999761581));
#2593=CARTESIAN_POINT('',(-153.00000090152,13.,-167.999999761581));
#2594=CARTESIAN_POINT('',(-153.00000090152,13.,-167.999999761581));
#2595=CARTESIAN_POINT('Origin',(-153.00000090152,13.,-165.999999761581));
#2596=CARTESIAN_POINT('Origin',(-172.00000090152,13.,-167.999999761581));
#2597=CARTESIAN_POINT('',(-172.00000090152,13.,-167.999999761581));
#2598=CARTESIAN_POINT('',(-172.00000090152,13.,-167.999999761581));
#2599=CARTESIAN_POINT('',(-172.00000090152,13.,-167.999999761581));
#2600=CARTESIAN_POINT('Origin',(-172.00000090152,13.,-165.999999761581));
#2601=CARTESIAN_POINT('Origin',(-172.00000090152,13.,-165.999999761581));
#2602=CARTESIAN_POINT('Origin',(-172.000000916421,13.,-156.999999597669));
#2603=CARTESIAN_POINT('',(-172.000000916421,13.,-156.999999597669));
#2604=CARTESIAN_POINT('',(-172.000000916421,13.,-156.999999597669));
#2605=CARTESIAN_POINT('',(-153.000000543892,13.,-156.999999597669));
#2606=CARTESIAN_POINT('Origin',(-172.000000916421,13.,-159.999999597669));
#2607=CARTESIAN_POINT('',(-175.000000916421,13.,-159.999999597669));
#2608=CARTESIAN_POINT('',(-175.000000916421,13.,-159.999999597669));
#2609=CARTESIAN_POINT('Origin',(-172.000000916421,13.,-159.999999597669));
#2610=CARTESIAN_POINT('Origin',(-175.000000916421,13.,-165.999999776483));
#2611=CARTESIAN_POINT('',(-175.000000916421,13.,-165.999999776483));
#2612=CARTESIAN_POINT('',(-175.000000916421,13.,-165.999999776483));
#2613=CARTESIAN_POINT('',(-175.000000916421,13.,-159.999999597669));
#2614=CARTESIAN_POINT('Origin',(-172.000000916421,13.,-165.999999776483));
#2615=CARTESIAN_POINT('Origin',(-172.000000916421,13.,-165.999999776483));
#2616=CARTESIAN_POINT('Origin',(-162.500000730157,13.,-162.999999687076));
#2617=CARTESIAN_POINT('Origin',(-193.4375,24.1339745962156,-162.5505));
#2618=CARTESIAN_POINT('',(-203.187499928137,24.1339745962156,-162.551683771887));
#2619=CARTESIAN_POINT('',(-183.6875,24.1339745962156,-162.5505));
#2620=CARTESIAN_POINT('Origin',(-193.4375,24.1339745962156,-162.5505));
#2621=CARTESIAN_POINT('Origin',(-193.4375,24.1339745962156,-162.5505));
#2622=CARTESIAN_POINT('',(-202.687499931823,25.,-162.551623065636));
#2623=CARTESIAN_POINT('Origin',(-202.187499935508,24.1339745962156,-162.551562359386));
#2624=CARTESIAN_POINT('',(-184.1875,25.,-162.5505));
#2625=CARTESIAN_POINT('Origin',(-193.4375,25.,-162.5505));
#2626=CARTESIAN_POINT('Origin',(-193.4375,25.,-162.5505));
#2627=CARTESIAN_POINT('Origin',(-193.4375,20.,-162.5505));
#2628=CARTESIAN_POINT('',(-183.6875,13.,-162.5505));
#2629=CARTESIAN_POINT('',(-183.6875,20.,-162.5505));
#2630=CARTESIAN_POINT('Origin',(-193.4375,13.,-162.5505));
#2631=CARTESIAN_POINT('Origin',(-193.4375,20.,-162.5505));
#2632=CARTESIAN_POINT('',(-184.1875,13.,-162.5505));
#2633=CARTESIAN_POINT('',(-184.1875,20.,-162.5505));
#2634=CARTESIAN_POINT('Origin',(-193.4375,13.,-162.5505));
#2635=CARTESIAN_POINT('Origin',(-193.4375,13.,-162.5505));
#2636=CARTESIAN_POINT('Origin',(-131.525,24.1339745962156,-162.5505));
#2637=CARTESIAN_POINT('',(-141.274999990137,24.1339745962156,-162.550938540948));
#2638=CARTESIAN_POINT('',(-121.775,24.1339745962156,-162.5505));
#2639=CARTESIAN_POINT('Origin',(-131.525,24.1339745962156,-162.5505));
#2640=CARTESIAN_POINT('Origin',(-131.525,24.1339745962156,-162.5505));
#2641=CARTESIAN_POINT('',(-140.774999990643,25.,-162.550916051669));
#2642=CARTESIAN_POINT('Origin',(-140.274999991149,24.1339745962156,-162.550893562389));
#2643=CARTESIAN_POINT('',(-122.275,25.,-162.5505));
#2644=CARTESIAN_POINT('Origin',(-131.525,25.,-162.5505));
#2645=CARTESIAN_POINT('Origin',(-131.525,25.,-162.5505));
#2646=CARTESIAN_POINT('Origin',(-131.525,22.,-162.5505));
#2647=CARTESIAN_POINT('',(-121.775,13.,-162.5505));
#2648=CARTESIAN_POINT('',(-121.775,22.,-162.5505));
#2649=CARTESIAN_POINT('Origin',(-131.525,13.,-162.5505));
#2650=CARTESIAN_POINT('Origin',(-131.525,20.,-162.5505));
#2651=CARTESIAN_POINT('',(-122.275,13.,-162.5505));
#2652=CARTESIAN_POINT('',(-122.275,20.,-162.5505));
#2653=CARTESIAN_POINT('Origin',(-131.525,13.,-162.5505));
#2654=CARTESIAN_POINT('Origin',(-131.525,13.,-162.5505));
#2655=CARTESIAN_POINT('Origin',(-194.499998223037,22.,-111.599999852478));
#2656=CARTESIAN_POINT('',(-192.199998223037,22.3938730760029,-111.407999852478));
#2657=CARTESIAN_POINT('',(-192.557726558184,22.5,-111.12294557893));
#2658=CARTESIAN_POINT('Ctrl Pts',(-192.199998223037,22.3938730760029,-111.407999852478));
#2659=CARTESIAN_POINT('Ctrl Pts',(-192.248253564772,22.4285889133305,-111.363604938082));
#2660=CARTESIAN_POINT('Ctrl Pts',(-192.301848813068,22.4540703212628,-111.317088458952));
#2661=CARTESIAN_POINT('Ctrl Pts',(-192.420199001298,22.4903543000406,-111.22152534119));
#2662=CARTESIAN_POINT('Ctrl Pts',(-192.486223309661,22.49964759538,-111.172113825085));
#2663=CARTESIAN_POINT('Ctrl Pts',(-192.555142142292,22.49999673087,-111.124718587718));
#2664=CARTESIAN_POINT('Ctrl Pts',(-192.556434018453,22.5,-111.12383159702));
#2665=CARTESIAN_POINT('Ctrl Pts',(-192.557726558184,22.5,-111.12294557893));
#2666=CARTESIAN_POINT('',(-194.977052496585,22.5,-113.542271517331));
#2667=CARTESIAN_POINT('Origin',(-194.499998223037,22.5,-111.599999852478));
#2668=CARTESIAN_POINT('',(-194.691998223037,22.3938730760029,-113.899999852478));
#2669=CARTESIAN_POINT('Ctrl Pts',(-194.977052496585,22.5,-113.542271517331));
#2670=CARTESIAN_POINT('Ctrl Pts',(-194.976166478495,22.5,-113.543564057062));
#2671=CARTESIAN_POINT('Ctrl Pts',(-194.975279487797,22.49999673087,-113.544855933223));
#2672=CARTESIAN_POINT('Ctrl Pts',(-194.927884250429,22.4996475953799,-113.613774765856));
#2673=CARTESIAN_POINT('Ctrl Pts',(-194.878472734325,22.4903543000405,-113.679799074218));
#2674=CARTESIAN_POINT('Ctrl Pts',(-194.782909616563,22.4540703212628,-113.798149262447));
#2675=CARTESIAN_POINT('Ctrl Pts',(-194.736393137433,22.4285889133306,-113.851744510743));
#2676=CARTESIAN_POINT('Ctrl Pts',(-194.691998223037,22.3938730760029,-113.899999852478));
#2677=CARTESIAN_POINT('',(-194.499998223037,22.,-114.099999796599));
#2678=CARTESIAN_POINT('Ctrl Pts',(-194.691998223037,22.3938730760029,-113.899999852478));
#2679=CARTESIAN_POINT('Ctrl Pts',(-194.644852534643,22.3570061944877,-113.951245165949));
#2680=CARTESIAN_POINT('Ctrl Pts',(-194.604843896367,22.3120750797555,-113.993072975568));
#2681=CARTESIAN_POINT('Ctrl Pts',(-194.548502119646,22.22019174353,-114.051154281496));
#2682=CARTESIAN_POINT('Ctrl Pts',(-194.52803135359,22.1734142257539,-114.071842125925));
#2683=CARTESIAN_POINT('Ctrl Pts',(-194.505207288639,22.0825928630144,-114.094805107895));
#2684=CARTESIAN_POINT('Ctrl Pts',(-194.499998223037,22.0416556323134,-114.099999852478));
#2685=CARTESIAN_POINT('Ctrl Pts',(-194.499998223037,22.,-114.099999852478));
#2686=CARTESIAN_POINT('',(-191.999998278916,22.,-111.599999852478));
#2687=CARTESIAN_POINT('Origin',(-194.499998223037,22.,-111.599999852478));
#2688=CARTESIAN_POINT('Ctrl Pts',(-191.999998223037,22.,-111.599999852478));
#2689=CARTESIAN_POINT('Ctrl Pts',(-191.999998223037,22.0485465294207,-111.599999852478));
#2690=CARTESIAN_POINT('Ctrl Pts',(-192.007047054782,22.0959735321933,-111.592925683431));
#2691=CARTESIAN_POINT('Ctrl Pts',(-192.033780918308,22.1862964818771,-111.566409212883));
#2692=CARTESIAN_POINT('Ctrl Pts',(-192.053188701836,22.2276645503871,-111.547263527218));
#2693=CARTESIAN_POINT('Ctrl Pts',(-192.108617947672,22.3138860203497,-111.493537560538));
#2694=CARTESIAN_POINT('Ctrl Pts',(-192.14978725883,22.3577503255936,-111.454193939548));
#2695=CARTESIAN_POINT('Ctrl Pts',(-192.199998223037,22.3938730760029,-111.407999852478));
#2696=CARTESIAN_POINT('Origin',(-194.499998223037,17.5,-111.599999852478));
#2697=CARTESIAN_POINT('',(-194.499998223037,13.,-114.099999796599));
#2698=CARTESIAN_POINT('',(-194.499998223037,17.5,-114.099999796599));
#2699=CARTESIAN_POINT('',(-191.999998278916,13.,-111.599999852478));
#2700=CARTESIAN_POINT('Origin',(-194.499998223037,13.,-111.599999852478));
#2701=CARTESIAN_POINT('',(-191.999998278916,17.5,-111.599999852478));
#2702=CARTESIAN_POINT('Origin',(-194.999998223037,22.,-112.749999852478));
#2703=CARTESIAN_POINT('',(-194.499998223037,22.,-113.899999852478));
#2704=CARTESIAN_POINT('Origin',(-194.999998223037,22.,-113.899999852478));
#2705=CARTESIAN_POINT('',(-194.499998223037,22.,-112.749999852478));
#2706=CARTESIAN_POINT('Origin',(-193.249998250976,22.,-111.099999852478));
#2707=CARTESIAN_POINT('',(-192.199998223037,22.,-111.599999852478));
#2708=CARTESIAN_POINT('',(-193.249998250976,22.,-111.599999852478));
#2709=CARTESIAN_POINT('Origin',(-192.199998223037,22.,-111.099999852478));
#2710=CARTESIAN_POINT('Origin',(-192.199998223037,22.,-113.899999852478));
#2711=CARTESIAN_POINT('Origin',(-192.199998223037,22.,-113.899999852478));
#2712=CARTESIAN_POINT('Origin',(-192.199998223037,22.5,-113.899999852478));
#2713=CARTESIAN_POINT('Origin',(-194.499998223037,17.5,-113.899999852478));
#2714=CARTESIAN_POINT('',(-194.499998223037,13.,-113.899999852478));
#2715=CARTESIAN_POINT('',(-194.499998223037,17.5,-113.899999852478));
#2716=CARTESIAN_POINT('',(-194.499998223037,13.,-112.749999852478));
#2717=CARTESIAN_POINT('Origin',(-192.199998223037,17.5,-113.899999852478));
#2718=CARTESIAN_POINT('',(-192.199998223037,13.,-111.599999852478));
#2719=CARTESIAN_POINT('',(-192.199998223037,17.5,-111.599999852478));
#2720=CARTESIAN_POINT('Origin',(-192.199998223037,13.,-113.899999852478));
#2721=CARTESIAN_POINT('Origin',(-191.999998278916,17.5,-111.599999852478));
#2722=CARTESIAN_POINT('',(-193.249998250976,13.,-111.599999852478));
#2723=CARTESIAN_POINT('Origin',(-194.499998223037,22.5,-111.599999852478));
#2724=CARTESIAN_POINT('Origin',(-194.499998223037,13.,-111.599999852478));
#2725=CARTESIAN_POINT('Ctrl Pts',(-132.770905430848,22.5108023710216,-111.60359391894));
#2726=CARTESIAN_POINT('Ctrl Pts',(-132.770905430848,22.5108023710216,-111.463226290597));
#2727=CARTESIAN_POINT('Ctrl Pts',(-132.742045637353,22.5108023710216,-111.204636732608));
#2728=CARTESIAN_POINT('Ctrl Pts',(-132.606281288679,22.5108023710216,-110.751671803802));
#2729=CARTESIAN_POINT('Ctrl Pts',(-132.311538858386,22.5108023710216,-110.274376783567));
#2730=CARTESIAN_POINT('Ctrl Pts',(-131.808467945653,22.5108023710216,-109.851113288151));
#2731=CARTESIAN_POINT('Ctrl Pts',(-131.284133083892,22.5108023710216,-109.648155967376));
#2732=CARTESIAN_POINT('Ctrl Pts',(-130.845971002015,22.5108023710216,-109.596393578888));
#2733=CARTESIAN_POINT('Ctrl Pts',(-130.409334039303,22.5108023710216,-109.615393131232));
#2734=CARTESIAN_POINT('Ctrl Pts',(-129.87300857512,22.5108023710216,-109.776017064938));
#2735=CARTESIAN_POINT('Ctrl Pts',(-129.331482263562,22.5108023710216,-110.163942737753));
#2736=CARTESIAN_POINT('Ctrl Pts',(-128.877402950512,22.5108023710216,-110.797434577684));
#2737=CARTESIAN_POINT('Ctrl Pts',(-128.748197709483,22.5108023710216,-111.406955806998));
#2738=CARTESIAN_POINT('Ctrl Pts',(-128.783146162377,22.5108023710216,-111.842661314297));
#2739=CARTESIAN_POINT('Ctrl Pts',(-128.835704716292,22.5108023710216,-112.169294450479));
#2740=CARTESIAN_POINT('Ctrl Pts',(-129.018478854519,22.5108023710216,-112.640647227307));
#2741=CARTESIAN_POINT('Ctrl Pts',(-129.441624027511,22.5108023710216,-113.144479327018));
#2742=CARTESIAN_POINT('Ctrl Pts',(-129.918989632462,22.5108023710216,-113.438892866152));
#2743=CARTESIAN_POINT('Ctrl Pts',(-130.371940854293,22.5108023710216,-113.574756759238));
#2744=CARTESIAN_POINT('Ctrl Pts',(-130.630537802507,22.5108023710216,-113.60359391894));
#2745=CARTESIAN_POINT('Ctrl Pts',(-130.770905430848,22.5108023710216,-113.60359391894));
#2746=CARTESIAN_POINT('Ctrl Pts',(-132.844998099686,22.5108023710216,-111.60359391894));
#2747=CARTESIAN_POINT('Ctrl Pts',(-132.844998099686,22.5108023710216,-111.458034976093));
#2748=CARTESIAN_POINT('Ctrl Pts',(-132.815065296286,22.5108023710216,-111.189881655815));
#2749=CARTESIAN_POINT('Ctrl Pts',(-132.67427587994,22.5108023710216,-110.720164228299));
#2750=CARTESIAN_POINT('Ctrl Pts',(-132.368607312668,22.5108023710216,-110.225217511192));
#2751=CARTESIAN_POINT('Ctrl Pts',(-131.846919256945,22.5108023710216,-109.786300750485));
#2752=CARTESIAN_POINT('Ctrl Pts',(-131.303187489698,22.5108023710216,-109.57583887727));
#2753=CARTESIAN_POINT('Ctrl Pts',(-130.848812480507,22.5108023710216,-109.522164857314));
#2754=CARTESIAN_POINT('Ctrl Pts',(-130.396024765628,22.5108023710216,-109.541868609366));
#2755=CARTESIAN_POINT('Ctrl Pts',(-129.839844388568,22.5108023710216,-109.708445802116));
#2756=CARTESIAN_POINT('Ctrl Pts',(-129.278276447492,22.5108023710216,-110.110730827656));
#2757=CARTESIAN_POINT('Ctrl Pts',(-128.807394560463,22.5108023710216,-110.767661799614));
#2758=CARTESIAN_POINT('Ctrl Pts',(-128.673396437475,22.5108023710216,-111.399747420702));
#2759=CARTESIAN_POINT('Ctrl Pts',(-128.70963716914,22.5108023710216,-111.851568343516));
#2760=CARTESIAN_POINT('Ctrl Pts',(-128.764138245883,22.5108023710216,-112.190285534356));
#2761=CARTESIAN_POINT('Ctrl Pts',(-128.953669111291,22.5108023710216,-112.679082333775));
#2762=CARTESIAN_POINT('Ctrl Pts',(-129.39246350587,22.5108023710216,-113.201556607017));
#2763=CARTESIAN_POINT('Ctrl Pts',(-129.88748248817,22.5108023710216,-113.506884975286));
#2764=CARTESIAN_POINT('Ctrl Pts',(-130.357185671266,22.5108023710216,-113.647777239246));
#2765=CARTESIAN_POINT('Ctrl Pts',(-130.625346488002,22.5108023710216,-113.677686587778));
#2766=CARTESIAN_POINT('Ctrl Pts',(-130.770905430848,22.5108023710216,-113.677686587778));
#2767=CARTESIAN_POINT('Ctrl Pts',(-132.997163464731,22.4829610973433,-111.60359391894));
#2768=CARTESIAN_POINT('Ctrl Pts',(-132.997163464731,22.4829610973433,-111.447320659257));
#2769=CARTESIAN_POINT('Ctrl Pts',(-132.965050198646,22.4829610973433,-111.159429740734));
#2770=CARTESIAN_POINT('Ctrl Pts',(-132.813913653781,22.4829610973433,-110.655138027691));
#2771=CARTESIAN_POINT('Ctrl Pts',(-132.485848017941,22.4829610973433,-110.123757452599));
#2772=CARTESIAN_POINT('Ctrl Pts',(-131.925806706296,22.4829610973433,-109.652530505089));
#2773=CARTESIAN_POINT('Ctrl Pts',(-131.342072268524,22.4829610973433,-109.426570646779));
#2774=CARTESIAN_POINT('Ctrl Pts',(-130.854284096879,22.4829610973433,-109.368934772945));
#2775=CARTESIAN_POINT('Ctrl Pts',(-130.368176809552,22.4829610973433,-109.390082733257));
#2776=CARTESIAN_POINT('Ctrl Pts',(-129.771136062463,22.4829610973433,-109.568869824224));
#2777=CARTESIAN_POINT('Ctrl Pts',(-129.168288501939,22.4829610973433,-110.000716227769));
#2778=CARTESIAN_POINT('Ctrl Pts',(-128.662782314464,22.4829610973433,-110.70596130977));
#2779=CARTESIAN_POINT('Ctrl Pts',(-128.51897883241,22.4829610973433,-111.384484757704));
#2780=CARTESIAN_POINT('Ctrl Pts',(-128.557888159932,22.4829610973433,-111.869557666616));
#2781=CARTESIAN_POINT('Ctrl Pts',(-128.616406142335,22.4829610973433,-112.233191263537));
#2782=CARTESIAN_POINT('Ctrl Pts',(-128.819899846433,22.4829610973433,-112.757920523263));
#2783=CARTESIAN_POINT('Ctrl Pts',(-129.290994081968,22.4829610973433,-113.318818497701));
#2784=CARTESIAN_POINT('Ctrl Pts',(-129.822455988233,22.4829610973433,-113.646515445546));
#2785=CARTESIAN_POINT('Ctrl Pts',(-130.326732531259,22.4829610973433,-113.79776393256));
#2786=CARTESIAN_POINT('Ctrl Pts',(-130.614632171166,22.4829610973433,-113.829851952823));
#2787=CARTESIAN_POINT('Ctrl Pts',(-130.770905430848,22.4829610973433,-113.829851952823));
#2788=CARTESIAN_POINT('Ctrl Pts',(-133.214606796282,22.3157158284122,-111.60359391894));
#2789=CARTESIAN_POINT('Ctrl Pts',(-133.214606796282,22.3157158284122,-111.432088953892));
#2790=CARTESIAN_POINT('Ctrl Pts',(-133.179342981211,22.3157158284122,-111.116137175891));
#2791=CARTESIAN_POINT('Ctrl Pts',(-133.013460918584,22.3157158284122,-110.56269230634));
#2792=CARTESIAN_POINT('Ctrl Pts',(-132.653327033581,22.3157158284122,-109.979520506447));
#2793=CARTESIAN_POINT('Ctrl Pts',(-132.038656963186,22.3157158284122,-109.462365940061));
#2794=CARTESIAN_POINT('Ctrl Pts',(-131.398008536722,22.3157158284122,-109.21438778472));
#2795=CARTESIAN_POINT('Ctrl Pts',(-130.862647207675,22.3157158284122,-109.151144129757));
#2796=CARTESIAN_POINT('Ctrl Pts',(-130.329151487985,22.3157158284122,-109.174358872524));
#2797=CARTESIAN_POINT('Ctrl Pts',(-129.673847128571,22.3157158284122,-109.370618366146));
#2798=CARTESIAN_POINT('Ctrl Pts',(-129.012190357597,22.3157158284122,-109.844601134663));
#2799=CARTESIAN_POINT('Ctrl Pts',(-128.457380559491,22.3157158284121,-110.618622470815));
#2800=CARTESIAN_POINT('Ctrl Pts',(-128.299508669725,22.3157158284122,-111.363360312308));
#2801=CARTESIAN_POINT('Ctrl Pts',(-128.342209542556,22.3157158284121,-111.895717619502));
#2802=CARTESIAN_POINT('Ctrl Pts',(-128.406426519696,22.3157158284122,-112.29480831157));
#2803=CARTESIAN_POINT('Ctrl Pts',(-128.629743797276,22.3157158284122,-112.870724280561));
#2804=CARTESIAN_POINT('Ctrl Pts',(-129.146753919514,22.3157158284122,-113.486323212108));
#2805=CARTESIAN_POINT('Ctrl Pts',(-129.730011610789,22.3157158284122,-113.846055571918));
#2806=CARTESIAN_POINT('Ctrl Pts',(-130.283439721273,22.3157158284122,-114.012059117844));
#2807=CARTESIAN_POINT('Ctrl Pts',(-130.599400465802,22.3157158284122,-114.047295284374));
#2808=CARTESIAN_POINT('Ctrl Pts',(-130.770905430848,22.3157158284122,-114.047295284374));
#2809=CARTESIAN_POINT('Ctrl Pts',(-133.270905430848,22.1219413742783,-111.60359391894));
#2810=CARTESIAN_POINT('Ctrl Pts',(-133.270905430848,22.1219413742783,-111.428048820832));
#2811=CARTESIAN_POINT('Ctrl Pts',(-133.234868259102,22.1219413742783,-111.104655835425));
#2812=CARTESIAN_POINT('Ctrl Pts',(-133.065118990902,22.1219413742783,-110.538175305335));
#2813=CARTESIAN_POINT('Ctrl Pts',(-132.69675917993,22.1219413742783,-109.941261309059));
#2814=CARTESIAN_POINT('Ctrl Pts',(-132.067727933577,22.1219413742783,-109.41191823554));
#2815=CARTESIAN_POINT('Ctrl Pts',(-131.41203900064,22.1219413742783,-109.158082681536));
#2816=CARTESIAN_POINT('Ctrl Pts',(-130.864147866602,22.1219413742783,-109.093321542493));
#2817=CARTESIAN_POINT('Ctrl Pts',(-130.318107899859,22.1219413742783,-109.117067713464));
#2818=CARTESIAN_POINT('Ctrl Pts',(-129.647565015353,22.1219413742783,-109.317821050835));
#2819=CARTESIAN_POINT('Ctrl Pts',(-128.970463108922,22.1219413742783,-109.802843678954));
#2820=CARTESIAN_POINT('Ctrl Pts',(-128.402675159459,22.1219413742783,-110.594994789549));
#2821=CARTESIAN_POINT('Ctrl Pts',(-128.24122993537,22.1219413742783,-111.357053362346));
#2822=CARTESIAN_POINT('Ctrl Pts',(-128.284939183173,22.1219413742783,-111.901937084188));
#2823=CARTESIAN_POINT('Ctrl Pts',(-128.350681939277,22.1219413742783,-112.310389143617));
#2824=CARTESIAN_POINT('Ctrl Pts',(-128.579289608315,22.1219413742783,-112.899754031392));
#2825=CARTESIAN_POINT('Ctrl Pts',(-129.108481472657,22.1219413742783,-113.529767599762));
#2826=CARTESIAN_POINT('Ctrl Pts',(-129.705492793994,22.1219413742783,-113.89770776769));
#2827=CARTESIAN_POINT('Ctrl Pts',(-130.271956478926,22.1219413742783,-114.067585209014));
#2828=CARTESIAN_POINT('Ctrl Pts',(-130.595360332741,22.1219413742783,-114.10359391894));
#2829=CARTESIAN_POINT('Ctrl Pts',(-130.770905430848,22.1219413742783,-114.10359391894));
#2830=CARTESIAN_POINT('Ctrl Pts',(-133.270905430848,22.0108023710216,-111.60359391894));
#2831=CARTESIAN_POINT('Ctrl Pts',(-133.270905430848,22.0108023710216,-111.428134383512));
#2832=CARTESIAN_POINT('Ctrl Pts',(-133.234830688979,22.0108023710216,-111.104897436026));
#2833=CARTESIAN_POINT('Ctrl Pts',(-133.065125253137,22.0108023710216,-110.538691275017));
#2834=CARTESIAN_POINT('Ctrl Pts',(-132.69669721527,22.0108023710216,-109.942072499724));
#2835=CARTESIAN_POINT('Ctrl Pts',(-132.067858574355,22.0108023710216,-109.412993130454));
#2836=CARTESIAN_POINT('Ctrl Pts',(-131.412439997153,22.0108023710216,-109.159296479485));
#2837=CARTESIAN_POINT('Ctrl Pts',(-130.864737394807,22.0108023710216,-109.094593493875));
#2838=CARTESIAN_POINT('Ctrl Pts',(-130.318941191417,22.0108023710216,-109.118342934305));
#2839=CARTESIAN_POINT('Ctrl Pts',(-129.648534361188,22.0108023710216,-109.319122851437));
#2840=CARTESIAN_POINT('Ctrl Pts',(-128.971626471741,22.0108023710216,-109.804029942456));
#2841=CARTESIAN_POINT('Ctrl Pts',(-128.404027330428,22.0108023710216,-110.59589474237));
#2842=CARTESIAN_POINT('Ctrl Pts',(-128.242520779142,22.0108023710216,-111.357796279012));
#2843=CARTESIAN_POINT('Ctrl Pts',(-128.286206345259,22.0108023710216,-111.902428163137));
#2844=CARTESIAN_POINT('Ctrl Pts',(-128.351904537653,22.0108023710216,-112.310719583364));
#2845=CARTESIAN_POINT('Ctrl Pts',(-128.580372210437,22.0108023710216,-112.899910554399));
#2846=CARTESIAN_POINT('Ctrl Pts',(-129.109303676677,22.0108023710216,-113.529700679037));
#2847=CARTESIAN_POINT('Ctrl Pts',(-129.706010682866,22.0108023710216,-113.897717602955));
#2848=CARTESIAN_POINT('Ctrl Pts',(-130.272199710154,22.0108023710216,-114.067547469313));
#2849=CARTESIAN_POINT('Ctrl Pts',(-130.595445895421,22.0108023710216,-114.10359391894));
#2850=CARTESIAN_POINT('Ctrl Pts',(-130.770905430848,22.0108023710216,-114.10359391894));
#2851=CARTESIAN_POINT('',(-130.578905430848,22.4144413932937,-113.90359391894));
#2852=CARTESIAN_POINT('',(-130.2938511573,22.5108023710216,-113.545865583792));
#2853=CARTESIAN_POINT('Ctrl Pts',(-130.578761987094,22.4143702290541,-113.903418938248));
#2854=CARTESIAN_POINT('Ctrl Pts',(-130.561975290072,22.4267891009001,-113.885167259691));
#2855=CARTESIAN_POINT('Ctrl Pts',(-130.544881788818,22.4378603630298,-113.866161805167));
#2856=CARTESIAN_POINT('Ctrl Pts',(-130.527682978813,22.4476430642864,-113.846576047909));
#2857=CARTESIAN_POINT('Ctrl Pts',(-130.515842519548,22.4543779299951,-113.83309230334));
#2858=CARTESIAN_POINT('Ctrl Pts',(-130.503951561317,22.4605018214108,-113.819332380755));
#2859=CARTESIAN_POINT('Ctrl Pts',(-130.49206816897,22.466029234487,-113.805341996751));
#2860=CARTESIAN_POINT('Ctrl Pts',(-130.475024881924,22.4739567088083,-113.785276839976));
#2861=CARTESIAN_POINT('Ctrl Pts',(-130.457998350659,22.4806598742798,-113.76473819078));
#2862=CARTESIAN_POINT('Ctrl Pts',(-130.44113484009,22.486290593096,-113.743841554688));
#2863=CARTESIAN_POINT('Ctrl Pts',(-130.44021655681,22.4865972074824,-113.742703652146));
#2864=CARTESIAN_POINT('Ctrl Pts',(-130.439298750311,22.4869006320632,-113.741564683445));
#2865=CARTESIAN_POINT('Ctrl Pts',(-130.438381441938,22.4872008880436,-113.74042466574));
#2866=CARTESIAN_POINT('Ctrl Pts',(-130.41955173971,22.4933642796255,-113.717023381563));
#2867=CARTESIAN_POINT('Ctrl Pts',(-130.400846792548,22.498221706991,-113.693081959325));
#2868=CARTESIAN_POINT('Ctrl Pts',(-130.382393833632,22.5018970083766,-113.668735238055));
#2869=CARTESIAN_POINT('Ctrl Pts',(-130.376281446892,22.5031144209097,-113.660670592329));
#2870=CARTESIAN_POINT('Ctrl Pts',(-130.37019645098,22.5042017896336,-113.652561427597));
#2871=CARTESIAN_POINT('Ctrl Pts',(-130.364142693182,22.5051626428907,-113.644412582004));
#2872=CARTESIAN_POINT('Ctrl Pts',(-130.345574850525,22.5081097333903,-113.619418770251));
#2873=CARTESIAN_POINT('Ctrl Pts',(-130.327303532262,22.5098693937965,-113.594051238431));
#2874=CARTESIAN_POINT('Ctrl Pts',(-130.309422029361,22.5105178921326,-113.568432960596));
#2875=CARTESIAN_POINT('Ctrl Pts',(-130.305157901999,22.510672536824,-113.562323876808));
#2876=CARTESIAN_POINT('Ctrl Pts',(-130.300915779848,22.5107638311006,-113.556200568374));
#2877=CARTESIAN_POINT('Ctrl Pts',(-130.29669661556,22.5107925114873,-113.550064789579));
#2878=CARTESIAN_POINT('Ctrl Pts',(-130.295729336316,22.5107990867095,-113.548658110183));
#2879=CARTESIAN_POINT('Ctrl Pts',(-130.294763175575,22.5108023710216,-113.547250666115));
#2880=CARTESIAN_POINT('Ctrl Pts',(-130.293798143543,22.5108023710216,-113.54584247907));
#2881=CARTESIAN_POINT('',(-132.7131770957,22.5108023710216,-111.126539645391));
#2882=CARTESIAN_POINT('Ctrl Pts',(-130.293853496326,22.5108023710216,-113.545856047657));
#2883=CARTESIAN_POINT('Ctrl Pts',(-130.204586525422,22.5108023710216,-113.523975443826));
#2884=CARTESIAN_POINT('Ctrl Pts',(-129.896031914461,22.5108023710216,-113.424733775223));
#2885=CARTESIAN_POINT('Ctrl Pts',(-129.441624027511,22.5108023710216,-113.144479327018));
#2886=CARTESIAN_POINT('Ctrl Pts',(-129.018478854519,22.5108023710216,-112.640647227307));
#2887=CARTESIAN_POINT('Ctrl Pts',(-128.835704716292,22.5108023710216,-112.169294450479));
#2888=CARTESIAN_POINT('Ctrl Pts',(-128.783146162377,22.5108023710216,-111.842661314297));
#2889=CARTESIAN_POINT('Ctrl Pts',(-128.748197709483,22.5108023710216,-111.406955806998));
#2890=CARTESIAN_POINT('Ctrl Pts',(-128.877402950512,22.5108023710216,-110.797434577684));
#2891=CARTESIAN_POINT('Ctrl Pts',(-129.331482263562,22.5108023710216,-110.163942737753));
#2892=CARTESIAN_POINT('Ctrl Pts',(-129.87300857512,22.5108023710216,-109.776017064938));
#2893=CARTESIAN_POINT('Ctrl Pts',(-130.409334039303,22.5108023710216,-109.615393131232));
#2894=CARTESIAN_POINT('Ctrl Pts',(-130.845971002015,22.5108023710216,-109.596393578888));
#2895=CARTESIAN_POINT('Ctrl Pts',(-131.284133083892,22.5108023710216,-109.648155967376));
#2896=CARTESIAN_POINT('Ctrl Pts',(-131.808467945653,22.5108023710216,-109.851113288151));
#2897=CARTESIAN_POINT('Ctrl Pts',(-132.311538858386,22.5108023710216,-110.274376783567));
#2898=CARTESIAN_POINT('Ctrl Pts',(-132.592105728666,22.5108023710216,-110.728716424772));
#2899=CARTESIAN_POINT('Ctrl Pts',(-132.691298633924,22.5108023710216,-111.037275194111));
#2900=CARTESIAN_POINT('Ctrl Pts',(-132.713169434436,22.5108023710216,-111.126541524574));
#2901=CARTESIAN_POINT('',(-133.070905418752,22.4144414015206,-111.411593907812));
#2902=CARTESIAN_POINT('Ctrl Pts',(-132.713156827119,22.5108023710216,-111.126490070365));
#2903=CARTESIAN_POINT('Ctrl Pts',(-132.714564881041,22.5108023710216,-111.127455112786));
#2904=CARTESIAN_POINT('Ctrl Pts',(-132.715972192912,22.5107990867093,-111.128421284019));
#2905=CARTESIAN_POINT('Ctrl Pts',(-132.71737874075,22.5107925114873,-111.129388573611));
#2906=CARTESIAN_POINT('Ctrl Pts',(-132.743109335085,22.5106722280782,-111.147083624866));
#2907=CARTESIAN_POINT('Ctrl Pts',(-132.768619995895,22.5094533957068,-111.165185413675));
#2908=CARTESIAN_POINT('Ctrl Pts',(-132.793786009651,22.5070683666479,-111.183609239917));
#2909=CARTESIAN_POINT('Ctrl Pts',(-132.79978387997,22.5064999375299,-111.188000230149));
#2910=CARTESIAN_POINT('Ctrl Pts',(-132.805762213425,22.5058651051436,-111.192409349043));
#2911=CARTESIAN_POINT('Ctrl Pts',(-132.811719373703,22.5051626428912,-111.196835149492));
#2912=CARTESIAN_POINT('Ctrl Pts',(-132.836319593779,22.5022618100782,-111.215111586586));
#2913=CARTESIAN_POINT('Ctrl Pts',(-132.860558822725,22.49821079551,-111.233675031406));
#2914=CARTESIAN_POINT('Ctrl Pts',(-132.884303446411,22.4928993275065,-111.252408833913));
#2915=CARTESIAN_POINT('Ctrl Pts',(-132.892167889768,22.4911401191989,-111.258613646025));
#2916=CARTESIAN_POINT('Ctrl Pts',(-132.899978054634,22.4892423124634,-111.264836885276));
#2917=CARTESIAN_POINT('Ctrl Pts',(-132.907728938427,22.487200890038,-111.271073547389));
#2918=CARTESIAN_POINT('Ctrl Pts',(-132.928665025377,22.4816867579021,-111.287919536026));
#2919=CARTESIAN_POINT('Ctrl Pts',(-132.94924909518,22.4751072346314,-111.304935698494));
#2920=CARTESIAN_POINT('Ctrl Pts',(-132.96936659192,22.4673126234351,-111.321977246641));
#2921=CARTESIAN_POINT('Ctrl Pts',(-132.970461375638,22.4668884447442,-111.322904638836));
#2922=CARTESIAN_POINT('Ctrl Pts',(-132.971554772559,22.4664606576365,-111.323832099566));
#2923=CARTESIAN_POINT('Ctrl Pts',(-132.972646762355,22.466029234487,-111.324759603193));
#2924=CARTESIAN_POINT('Ctrl Pts',(-132.992969917039,22.4579999658674,-111.342021485804));
#2925=CARTESIAN_POINT('Ctrl Pts',(-133.012808450087,22.4487128811788,-111.35930052778));
#2926=CARTESIAN_POINT('Ctrl Pts',(-133.032016685447,22.4381206009421,-111.376414451542));
#2927=CARTESIAN_POINT('Ctrl Pts',(-133.045238713911,22.4308293829743,-111.388194856293));
#2928=CARTESIAN_POINT('Ctrl Pts',(-133.058161549724,22.4229192696035,-111.399896447735));
#2929=CARTESIAN_POINT('Ctrl Pts',(-133.070726221358,22.4143702372931,-111.411452078877));
#2930=CARTESIAN_POINT('',(-133.270905374969,22.0108023710216,-111.60359391894));
#2931=CARTESIAN_POINT('Ctrl Pts',(-133.070905418471,22.414441401712,-111.411593907553));
#2932=CARTESIAN_POINT('Ctrl Pts',(-133.088778770485,22.4022849262113,-111.428037391317));
#2933=CARTESIAN_POINT('Ctrl Pts',(-133.105424070305,22.3890921493799,-111.443512954943));
#2934=CARTESIAN_POINT('Ctrl Pts',(-133.120861450855,22.3749916273349,-111.458008654902));
#2935=CARTESIAN_POINT('Ctrl Pts',(-133.136669033077,22.3605529626371,-111.47285197422));
#2936=CARTESIAN_POINT('Ctrl Pts',(-133.151210066729,22.3451616446173,-111.486668674181));
#2937=CARTESIAN_POINT('Ctrl Pts',(-133.164506130558,22.3289111346752,-111.499414421546));
#2938=CARTESIAN_POINT('Ctrl Pts',(-133.176244847178,22.3145640216064,-111.510667279409));
#2939=CARTESIAN_POINT('Ctrl Pts',(-133.187013156026,22.29954612042,-111.521085253162));
#2940=CARTESIAN_POINT('Ctrl Pts',(-133.196825890098,22.2839020471247,-111.530610425409));
#2941=CARTESIAN_POINT('Ctrl Pts',(-133.200700384274,22.2777250866147,-111.53437137767));
#2942=CARTESIAN_POINT('Ctrl Pts',(-133.204441650257,22.2714254928075,-111.538007984263));
#2943=CARTESIAN_POINT('Ctrl Pts',(-133.208045291082,22.2650027757,-111.541512046329));
#2944=CARTESIAN_POINT('Ctrl Pts',(-133.217841783816,22.2475426278857,-111.551037834339));
#2945=CARTESIAN_POINT('Ctrl Pts',(-133.226621194887,22.229171202484,-111.559586901989));
#2946=CARTESIAN_POINT('Ctrl Pts',(-133.234295181389,22.2099131911234,-111.567099943543));
#2947=CARTESIAN_POINT('Ctrl Pts',(-133.24168560575,22.1913667842128,-111.574335370046));
#2948=CARTESIAN_POINT('Ctrl Pts',(-133.248050789218,22.171996979069,-111.58060968467));
#2949=CARTESIAN_POINT('Ctrl Pts',(-133.253311819223,22.1518512042226,-111.585831900429));
#2950=CARTESIAN_POINT('Ctrl Pts',(-133.259225406965,22.1292066256741,-111.591701859557));
#2951=CARTESIAN_POINT('Ctrl Pts',(-133.263623810464,22.1060245008711,-111.596128921811));
#2952=CARTESIAN_POINT('Ctrl Pts',(-133.266543816485,22.0824590634143,-111.599101984955));
#2953=CARTESIAN_POINT('Ctrl Pts',(-133.269182107501,22.0611671614504,-111.601788214274));
#2954=CARTESIAN_POINT('Ctrl Pts',(-133.270613504435,22.0395613458715,-111.603286660217));
#2955=CARTESIAN_POINT('Ctrl Pts',(-133.270865142709,22.0177840273513,-111.603551465762));
#2956=CARTESIAN_POINT('Ctrl Pts',(-133.270892012481,22.0154586593931,-111.603579741527));
#2957=CARTESIAN_POINT('Ctrl Pts',(-133.270905430848,22.0131313732546,-111.60359391894));
#2958=CARTESIAN_POINT('Ctrl Pts',(-133.270905430848,22.0108023710216,-111.60359391894));
#2959=CARTESIAN_POINT('',(-130.770905430848,22.0108023710216,-114.10359386306));
#2960=CARTESIAN_POINT('Ctrl Pts',(-133.270905430848,22.0108023710216,-111.60359391894));
#2961=CARTESIAN_POINT('Ctrl Pts',(-133.270905430848,22.0108023710216,-111.428134383512));
#2962=CARTESIAN_POINT('Ctrl Pts',(-133.234830688979,22.0108023710216,-111.104897436026));
#2963=CARTESIAN_POINT('Ctrl Pts',(-133.065125253137,22.0108023710216,-110.538691275017));
#2964=CARTESIAN_POINT('Ctrl Pts',(-132.69669721527,22.0108023710216,-109.942072499724));
#2965=CARTESIAN_POINT('Ctrl Pts',(-132.067858574355,22.0108023710216,-109.412993130454));
#2966=CARTESIAN_POINT('Ctrl Pts',(-131.412439997153,22.0108023710216,-109.159296479485));
#2967=CARTESIAN_POINT('Ctrl Pts',(-130.864737394807,22.0108023710216,-109.094593493875));
#2968=CARTESIAN_POINT('Ctrl Pts',(-130.318941191417,22.0108023710216,-109.118342934305));
#2969=CARTESIAN_POINT('Ctrl Pts',(-129.648534361188,22.0108023710216,-109.319122851437));
#2970=CARTESIAN_POINT('Ctrl Pts',(-128.971626471741,22.0108023710216,-109.804029942456));
#2971=CARTESIAN_POINT('Ctrl Pts',(-128.404027330428,22.0108023710216,-110.59589474237));
#2972=CARTESIAN_POINT('Ctrl Pts',(-128.242520779142,22.0108023710216,-111.357796279012));
#2973=CARTESIAN_POINT('Ctrl Pts',(-128.286206345259,22.0108023710216,-111.902428163137));
#2974=CARTESIAN_POINT('Ctrl Pts',(-128.351904537653,22.0108023710216,-112.310719583364));
#2975=CARTESIAN_POINT('Ctrl Pts',(-128.580372210437,22.0108023710216,-112.899910554399));
#2976=CARTESIAN_POINT('Ctrl Pts',(-129.109303676677,22.0108023710216,-113.529700679037));
#2977=CARTESIAN_POINT('Ctrl Pts',(-129.706010682866,22.0108023710216,-113.897717602955));
#2978=CARTESIAN_POINT('Ctrl Pts',(-130.272199710154,22.0108023710216,-114.067547469313));
#2979=CARTESIAN_POINT('Ctrl Pts',(-130.595445895421,22.0108023710216,-114.10359391894));
#2980=CARTESIAN_POINT('Ctrl Pts',(-130.770905430848,22.0108023710216,-114.10359391894));
#2981=CARTESIAN_POINT('Ctrl Pts',(-130.770905430848,22.0108023710216,-114.10359391894));
#2982=CARTESIAN_POINT('Ctrl Pts',(-130.770905430848,22.0649114049027,-114.10359391894));
#2983=CARTESIAN_POINT('Ctrl Pts',(-130.763632737898,22.1177567403918,-114.096354462548));
#2984=CARTESIAN_POINT('Ctrl Pts',(-130.733931445955,22.2189587657375,-114.066389185049));
#2985=CARTESIAN_POINT('Ctrl Pts',(-130.711871073087,22.2646289154271,-114.044006665502));
#2986=CARTESIAN_POINT('Ctrl Pts',(-130.653923235934,22.349670541357,-113.983953960852));
#2987=CARTESIAN_POINT('Ctrl Pts',(-130.617456810092,22.3859408070301,-113.945497592032));
#2988=CARTESIAN_POINT('Ctrl Pts',(-130.578905430848,22.4144413932937,-113.90359391894));
#2989=CARTESIAN_POINT('Origin',(-130.770905430848,17.5108023710216,-111.60359391894));
#2990=CARTESIAN_POINT('',(-133.270905374969,13.0108023710216,-111.60359391894));
#2991=CARTESIAN_POINT('',(-133.270905374969,17.5108023710216,-111.60359391894));
#2992=CARTESIAN_POINT('',(-130.770905430848,13.0108023710216,-114.10359386306));
#2993=CARTESIAN_POINT('Origin',(-130.770905430848,13.0108023710216,-111.60359391894));
#2994=CARTESIAN_POINT('',(-130.770905430848,17.5108023710216,-114.10359386306));
#2995=CARTESIAN_POINT('Ctrl Pts',(-133.070905418471,22.414441401712,-111.411593907553));
#2996=CARTESIAN_POINT('Ctrl Pts',(-133.137573038296,22.414441401712,-111.411593907553));
#2997=CARTESIAN_POINT('Ctrl Pts',(-133.204238870931,22.414441401712,-111.411593907553));
#2998=CARTESIAN_POINT('Ctrl Pts',(-133.270905430848,22.414441401712,-111.411593907553));
#2999=CARTESIAN_POINT('Ctrl Pts',(-133.070905418471,22.3748942913345,-111.465087394821));
#3000=CARTESIAN_POINT('Ctrl Pts',(-133.137573038296,22.3748942913345,-111.465087394821));
#3001=CARTESIAN_POINT('Ctrl Pts',(-133.204238870931,22.3748942913345,-111.465087394821));
#3002=CARTESIAN_POINT('Ctrl Pts',(-133.270905430848,22.3748942913345,-111.465087394821));
#3003=CARTESIAN_POINT('Ctrl Pts',(-133.070905418471,22.2545403622464,-111.569181111772));
#3004=CARTESIAN_POINT('Ctrl Pts',(-133.137573038296,22.2545403622464,-111.569181111772));
#3005=CARTESIAN_POINT('Ctrl Pts',(-133.204238870931,22.2545403622464,-111.569181111772));
#3006=CARTESIAN_POINT('Ctrl Pts',(-133.270905430848,22.2545403622464,-111.569181111772));
#3007=CARTESIAN_POINT('Ctrl Pts',(-133.070905418471,22.0975398504485,-111.60359391894));
#3008=CARTESIAN_POINT('Ctrl Pts',(-133.137573038296,22.0975398504485,-111.60359391894));
#3009=CARTESIAN_POINT('Ctrl Pts',(-133.204238870931,22.0975398504485,-111.60359391894));
#3010=CARTESIAN_POINT('Ctrl Pts',(-133.270905430848,22.0975398504485,-111.60359391894));
#3011=CARTESIAN_POINT('Ctrl Pts',(-133.070905418471,22.0108023710216,-111.60359391894));
#3012=CARTESIAN_POINT('Ctrl Pts',(-133.137573038296,22.0108023710216,-111.60359391894));
#3013=CARTESIAN_POINT('Ctrl Pts',(-133.204238870931,22.0108023710216,-111.60359391894));
#3014=CARTESIAN_POINT('Ctrl Pts',(-133.270905430848,22.0108023710216,-111.60359391894));
#3015=CARTESIAN_POINT('',(-133.070905419684,22.0108023710216,-111.60359391894));
#3016=CARTESIAN_POINT('Ctrl Pts',(-133.070905419684,22.0108023710216,-111.60359391894));
#3017=CARTESIAN_POINT('Ctrl Pts',(-133.070905419684,22.1219413742783,-111.60359391894));
#3018=CARTESIAN_POINT('Ctrl Pts',(-133.07090541946,22.2806838908522,-111.557473367815));
#3019=CARTESIAN_POINT('Ctrl Pts',(-133.070905418914,22.3895538709359,-111.44490084434));
#3020=CARTESIAN_POINT('Ctrl Pts',(-133.070905418752,22.4142854219611,-111.411478487413));
#3021=CARTESIAN_POINT('Ctrl Pts',(-133.070905419684,22.0108023710216,-111.60359391894));
#3022=CARTESIAN_POINT('Ctrl Pts',(-133.137573020478,22.0108023710216,-111.60359391894));
#3023=CARTESIAN_POINT('Ctrl Pts',(-133.204238834083,22.0108023710216,-111.60359391894));
#3024=CARTESIAN_POINT('Ctrl Pts',(-133.270905374968,22.0108023710216,-111.60359391894));
#3025=CARTESIAN_POINT('Ctrl Pts',(-130.578905430848,22.4144413932937,-114.103602134336));
#3026=CARTESIAN_POINT('Ctrl Pts',(-130.578905430848,22.4144413932937,-114.036932839211));
#3027=CARTESIAN_POINT('Ctrl Pts',(-130.578905430848,22.4144413932937,-113.970264273148));
#3028=CARTESIAN_POINT('Ctrl Pts',(-130.578905430848,22.4144413932937,-113.90359391894));
#3029=CARTESIAN_POINT('Ctrl Pts',(-130.632398915267,22.3748942824738,-114.103602134336));
#3030=CARTESIAN_POINT('Ctrl Pts',(-130.632398915267,22.3748942824738,-114.036932839211));
#3031=CARTESIAN_POINT('Ctrl Pts',(-130.632398915267,22.3748942824738,-113.970264273148));
#3032=CARTESIAN_POINT('Ctrl Pts',(-130.632398915267,22.3748942824738,-113.90359391894));
#3033=CARTESIAN_POINT('Ctrl Pts',(-130.736492625904,22.2545403546524,-114.103602134336));
#3034=CARTESIAN_POINT('Ctrl Pts',(-130.736492625904,22.2545403546524,-114.036932839211));
#3035=CARTESIAN_POINT('Ctrl Pts',(-130.736492625904,22.2545403546524,-113.970264273148));
#3036=CARTESIAN_POINT('Ctrl Pts',(-130.736492625904,22.2545403546524,-113.90359391894));
#3037=CARTESIAN_POINT('Ctrl Pts',(-130.770905430848,22.0975398478109,-114.103602134336));
#3038=CARTESIAN_POINT('Ctrl Pts',(-130.770905430848,22.0975398478109,-114.036932839211));
#3039=CARTESIAN_POINT('Ctrl Pts',(-130.770905430848,22.0975398478109,-113.970264273148));
#3040=CARTESIAN_POINT('Ctrl Pts',(-130.770905430848,22.0975398478109,-113.90359391894));
#3041=CARTESIAN_POINT('Ctrl Pts',(-130.770905430848,22.0108023710216,-114.103602134336));
#3042=CARTESIAN_POINT('Ctrl Pts',(-130.770905430848,22.0108023710216,-114.036932839211));
#3043=CARTESIAN_POINT('Ctrl Pts',(-130.770905430848,22.0108023710216,-113.970264273148));
#3044=CARTESIAN_POINT('Ctrl Pts',(-130.770905430848,22.0108023710216,-113.90359391894));
#3045=CARTESIAN_POINT('',(-130.770905430848,22.0108023710216,-113.90359391894));
#3046=CARTESIAN_POINT('Ctrl Pts',(-130.770905430848,22.0108023710216,-114.103593863061));
#3047=CARTESIAN_POINT('Ctrl Pts',(-130.770905430848,22.0108023710216,-114.036927325087));
#3048=CARTESIAN_POINT('Ctrl Pts',(-130.770905430848,22.0108023710216,-113.970261516012));
#3049=CARTESIAN_POINT('Ctrl Pts',(-130.770905430848,22.0108023710216,-113.90359391894));
#3050=CARTESIAN_POINT('Ctrl Pts',(-130.770905430848,22.0108023710216,-113.90359391894));
#3051=CARTESIAN_POINT('Ctrl Pts',(-130.770905430848,22.0975398478109,-113.90359391894));
#3052=CARTESIAN_POINT('Ctrl Pts',(-130.736492625904,22.2545403546524,-113.90359391894));
#3053=CARTESIAN_POINT('Ctrl Pts',(-130.632398915267,22.3748942824738,-113.90359391894));
#3054=CARTESIAN_POINT('Ctrl Pts',(-130.578905430848,22.4144413932937,-113.90359391894));
#3055=CARTESIAN_POINT('Ctrl Pts',(-130.270905430848,22.5108023710216,-113.90359391894));
#3056=CARTESIAN_POINT('Ctrl Pts',(-130.270905430848,22.5108023710216,-113.27564984696));
#3057=CARTESIAN_POINT('Ctrl Pts',(-130.783163767741,22.5108023710216,-111.807122458933));
#3058=CARTESIAN_POINT('Ctrl Pts',(-132.233646654626,22.5108023710216,-111.103593923004));
#3059=CARTESIAN_POINT('Ctrl Pts',(-133.070905417257,22.5108023710216,-111.10359391894));
#3060=CARTESIAN_POINT('Ctrl Pts',(-130.344998099686,22.5108023710216,-113.90359391894));
#3061=CARTESIAN_POINT('Ctrl Pts',(-130.344998099686,22.5108023710216,-113.29223820145));
#3062=CARTESIAN_POINT('Ctrl Pts',(-130.843680805865,22.5108023710216,-111.862549430573));
#3063=CARTESIAN_POINT('Ctrl Pts',(-132.255764460971,22.5108023710216,-111.177686591734));
#3064=CARTESIAN_POINT('Ctrl Pts',(-133.070905417617,22.5108023710216,-111.177686587778));
#3065=CARTESIAN_POINT('Ctrl Pts',(-130.497163471465,22.482961096345,-113.90359391894));
#3066=CARTESIAN_POINT('Ctrl Pts',(-130.497163471465,22.482961096345,-113.326474787508));
#3067=CARTESIAN_POINT('Ctrl Pts',(-130.968088377907,22.482961096345,-111.976676124701));
#3068=CARTESIAN_POINT('Ctrl Pts',(-132.30141324312,22.482961096345,-111.329851963292));
#3069=CARTESIAN_POINT('Ctrl Pts',(-133.070905418355,22.482961096345,-111.329851959557));
#3070=CARTESIAN_POINT('Ctrl Pts',(-130.714606811908,22.3157158247585,-113.90359391894));
#3071=CARTESIAN_POINT('Ctrl Pts',(-130.714606811908,22.3157158247585,-113.375146261341));
#3072=CARTESIAN_POINT('Ctrl Pts',(-131.145682536366,22.3157158247585,-112.139320789358));
#3073=CARTESIAN_POINT('Ctrl Pts',(-132.366308542619,22.3157158247585,-111.54729530342));
#3074=CARTESIAN_POINT('Ctrl Pts',(-133.070905419411,22.3157158247585,-111.5472953));
#3075=CARTESIAN_POINT('Ctrl Pts',(-130.770905430848,22.1219413742783,-113.90359391894));
#3076=CARTESIAN_POINT('Ctrl Pts',(-130.770905430848,22.1219413742783,-113.388056124407));
#3077=CARTESIAN_POINT('Ctrl Pts',(-131.191887808145,22.1219413742783,-112.181970793279));
#3078=CARTESIAN_POINT('Ctrl Pts',(-132.383521693648,22.1219413742783,-111.603593922276));
#3079=CARTESIAN_POINT('Ctrl Pts',(-133.070905419684,22.1219413742783,-111.60359391894));
#3080=CARTESIAN_POINT('Ctrl Pts',(-130.770905430848,22.0108023710216,-113.90359391894));
#3081=CARTESIAN_POINT('Ctrl Pts',(-130.770905430848,22.0108023710216,-113.387782716957));
#3082=CARTESIAN_POINT('Ctrl Pts',(-131.191689064725,22.0108023710216,-112.181492362506));
#3083=CARTESIAN_POINT('Ctrl Pts',(-132.38315715038,22.0108023710216,-111.603593922278));
#3084=CARTESIAN_POINT('Ctrl Pts',(-133.070905419684,22.0108023710216,-111.60359391894));
#3085=CARTESIAN_POINT('Ctrl Pts',(-130.770905430848,22.0108023710216,-113.90359391894));
#3086=CARTESIAN_POINT('Ctrl Pts',(-130.770905430848,22.0108023710216,-113.387782716957));
#3087=CARTESIAN_POINT('Ctrl Pts',(-131.191689064725,22.0108023710216,-112.181492362506));
#3088=CARTESIAN_POINT('Ctrl Pts',(-132.38315715038,22.0108023710216,-111.603593922278));
#3089=CARTESIAN_POINT('Ctrl Pts',(-133.070905419684,22.0108023710216,-111.60359391894));
#3090=CARTESIAN_POINT('Ctrl Pts',(-132.713344337184,22.5108023710216,-111.127779492178));
#3091=CARTESIAN_POINT('Ctrl Pts',(-132.003009861159,22.5108023710216,-111.223595679285));
#3092=CARTESIAN_POINT('Ctrl Pts',(-130.85337588912,22.5108023710216,-111.864573008522));
#3093=CARTESIAN_POINT('Ctrl Pts',(-130.360698037919,22.5108023710216,-113.041211740272));
#3094=CARTESIAN_POINT('Ctrl Pts',(-130.294429020274,22.5108023710216,-113.545941454918));
#3095=CARTESIAN_POINT('Origin',(-133.070905430848,17.5108023710216,-111.60359391894));
#3096=CARTESIAN_POINT('',(-133.070905430848,13.0108023710216,-111.60359391894));
#3097=CARTESIAN_POINT('',(-133.070905430848,17.5108023710216,-111.60359391894));
#3098=CARTESIAN_POINT('',(-131.920905430848,13.0108023710216,-111.60359391894));
#3099=CARTESIAN_POINT('Origin',(-133.070905430848,17.5108023710216,-113.90359391894));
#3100=CARTESIAN_POINT('',(-130.770905430848,13.0108023710216,-113.90359391894));
#3101=CARTESIAN_POINT('',(-130.770905430848,17.5108023710216,-113.90359391894));
#3102=CARTESIAN_POINT('Origin',(-133.070905430848,13.0108023710216,-113.90359391894));
#3103=CARTESIAN_POINT('Origin',(-130.770905430848,17.5108023710216,-114.10359386306));
#3104=CARTESIAN_POINT('',(-130.770905430848,13.0108023710216,-112.853593891));
#3105=CARTESIAN_POINT('Origin',(-130.770905430848,22.5108023710216,-111.60359391894));
#3106=CARTESIAN_POINT('Origin',(-130.770905430848,13.0108023710216,-111.60359391894));
#3107=UNCERTAINTY_MEASURE_WITH_UNIT(LENGTH_MEASURE(0.01),#3111,
'DISTANCE_ACCURACY_VALUE',
'Maximum model space distance between geometric entities at asserted c
onnectivities');
#3108=UNCERTAINTY_MEASURE_WITH_UNIT(LENGTH_MEASURE(0.01),#3111,
'DISTANCE_ACCURACY_VALUE',
'Maximum model space distance between geometric entities at asserted c
onnectivities');
#3109=(
GEOMETRIC_REPRESENTATION_CONTEXT(3)
GLOBAL_UNCERTAINTY_ASSIGNED_CONTEXT((#3107))
GLOBAL_UNIT_ASSIGNED_CONTEXT((#3111,#3113,#3114))
REPRESENTATION_CONTEXT('','3D')
);
#3110=(
GEOMETRIC_REPRESENTATION_CONTEXT(3)
GLOBAL_UNCERTAINTY_ASSIGNED_CONTEXT((#3108))
GLOBAL_UNIT_ASSIGNED_CONTEXT((#3111,#3113,#3114))
REPRESENTATION_CONTEXT('','3D')
);
#3111=(
LENGTH_UNIT()
NAMED_UNIT(*)
SI_UNIT(.MILLI.,.METRE.)
);
#3112=(
LENGTH_UNIT()
NAMED_UNIT(*)
SI_UNIT($,.METRE.)
);
#3113=(
NAMED_UNIT(*)
PLANE_ANGLE_UNIT()
SI_UNIT($,.RADIAN.)
);
#3114=(
NAMED_UNIT(*)
SI_UNIT($,.STERADIAN.)
SOLID_ANGLE_UNIT()
);
#3115=SHAPE_DEFINITION_REPRESENTATION(#3116,#3117);
#3116=PRODUCT_DEFINITION_SHAPE('',$,#3119);
#3117=SHAPE_REPRESENTATION('',(#1575),#3109);
#3118=PRODUCT_DEFINITION_CONTEXT('part definition',#3123,'design');
#3119=PRODUCT_DEFINITION('2026-08-12-17-39-30-226','Case Hackpad',#3120,
#3118);
#3120=PRODUCT_DEFINITION_FORMATION('',$,#3125);
#3121=PRODUCT_RELATED_PRODUCT_CATEGORY('Case Hackpad','Case Hackpad',(#3125));
#3122=APPLICATION_PROTOCOL_DEFINITION('international standard',
'automotive_design',2009,#3123);
#3123=APPLICATION_CONTEXT(
'Core Data for Automotive Mechanical Design Process');
#3124=PRODUCT_CONTEXT('part definition',#3123,'mechanical');
#3125=PRODUCT('2026-08-12-17-39-30-226','Case Hackpad',$,(#3124));
#3126=PRESENTATION_STYLE_ASSIGNMENT((#3141));
#3127=PRESENTATION_STYLE_ASSIGNMENT((#3142));
#3128=PRESENTATION_STYLE_ASSIGNMENT((#3143));
#3129=PRESENTATION_STYLE_ASSIGNMENT((#3144));
#3130=PRESENTATION_STYLE_ASSIGNMENT((#3145));
#3131=PRESENTATION_STYLE_ASSIGNMENT((#3146));
#3132=PRESENTATION_STYLE_ASSIGNMENT((#3147));
#3133=PRESENTATION_STYLE_ASSIGNMENT((#3148));
#3134=PRESENTATION_STYLE_ASSIGNMENT((#3149));
#3135=PRESENTATION_STYLE_ASSIGNMENT((#3150));
#3136=PRESENTATION_STYLE_ASSIGNMENT((#3151));
#3137=PRESENTATION_STYLE_ASSIGNMENT((#3152));
#3138=PRESENTATION_STYLE_ASSIGNMENT((#3153));
#3139=PRESENTATION_STYLE_ASSIGNMENT((#3154));
#3140=PRESENTATION_STYLE_ASSIGNMENT((#3155));
#3141=SURFACE_STYLE_USAGE(.BOTH.,#3156);
#3142=SURFACE_STYLE_USAGE(.BOTH.,#3157);
#3143=SURFACE_STYLE_USAGE(.BOTH.,#3158);
#3144=SURFACE_STYLE_USAGE(.BOTH.,#3159);
#3145=SURFACE_STYLE_USAGE(.BOTH.,#3160);
#3146=SURFACE_STYLE_USAGE(.BOTH.,#3161);
#3147=SURFACE_STYLE_USAGE(.BOTH.,#3162);
#3148=SURFACE_STYLE_USAGE(.BOTH.,#3163);
#3149=SURFACE_STYLE_USAGE(.BOTH.,#3164);
#3150=SURFACE_STYLE_USAGE(.BOTH.,#3165);
#3151=SURFACE_STYLE_USAGE(.BOTH.,#3166);
#3152=SURFACE_STYLE_USAGE(.BOTH.,#3167);
#3153=SURFACE_STYLE_USAGE(.BOTH.,#3168);
#3154=SURFACE_STYLE_USAGE(.BOTH.,#3169);
#3155=SURFACE_STYLE_USAGE(.BOTH.,#3170);
#3156=SURFACE_SIDE_STYLE('',(#3171));
#3157=SURFACE_SIDE_STYLE('',(#3172));
#3158=SURFACE_SIDE_STYLE('',(#3173));
#3159=SURFACE_SIDE_STYLE('',(#3174));
#3160=SURFACE_SIDE_STYLE('',(#3175));
#3161=SURFACE_SIDE_STYLE('',(#3176));
#3162=SURFACE_SIDE_STYLE('',(#3177));
#3163=SURFACE_SIDE_STYLE('',(#3178));
#3164=SURFACE_SIDE_STYLE('',(#3179));
#3165=SURFACE_SIDE_STYLE('',(#3180));
#3166=SURFACE_SIDE_STYLE('',(#3181));
#3167=SURFACE_SIDE_STYLE('',(#3182));
#3168=SURFACE_SIDE_STYLE('',(#3183));
#3169=SURFACE_SIDE_STYLE('',(#3184));
#3170=SURFACE_SIDE_STYLE('',(#3185));
#3171=SURFACE_STYLE_FILL_AREA(#3186);
#3172=SURFACE_STYLE_FILL_AREA(#3187);
#3173=SURFACE_STYLE_FILL_AREA(#3188);
#3174=SURFACE_STYLE_FILL_AREA(#3189);
#3175=SURFACE_STYLE_FILL_AREA(#3190);
#3176=SURFACE_STYLE_FILL_AREA(#3191);
#3177=SURFACE_STYLE_FILL_AREA(#3192);
#3178=SURFACE_STYLE_FILL_AREA(#3193);
#3179=SURFACE_STYLE_FILL_AREA(#3194);
#3180=SURFACE_STYLE_FILL_AREA(#3195);
#3181=SURFACE_STYLE_FILL_AREA(#3196);
#3182=SURFACE_STYLE_FILL_AREA(#3197);
#3183=SURFACE_STYLE_FILL_AREA(#3198);
#3184=SURFACE_STYLE_FILL_AREA(#3199);
#3185=SURFACE_STYLE_FILL_AREA(#3200);
#3186=FILL_AREA_STYLE('Kunststoff - gl\X\E4nzend (Wei\X\DF)',(#3201));
#3187=FILL_AREA_STYLE('Opaque(229,229,229)',(#3202));
#3188=FILL_AREA_STYLE('Aluminium - eloxiert, rau (Blau)',(#3203));
#3189=FILL_AREA_STYLE('Opaque(242,242,255)',(#3204));
#3190=FILL_AREA_STYLE('Opaque(255,255,255)',(#3205));
#3191=FILL_AREA_STYLE('Opaque(211,214,211)',(#3206));
#3192=FILL_AREA_STYLE('Opaque(127,127,127)',(#3207));
#3193=FILL_AREA_STYLE('Opaque(0,191,161)',(#3208));
#3194=FILL_AREA_STYLE('Opaque(63,63,63)',(#3209));
#3195=FILL_AREA_STYLE('Opaque(244,244,244)',(#3210));
#3196=FILL_AREA_STYLE('Opaque(242,242,242)',(#3211));
#3197=FILL_AREA_STYLE('Opaque(10,74,171)',(#3212));
#3198=FILL_AREA_STYLE('Opaque(5,5,5)',(#3213));
#3199=FILL_AREA_STYLE('Opaque(204,204,204)',(#3214));
#3200=FILL_AREA_STYLE('Opaque(10,10,10)',(#3215));
#3201=FILL_AREA_STYLE_COLOUR('Kunststoff - gl\X\E4nzend (Wei\X\DF)',#3216);
#3202=FILL_AREA_STYLE_COLOUR('Opaque(229,229,229)',#3217);
#3203=FILL_AREA_STYLE_COLOUR('Aluminium - eloxiert, rau (Blau)',#3218);
#3204=FILL_AREA_STYLE_COLOUR('Opaque(242,242,255)',#3219);
#3205=FILL_AREA_STYLE_COLOUR('Opaque(255,255,255)',#3220);
#3206=FILL_AREA_STYLE_COLOUR('Opaque(211,214,211)',#3221);
#3207=FILL_AREA_STYLE_COLOUR('Opaque(127,127,127)',#3222);
#3208=FILL_AREA_STYLE_COLOUR('Opaque(0,191,161)',#3223);
#3209=FILL_AREA_STYLE_COLOUR('Opaque(63,63,63)',#3224);
#3210=FILL_AREA_STYLE_COLOUR('Opaque(244,244,244)',#3225);
#3211=FILL_AREA_STYLE_COLOUR('Opaque(242,242,242)',#3226);
#3212=FILL_AREA_STYLE_COLOUR('Opaque(10,74,171)',#3227);
#3213=FILL_AREA_STYLE_COLOUR('Opaque(5,5,5)',#3228);
#3214=FILL_AREA_STYLE_COLOUR('Opaque(204,204,204)',#3229);
#3215=FILL_AREA_STYLE_COLOUR('Opaque(10,10,10)',#3230);
#3216=COLOUR_RGB('Kunststoff - gl\X\E4nzend (Wei\X\DF)',0.964705882352941,
0.964705882352941,0.952941176470588);
#3217=COLOUR_RGB('Opaque(229,229,229)',0.898039215686275,0.898039215686275,
0.898039215686275);
#3218=COLOUR_RGB('Aluminium - eloxiert, rau (Blau)',0.349019607843137,0.584313725490196,
0.854901960784314);
#3219=COLOUR_RGB('Opaque(242,242,255)',0.949019607843137,0.949019607843137,
1.);
#3220=COLOUR_RGB('Opaque(255,255,255)',1.,1.,1.);
#3221=COLOUR_RGB('Opaque(211,214,211)',0.827450980392157,0.83921568627451,
0.827450980392157);
#3222=COLOUR_RGB('Opaque(127,127,127)',0.498039215686275,0.498039215686275,
0.498039215686275);
#3223=COLOUR_RGB('Opaque(0,191,161)',0.,0.749019607843137,0.631372549019608);
#3224=COLOUR_RGB('Opaque(63,63,63)',0.250980392156863,0.250980392156863,
0.250980392156863);
#3225=COLOUR_RGB('Opaque(244,244,244)',0.956862745098039,0.956862745098039,
0.956862745098039);
#3226=COLOUR_RGB('Opaque(242,242,242)',0.949019607843137,0.949019607843137,
0.949019607843137);
#3227=COLOUR_RGB('Opaque(10,74,171)',0.0392156862745098,0.290196078431373,
0.670588235294118);
#3228=COLOUR_RGB('Opaque(5,5,5)',0.0196078431372549,0.0196078431372549,
0.0196078431372549);
#3229=COLOUR_RGB('Opaque(204,204,204)',0.8,0.8,0.8);
#3230=COLOUR_RGB('Opaque(10,10,10)',0.0392156862745098,0.0392156862745098,
0.0392156862745098);
ENDSEC;
END-ISO-10303-21;
